,value,metric,type
0,6.12656989497597,fde,ml
1,6.908385711321093,fde,ml
2,1.1578275731768868,fde,ml
3,0.8267407078714036,fde,ml
4,0.333963863590848,fde,ml
5,5.961511267691118,fde,ml
6,0.5806570773766587,fde,ml
7,0.3191896752661827,fde,ml
8,1.8368272260149257,fde,ml
9,8.888243247643889,fde,ml
10,4.474111468195332,fde,ml
11,2.1930897882552616,fde,ml
12,3.699179084451834,fde,ml
13,7.599520002277724,fde,ml
14,3.977401780805754,fde,ml
15,9.208793579008288,fde,ml
16,2.9857378327549378,fde,ml
17,6.23214208037033,fde,ml
18,5.452632944419709,fde,ml
19,3.376267212829758,fde,ml
20,1.8082131785744455,fde,ml
21,1.212449720658107,fde,ml
22,0.38282131494205424,fde,ml
23,3.60570028280307,fde,ml
24,0.48661402992184355,fde,ml
25,0.3801079057648486,fde,ml
26,1.097639069634356,fde,ml
27,8.935274345810926,fde,ml
28,5.515074503905225,fde,ml
29,2.020790940211537,fde,ml
30,5.4313462746612275,fde,ml
31,9.428174863354098,fde,ml
32,3.0157509673382323,fde,ml
33,9.813551911011784,fde,ml
34,0.3389160921765985,fde,ml
35,2.3276411055591866,fde,ml
36,2.7030709971075466,fde,ml
37,2.008729714426686,fde,ml
38,2.5046872451549045,fde,ml
39,1.4709875702778379,fde,ml
40,0.3830770488080257,fde,ml
41,1.064699385010174,fde,ml
42,1.4660305958081026,fde,ml
43,0.3793341324898545,fde,ml
44,1.10788351505086,fde,ml
45,4.368713317886231,fde,ml
46,5.013896597480544,fde,ml
47,1.9901773401917642,fde,ml
48,6.531202674732387,fde,ml
49,4.932132889350798,fde,ml
50,0.4809405499882443,fde,ml
51,3.017705472775404,fde,ml
52,1.117459560605,fde,ml
53,2.2020687367832097,fde,ml
54,2.51459930543016,fde,ml
55,1.312758949612562,fde,ml
56,3.1890429020966664,fde,ml
57,1.7195511264295766,fde,ml
58,0.3752831914357489,fde,ml
59,1.4792727250670092,fde,ml
60,2.727005427759613,fde,ml
61,0.37131296482177195,fde,ml
62,1.5107718880180272,fde,ml
63,0.2604586768000648,fde,ml
64,3.066929912228884,fde,ml
65,1.7906266235848187,fde,ml
66,7.556600465305833,fde,ml
67,1.6238914243539466,fde,ml
68,3.1251025577567413,fde,ml
69,1.3476506843733889,fde,ml
70,1.6420853255703245,fde,ml
71,1.3608766606302491,fde,ml
72,1.495642503625749,fde,ml
73,2.4101916321869057,fde,ml
74,1.1596219132811898,fde,ml
75,4.204654578870377,fde,ml
76,2.035824457432861,fde,ml
77,0.3704574832765337,fde,ml
78,0.6262475557466068,fde,ml
79,2.7397368430651605,fde,ml
80,0.36650144763007886,fde,ml
81,1.5568755624630615,fde,ml
82,1.8745486593829261,fde,ml
83,5.584466257484926,fde,ml
84,1.8821479626010973,fde,ml
85,9.645944058222264,fde,ml
86,4.715345848174916,fde,ml
87,2.260852214624174,fde,ml
88,4.062993872026367,fde,ml
89,1.8800981766192348,fde,ml
90,1.3885406942869674,fde,ml
91,1.234052946673289,fde,ml
92,1.8833651279342043,fde,ml
93,1.1316758601833858,fde,ml
94,3.0745389556263305,fde,ml
95,1.49500523717634,fde,ml
96,0.373526196533526,fde,ml
97,1.6643820109132454,fde,ml
98,0.8440043289926852,fde,ml
99,0.36555692368599907,fde,ml
100,1.5535784296830266,fde,ml
101,1.13898535357419,fde,ml
102,4.49797699446123,fde,ml
103,2.3618132302650165,fde,ml
104,4.02931010773343,fde,ml
105,2.965622926985076,fde,ml
106,1.6624390082415048,fde,ml
107,2.4851933965248576,fde,ml
108,1.8469993164218252,fde,ml
109,2.8144395190175473,fde,ml
110,0.9864769799279993,fde,ml
111,1.3273064671438863,fde,ml
112,1.3178890936317058,fde,ml
113,4.104718083081129,fde,ml
114,1.767049350843584,fde,ml
115,0.37295335421016007,fde,ml
116,2.4063877813002055,fde,ml
117,0.75056361713104,fde,ml
118,0.36701630173108624,fde,ml
119,1.5032035913366733,fde,ml
120,1.7476702444280119,fde,ml
121,5.316447718578612,fde,ml
122,2.5173682243905735,fde,ml
123,1.8058615001773424,fde,ml
124,1.051825567215782,fde,ml
125,0.4084978225328904,fde,ml
126,4.640184111826807,fde,ml
127,2.309416531183939,fde,ml
128,3.439091546629462,fde,ml
129,0.7534210733946097,fde,ml
130,1.1371458901812714,fde,ml
131,1.8663392794981348,fde,ml
132,4.239879979300917,fde,ml
133,1.8980872071655064,fde,ml
134,0.37433165848842936,fde,ml
135,1.2800905157786406,fde,ml
136,0.8402910378276416,fde,ml
137,0.36937331436998466,fde,ml
138,0.5701014619240015,fde,ml
139,3.0170199733645826,fde,ml
140,3.5481481901912852,fde,ml
141,2.5054331421701663,fde,ml
142,1.72017385245726,fde,ml
143,0.5168355651540765,fde,ml
144,1.0329854424278218,fde,ml
145,4.595030862979538,fde,ml
146,2.8857362723221307,fde,ml
147,3.429518169358569,fde,ml
148,0.21736305623173127,fde,ml
149,0.7920526809827135,fde,ml
150,2.910041210555451,fde,ml
151,4.335167822186274,fde,ml
152,2.032022861356381,fde,ml
153,0.37368071150933313,fde,ml
154,2.2935284519539447,fde,ml
155,0.7387171338273795,fde,ml
156,0.36937331436998466,fde,ml
157,0.8040895301630657,fde,ml
158,3.2584890845660905,fde,ml
159,3.570599279999935,fde,ml
160,2.550042232247121,fde,ml
161,1.3055178665683316,fde,ml
162,0.38003886588789043,fde,ml
163,1.6067704774170424,fde,ml
164,4.33394789842358,fde,ml
165,3.8484049053448874,fde,ml
166,4.116417878846486,fde,ml
167,0.6842716171456089,fde,ml
168,0.6506766542710425,fde,ml
169,0.974792437233995,fde,ml
170,3.2101787017156087,fde,ml
171,5.028244525018753,fde,ml
172,2.118113815723776,fde,ml
173,0.3737632137256795,fde,ml
174,2.390954085648709,fde,ml
175,0.93100384033323,fde,ml
176,0.36937331436998466,fde,ml
177,0.3409971973700241,fde,ml
178,3.757335732353815,fde,ml
179,4.16130762213635,fde,ml
180,2.5319625860740866,fde,ml
181,2.644766261174471,fde,ml
182,1.7376933555957788,fde,ml
183,1.61785408537951,fde,ml
184,5.867098395161888,fde,ml
185,3.564247110215567,fde,ml
186,4.006675023298615,fde,ml
187,1.0264754918664187,fde,ml
188,2.7373124823334893,fde,ml
189,3.047661841159548,fde,ml
190,2.4631058432856054,fde,ml
191,3.1563120620336367,fde,ml
192,1.3468113630382155,fde,ml
193,0.37180657960814817,fde,ml
194,1.138016574605213,fde,ml
195,2.189340797606159,fde,ml
196,0.36937331436998466,fde,ml
197,1.3825017556827155,fde,ml
198,2.1853390148621616,fde,ml
199,4.113894706364315,fde,ml
200,2.5337961614437536,fde,ml
201,3.1350704267740483,fde,ml
202,0.9959088949784743,fde,ml
203,2.5461953500511427,fde,ml
204,5.5588034171430705,fde,ml
205,2.2296693771535434,fde,ml
206,2.551363532723853,fde,ml
207,0.34650630443829955,fde,ml
208,4.00866877644127,fde,ml
209,2.9385165176267156,fde,ml
210,2.1660760251346516,fde,ml
211,4.087408495843154,fde,ml
212,1.337844816128607,fde,ml
213,0.3729531534065384,fde,ml
214,1.3051935949396092,fde,ml
215,2.3161889793832775,fde,ml
216,0.36937331436998466,fde,ml
217,1.5391876120125414,fde,ml
218,2.363739128397767,fde,ml
219,4.376500966370214,fde,ml
220,2.688048357563199,fde,ml
221,2.1347556922978956,fde,ml
222,0.8460035890220934,fde,ml
223,2.642770866098184,fde,ml
224,6.303482059170773,fde,ml
225,2.0701172038051214,fde,ml
226,2.689362826200317,fde,ml
227,0.2897434984677979,fde,ml
228,4.124160265998378,fde,ml
229,2.2507549182943656,fde,ml
230,2.561842224454671,fde,ml
231,3.8764834854805392,fde,ml
232,1.1300216075599083,fde,ml
233,0.3724610496039073,fde,ml
234,1.8329638186009876,fde,ml
235,1.769036089539945,fde,ml
236,0.36937331436998466,fde,ml
237,1.0185291600293027,fde,ml
238,1.0541869732939153,fde,ml
239,2.9020172542160942,fde,ml
240,2.6326223358255993,fde,ml
241,1.303269278740724,fde,ml
242,0.9356678293569437,fde,ml
243,0.26959402168465924,fde,ml
244,7.4691237633155785,fde,ml
245,2.373140638041747,fde,ml
246,3.616623521659086,fde,ml
247,0.29601769020171514,fde,ml
248,3.708403936307248,fde,ml
249,4.257954016664864,fde,ml
250,2.3637943147113316,fde,ml
251,3.033318404981739,fde,ml
252,0.7896048406680316,fde,ml
253,0.37218140108207914,fde,ml
254,1.362145534848308,fde,ml
255,1.7241817028009079,fde,ml
256,0.36937331436998466,fde,ml
257,1.732211621526501,fde,ml
258,0.5970932377975173,fde,ml
259,2.274796952385421,fde,ml
260,2.4534649932665618,fde,ml
261,1.643244998667184,fde,ml
262,1.5048772559963488,fde,ml
263,1.9507948444664243,fde,ml
264,8.045739218917861,fde,ml
265,1.7824689543942618,fde,ml
266,3.6028040801162913,fde,ml
267,0.35119563114088165,fde,ml
268,4.296211021354095,fde,ml
269,4.683479792377758,fde,ml
270,1.9828156212557337,fde,ml
271,3.631747100747073,fde,ml
272,0.5192326187748151,fde,ml
273,0.36911880862929086,fde,ml
274,1.429000813857078,fde,ml
275,1.8275840440282258,fde,ml
276,0.36937331436998466,fde,ml
277,2.7994182790650917,fde,ml
278,0.6730442352223479,fde,ml
279,2.071439388786177,fde,ml
280,2.278042954170764,fde,ml
281,1.1090978870995043,fde,ml
282,1.5283583124818152,fde,ml
283,2.2054018096494357,fde,ml
284,8.847764552512366,fde,ml
285,1.8742972251672265,fde,ml
286,3.857802296844876,fde,ml
287,0.4130517860712966,fde,ml
288,4.244369165273647,fde,ml
289,1.9664027206227912,fde,ml
290,1.3574807650596452,fde,ml
291,2.3249795956821093,fde,ml
292,0.7025271936236613,fde,ml
293,0.3694288570199378,fde,ml
294,1.0619198981069204,fde,ml
295,1.0605491266062288,fde,ml
296,0.36937331436998466,fde,ml
297,3.666132380346585,fde,ml
298,1.9335608536046869,fde,ml
299,2.8424392025557625,fde,ml
300,2.667326116891392,fde,ml
301,3.355721270254594,fde,ml
302,1.398221530905488,fde,ml
303,2.5687461620159304,fde,ml
304,8.500843295035603,fde,ml
305,1.9150351392443483,fde,ml
306,4.08516626648288,fde,ml
307,0.47916136820959104,fde,ml
308,0.8730752692048345,fde,ml
309,2.6888765922292266,fde,ml
310,1.1753994435925312,fde,ml
311,2.9343343842009526,fde,ml
312,0.37473755857334456,fde,ml
313,0.46019262762129026,fde,ml
314,1.310254080035478,fde,ml
315,1.0762223319998938,fde,ml
316,0.36937331436998466,fde,ml
317,4.452390054978072,fde,ml
318,1.9768052254033899,fde,ml
319,1.8608569700203443,fde,ml
320,2.700334186148825,fde,ml
321,2.994441021579418,fde,ml
322,1.0916589512426351,fde,ml
323,2.6955931983650556,fde,ml
324,9.132536213375133,fde,ml
325,2.071878493116418,fde,ml
326,4.638513260993349,fde,ml
327,0.48887226117017735,fde,ml
328,1.0250686174711297,fde,ml
329,2.815470318940897,fde,ml
330,1.4626782808892351,fde,ml
331,2.2398367033585878,fde,ml
332,0.20588275010162696,fde,ml
333,0.3733905238267393,fde,ml
334,0.9753385786627841,fde,ml
335,1.2812306091559014,fde,ml
336,0.36937331436998466,fde,ml
337,4.158838583131372,fde,ml
338,1.6622971370318547,fde,ml
339,2.1330220255409458,fde,ml
340,2.643934888475756,fde,ml
341,2.9845339578166192,fde,ml
342,1.0932598041038804,fde,ml
343,2.2139988473548224,fde,ml
344,9.34160581004537,fde,ml
345,2.037534301928477,fde,ml
346,3.9180088417544323,fde,ml
347,0.47567777187673627,fde,ml
348,0.9428210250939791,fde,ml
349,3.151656032194997,fde,ml
350,1.7258582265045053,fde,ml
351,1.4922919064250755,fde,ml
352,0.30572258482139114,fde,ml
353,0.4624018022003876,fde,ml
354,0.5853875559111711,fde,ml
355,1.775842259275426,fde,ml
356,0.36937331436998466,fde,ml
357,3.6166304375948504,fde,ml
358,1.3983609235748011,fde,ml
359,2.7175432175246668,fde,ml
360,2.3325967802692213,fde,ml
361,3.152176562241136,fde,ml
362,1.715572989942327,fde,ml
363,1.8828889089223142,fde,ml
364,9.520901451009097,fde,ml
365,1.9568054303208875,fde,ml
366,3.447645002099877,fde,ml
367,0.6647883002022931,fde,ml
368,1.0715109461220207,fde,ml
369,3.168273963491401,fde,ml
370,1.811569633378179,fde,ml
371,1.1886488647829212,fde,ml
372,0.8913451087986348,fde,ml
373,0.46394030305372974,fde,ml
374,0.8187209395221607,fde,ml
375,1.8188806814611935,fde,ml
376,0.36937331436998466,fde,ml
377,4.377410135298543,fde,ml
378,1.4704729975573192,fde,ml
379,2.0206664787441926,fde,ml
380,2.2830596843536894,fde,ml
381,2.8595088710094414,fde,ml
382,1.6186566740113641,fde,ml
383,1.704815877993735,fde,ml
384,10.249227406504568,fde,ml
385,1.900262578319679,fde,ml
386,4.000339263422779,fde,ml
387,0.6915938959797924,fde,ml
388,1.1435176680677457,fde,ml
389,2.6893870412575054,fde,ml
390,2.9790569832085994,fde,ml
391,2.873966264515229,fde,ml
392,1.053554684537245,fde,ml
393,0.46692009710798926,fde,ml
394,2.6961387391552494,fde,ml
395,0.7602815935685197,fde,ml
396,0.36937331436998466,fde,ml
397,3.0664894303912145,fde,ml
398,2.1179519044599164,fde,ml
399,1.0170742929017567,fde,ml
400,2.216133197646938,fde,ml
401,1.2010278774047796,fde,ml
402,0.7523714424430807,fde,ml
403,1.1965165640297013,fde,ml
404,12.021371370080093,fde,ml
405,2.9068726257514395,fde,ml
406,5.877246179995084,fde,ml
407,1.0901991165725124,fde,ml
408,0.8184066543542166,fde,ml
409,4.914923699115892,fde,ml
410,2.4106288468011643,fde,ml
411,2.428572549610227,fde,ml
412,2.7017260829125838,fde,ml
413,1.4912695186687666,fde,ml
414,0.4677144105831103,fde,ml
415,2.9523878574359106,fde,ml
416,0.7470082050565701,fde,ml
417,0.36937331436998466,fde,ml
418,3.6029192261344396,fde,ml
419,1.8316534445297945,fde,ml
420,1.0933720764591264,fde,ml
421,2.239633753647332,fde,ml
422,1.0927014553810512,fde,ml
423,1.3209781637254447,fde,ml
424,1.3311743754936844,fde,ml
425,12.831901042058808,fde,ml
426,2.5014090586682642,fde,ml
427,6.2905615316494,fde,ml
428,1.6416959232270074,fde,ml
429,2.0218769987871426,fde,ml
430,3.126058658343355,fde,ml
431,1.537266126132355,fde,ml
432,0.8651683946476284,fde,ml
433,2.4405958856175807,fde,ml
434,1.6889260471297294,fde,ml
435,0.4650816816069899,fde,ml
436,2.2839550556278487,fde,ml
437,1.0235361053051424,fde,ml
438,0.36937331436998466,fde,ml
439,2.1344987084163836,fde,ml
440,0.8761291965452014,fde,ml
441,1.0050680872499,fde,ml
442,2.324848286607129,fde,ml
443,1.5132126815671305,fde,ml
444,0.9684893285771214,fde,ml
445,0.07596650466329914,fde,ml
446,13.144170031082513,fde,ml
447,2.0952850175496054,fde,ml
448,5.802029167415611,fde,ml
449,1.9128656230013954,fde,ml
450,1.7183367160415066,fde,ml
451,1.9055313597001438,fde,ml
452,0.9953369793471123,fde,ml
453,1.0985764992761977,fde,ml
454,3.1639802422374244,fde,ml
455,1.8096338131418996,fde,ml
456,0.4637488476535472,fde,ml
457,1.4300440161366172,fde,ml
458,1.3965550773605988,fde,ml
459,0.36937331436998466,fde,ml
460,1.3901724005346612,fde,ml
461,0.9510271714882946,fde,ml
462,1.59534380389236,fde,ml
463,2.4859491493136763,fde,ml
464,2.7053631245186613,fde,ml
465,0.6979302590300928,fde,ml
466,1.5523101642771302,fde,ml
467,13.662888016280496,fde,ml
468,1.74879962421469,fde,ml
469,5.48549894574295,fde,ml
470,2.1035128810089456,fde,ml
471,1.0762119891265576,fde,ml
472,0.9660854662104815,fde,ml
473,1.6101415412458422,fde,ml
474,1.4035586053442854,fde,ml
475,3.1534558451667927,fde,ml
476,1.770186803991672,fde,ml
477,0.46425095118765497,fde,ml
478,1.0835701658148817,fde,ml
479,1.5399469135443145,fde,ml
480,0.36937331436998466,fde,ml
481,1.3853867428280744,fde,ml
482,0.31257503164903705,fde,ml
483,1.6620942074793383,fde,ml
484,2.3905083831745695,fde,ml
485,2.72596585667006,fde,ml
486,0.7287808974535569,fde,ml
487,1.90550906493731,fde,ml
488,13.548772482586466,fde,ml
489,1.6549502970054952,fde,ml
490,5.6911173622968985,fde,ml
491,2.343202196360898,fde,ml
492,1.034040317576924,fde,ml
493,0.6926120603249454,fde,ml
494,2.33700241749086,fde,ml
495,1.098660969435049,fde,ml
496,3.1457770205362405,fde,ml
497,2.5770172269095317,fde,ml
498,0.37693443592248527,fde,ml
499,0.7166761932207957,fde,ml
500,0.8956036510862796,fde,ml
501,0.36937331436998466,fde,ml
502,0.1944802982769525,fde,ml
503,2.0875735024019364,fde,ml
504,1.803798436355063,fde,ml
505,2.5773307755492048,fde,ml
506,2.5662604855994546,fde,ml
507,0.9856839890981897,fde,ml
508,1.7825188537455967,fde,ml
509,13.216768498281919,fde,ml
510,1.061849351801093,fde,ml
511,5.620510787505678,fde,ml
512,4.316758045225426,fde,ml
513,1.2085707578384381,fde,ml
514,0.30390001086305024,fde,ml
515,1.9654053826227882,fde,ml
516,1.2185538477156246,fde,ml
517,3.175450119807934,fde,ml
518,2.690054913199749,fde,ml
519,0.37175039514821545,fde,ml
520,1.1404392759157904,fde,ml
521,1.179978889372902,fde,ml
522,0.36937331436998466,fde,ml
523,0.5459962942020538,fde,ml
524,2.5210102210127325,fde,ml
525,1.8391383106042265,fde,ml
526,2.560090590662231,fde,ml
527,2.5036689052697567,fde,ml
528,1.1317105109671965,fde,ml
529,1.6826880167531935,fde,ml
530,1.5632303345378553,fde,ml
531,8.30886212469281,fde,ml
532,1.1203451993025364,fde,ml
533,0.2844799485082062,fde,ml
534,2.3112843267614473,fde,ml
535,1.4501117894911255,fde,ml
536,2.748370185780202,fde,ml
537,0.957066026444795,fde,ml
538,0.37078715861422146,fde,ml
539,1.6946419993438697,fde,ml
540,1.456392006467782,fde,ml
541,0.36937331436998466,fde,ml
542,0.5226499549734236,fde,ml
543,2.523397967101178,fde,ml
544,2.391806366092473,fde,ml
545,2.3988899244523636,fde,ml
546,3.159319999200775,fde,ml
547,1.291820440279599,fde,ml
548,1.3667337471358785,fde,ml
549,1.2554438350243264,fde,ml
550,8.144222264418211,fde,ml
551,0.31882516269622213,fde,ml
552,1.292676768006237,fde,ml
553,1.8450834927897612,fde,ml
554,0.8582239981468642,fde,ml
555,2.815721470275252,fde,ml
556,1.3795989902424364,fde,ml
557,0.37104325774630253,fde,ml
558,2.347109847245073,fde,ml
559,1.5504957249441864,fde,ml
560,0.36937331436998466,fde,ml
561,1.144544950735713,fde,ml
562,1.8740070424502342,fde,ml
563,2.5751744613610223,fde,ml
564,2.291788388242229,fde,ml
565,3.1806278251672078,fde,ml
566,1.2235800558736543,fde,ml
567,1.2376983184595978,fde,ml
568,2.5539358813835977,fde,ml
569,8.35952364643234,fde,ml
570,1.9689812169818033,fde,ml
571,2.1746051314660866,fde,ml
572,4.73723501661017,fde,ml
573,2.6828247176672275,fde,ml
574,0.2937730507729574,fde,ml
575,2.9942359405242054,fde,ml
576,2.896247300082412,fde,ml
577,0.46483446248671567,fde,ml
578,3.3867254575037737,fde,ml
579,2.1245905151822653,fde,ml
580,0.36937331436998466,fde,ml
581,1.0737772041090348,fde,ml
582,2.198316114727918,fde,ml
583,2.6450522107563934,fde,ml
584,1.9944954406441084,fde,ml
585,2.7038450018474043,fde,ml
586,1.0399059136117996,fde,ml
587,1.7620633253213005,fde,ml
588,2.6017950650430373,fde,ml
589,8.754698665681945,fde,ml
590,1.8887824901872987,fde,ml
591,1.915189737142139,fde,ml
592,2.597636385917192,fde,ml
593,0.3812400645541705,fde,ml
594,1.3554740721318501,fde,ml
595,4.221460047792384,fde,ml
596,3.428436392598313,fde,ml
597,0.4668633071346648,fde,ml
598,3.0354733131638048,fde,ml
599,1.4124124690838595,fde,ml
600,0.36937331436998466,fde,ml
601,2.526884420690011,fde,ml
602,2.894723622643583,fde,ml
603,0.9178102063093867,fde,ml
604,2.617536698468793,fde,ml
605,0.9332226275863826,fde,ml
606,1.9502265040662166,fde,ml
607,3.2904416807944568,fde,ml
608,4.239561958211224,fde,ml
609,10.147125643001031,fde,ml
610,1.9340241395846003,fde,ml
611,0.22863635330733967,fde,ml
612,4.014747134585546,fde,ml
613,2.406151675435082,fde,ml
614,1.5853375798734453,fde,ml
615,3.962617468948878,fde,ml
616,5.347143906485413,fde,ml
617,0.46577511038674313,fde,ml
618,2.0547398903939516,fde,ml
619,1.9918161523819484,fde,ml
620,0.36937331436998466,fde,ml
621,2.2624180008415515,fde,ml
622,2.2023706591510184,fde,ml
623,1.4147467365950268,fde,ml
624,2.657582308413095,fde,ml
625,0.741276781882311,fde,ml
626,2.475726142935782,fde,ml
627,3.9945132094721356,fde,ml
628,4.165495330227853,fde,ml
629,10.175275435865895,fde,ml
630,0.4110479840724051,fde,ml
631,0.3384445465192787,fde,ml
632,3.7673753357017716,fde,ml
633,1.8697335049467638,fde,ml
634,0.8055552323365692,fde,ml
635,0.577890187815175,fde,ml
636,6.966206147267581,fde,ml
637,0.46352601010115985,fde,ml
638,0.7186716552981283,fde,ml
639,0.48893383421450515,fde,ml
640,0.36937331436998466,fde,ml
641,2.0131338851445113,fde,ml
642,0.49985023941477613,fde,ml
643,0.7287917484216555,fde,ml
644,2.4533479777720815,fde,ml
645,0.32739092049972246,fde,ml
646,2.044926734385556,fde,ml
647,2.6397395765365057,fde,ml
648,3.0982844261426052,fde,ml
649,9.834270583480022,fde,ml
650,0.8953434048136452,fde,ml
651,0.6334740325916848,fde,ml
652,3.156057989879432,fde,ml
653,0.9827760961585504,fde,ml
654,0.1151752642213858,fde,ml
655,1.0286137158099822,fde,ml
656,8.330823591519836,fde,ml
657,0.36913453589785206,fde,ml
658,1.8189969272567592,fde,ml
659,0.5283273184612718,fde,ml
660,0.36937331436998466,fde,ml
661,1.987264907929956,fde,ml
662,0.9185120462341235,fde,ml
663,0.9023151876615347,fde,ml
664,2.4830881242585336,fde,ml
665,1.2491730950538582,fde,ml
666,1.694910566436744,fde,ml
667,1.2569393350149536,fde,ml
668,1.969471571481753,fde,ml
669,9.656909784042929,fde,ml
670,1.6885899331223329,fde,ml
671,1.2867371797990823,fde,ml
672,2.5112377306051776,fde,ml
673,2.105501616234508,fde,ml
674,0.42181621548366893,fde,ml
675,0.13413314816254301,fde,ml
676,10.424431244516038,fde,ml
677,0.37110972689459465,fde,ml
678,2.0359971652069624,fde,ml
679,0.7496867581581153,fde,ml
680,0.36937331436998466,fde,ml
681,2.4159265936301852,fde,ml
682,0.7839374868394329,fde,ml
683,0.7600694444768464,fde,ml
684,2.4786238325579206,fde,ml
685,0.9793337646909572,fde,ml
686,1.7068103116408517,fde,ml
687,1.1318421035304291,fde,ml
688,2.2744838295424343,fde,ml
689,9.786388675124245,fde,ml
690,1.3043319419778754,fde,ml
691,0.9868677938924305,fde,ml
692,3.241552051695312,fde,ml
693,2.5056747184287547,fde,ml
694,1.4612357084335872,fde,ml
695,1.6486687322155633,fde,ml
696,1.2254323057822714,fde,ml
697,0.3658101953595538,fde,ml
698,1.901983009101905,fde,ml
699,0.38115189857047627,fde,ml
700,0.36937331436998466,fde,ml
701,1.1138367224607233,fde,ml
702,1.8414665452513332,fde,ml
703,1.8895740090095647,fde,ml
704,2.2271290251895444,fde,ml
705,2.9351354205996385,fde,ml
706,1.1673484374248142,fde,ml
707,1.3048180623417949,fde,ml
708,0.5374224752387616,fde,ml
709,8.547748351568986,fde,ml
710,5.014306921299003,fde,ml
711,2.1402143193552137,fde,ml
712,1.8402653703811018,fde,ml
713,1.1065998001086923,fde,ml
714,0.9479737826882427,fde,ml
715,1.8860388228952392,fde,ml
716,2.888598939411967,fde,ml
717,0.367481882538224,fde,ml
718,2.1622764107209185,fde,ml
719,0.41838811235003204,fde,ml
720,0.36937331436998466,fde,ml
721,0.9413403341334521,fde,ml
722,0.7515617622756352,fde,ml
723,2.7197749064046812,fde,ml
724,2.0838886953991262,fde,ml
725,3.826641592776833,fde,ml
726,1.6152302176333082,fde,ml
727,2.206860514810437,fde,ml
728,0.9116101985903309,fde,ml
729,7.833582506407001,fde,ml
730,5.532536430961375,fde,ml
731,2.8557027292508903,fde,ml
732,2.5128527970431076,fde,ml
733,0.880733883924968,fde,ml
734,1.0727023030528566,fde,ml
735,0.17767602876541172,fde,ml
736,3.5311803789512752,fde,ml
737,0.3520945565696977,fde,ml
738,1.4752897676132988,fde,ml
739,0.42674126468550305,fde,ml
740,0.36937331436998466,fde,ml
741,1.208646643525554,fde,ml
742,0.8182444338004762,fde,ml
743,2.3956881019263436,fde,ml
744,1.866243761611822,fde,ml
745,3.786675207367275,fde,ml
746,1.4767332009910459,fde,ml
747,2.5064209057643057,fde,ml
748,0.25374382860588457,fde,ml
749,7.795138601859773,fde,ml
750,0.5022950117420192,fde,ml
751,0.31908540399867336,fde,ml
752,4.410691812171669,fde,ml
753,0.7151933006046892,fde,ml
754,1.7958321215650856,fde,ml
755,2.3912055743788296,fde,ml
756,6.005271529246861,fde,ml
757,0.37023870198871217,fde,ml
758,1.636549856699041,fde,ml
759,0.43853170114722684,fde,ml
760,0.36937331436998466,fde,ml
761,1.9199790923585751,fde,ml
762,0.3263578140478576,fde,ml
763,1.0687823656511959,fde,ml
764,2.0553927553839704,fde,ml
765,2.73085953643658,fde,ml
766,0.6996758270637476,fde,ml
767,1.770759223589506,fde,ml
768,3.606820600937335,fde,ml
769,8.403741101504854,fde,ml
770,1.425094555206151,fde,ml
771,0.6827959593801539,fde,ml
772,6.396820394362068,fde,ml
773,1.045402640497339,fde,ml
774,0.6008059802835434,fde,ml
775,4.571264513350337,fde,ml
776,5.123877016860254,fde,ml
777,2.6602987432714986,fde,ml
778,0.3305424476125753,fde,ml
779,0.3204017814678246,fde,ml
780,0.4703667506310012,fde,ml
781,0.25916103962944,fde,ml
782,0.83759690880149,fde,ml
783,2.2421021081289867,fde,ml
784,1.5567151452377368,fde,ml
785,0.34773422891930017,fde,ml
786,2.2429287211056836,fde,ml
787,1.430648859775936,fde,ml
788,2.218523055610601,fde,ml
789,0.23573739582542205,fde,ml
790,0.39536250481611074,fde,ml
791,0.3038628729225883,fde,ml
792,0.5493175109341228,fde,ml
793,0.31032741439999817,fde,ml
794,0.8778925999901293,fde,ml
795,1.996827576001163,fde,ml
796,3.885196393977567,fde,ml
797,0.39623035507971405,fde,ml
798,2.5341620157933047,fde,ml
799,1.1033692231249042,fde,ml
800,1.9460397848840396,fde,ml
801,0.3525514599754607,fde,ml
802,0.39390619255148523,fde,ml
803,0.28725581721819227,fde,ml
804,0.538991230152748,fde,ml
805,0.41749200483460863,fde,ml
806,0.9899855774331415,fde,ml
807,2.2673522386978147,fde,ml
808,1.1437108693351943,fde,ml
809,0.39446614140517855,fde,ml
810,2.900104060041278,fde,ml
811,3.012323856567286,fde,ml
812,1.6859200812759474,fde,ml
813,0.6002794292376606,fde,ml
814,0.3835882378044555,fde,ml
815,0.26223096902271037,fde,ml
816,0.5148106608331516,fde,ml
817,0.5206431379357046,fde,ml
818,1.0413732625295304,fde,ml
819,2.3249599094157496,fde,ml
820,1.4479921992896885,fde,ml
821,0.38504494093408587,fde,ml
822,2.6773494869036933,fde,ml
823,3.1827769607521526,fde,ml
824,1.2656648218300046,fde,ml
825,0.47687636295538316,fde,ml
826,0.37676259400996154,fde,ml
827,0.23343524217506204,fde,ml
828,0.505612597435316,fde,ml
829,0.5383900032312517,fde,ml
830,0.757240193893897,fde,ml
831,2.4228457190291346,fde,ml
832,1.3437515935328705,fde,ml
833,0.38004348683025535,fde,ml
834,1.6193589309926877,fde,ml
835,3.8116849016101058,fde,ml
836,1.3154135295783707,fde,ml
837,1.4539527685210378,fde,ml
838,0.38019843015358556,fde,ml
839,0.3844373360068403,fde,ml
840,0.45562372480922286,fde,ml
841,0.564793430541936,fde,ml
842,0.9219649433505441,fde,ml
843,2.1067428157367543,fde,ml
844,1.4727341170627113,fde,ml
845,0.3791203408174683,fde,ml
846,1.4134378543035722,fde,ml
847,4.069207073087153,fde,ml
848,1.182753821800717,fde,ml
849,1.9786870895267024,fde,ml
850,0.38180565330649774,fde,ml
851,0.40357478322260726,fde,ml
852,0.43509714127783067,fde,ml
853,0.5382281217607852,fde,ml
854,0.7599806431554509,fde,ml
855,2.3661872456270654,fde,ml
856,0.9999909752692898,fde,ml
857,0.3804249703859133,fde,ml
858,2.3159305706669504,fde,ml
859,3.5422793092372253,fde,ml
860,0.7066106026033093,fde,ml
861,0.7933058790468646,fde,ml
862,0.3839171741070603,fde,ml
863,0.37281164120876314,fde,ml
864,0.41746321335843534,fde,ml
865,0.3467468723528195,fde,ml
866,0.14434385153518597,fde,ml
867,2.221096724996761,fde,ml
868,0.7628101030420524,fde,ml
869,0.3824939175899849,fde,ml
870,3.424661705064608,fde,ml
871,2.998474635120225,fde,ml
872,1.0601497193695906,fde,ml
873,1.4761860975974284,fde,ml
874,0.3837931853564856,fde,ml
875,0.33269631863109317,fde,ml
876,0.4101472002574501,fde,ml
877,0.14007127227749577,fde,ml
878,0.821991173819337,fde,ml
879,2.3680170160027822,fde,ml
880,0.9535944260811321,fde,ml
881,0.38244377060299106,fde,ml
882,3.8224010079898987,fde,ml
883,3.022141692623828,fde,ml
884,1.28681071170671,fde,ml
885,1.6331252934328466,fde,ml
886,0.3645346715529731,fde,ml
887,0.3676426399915749,fde,ml
888,1.0197489769593935,fde,ml
889,0.1826157762338819,fde,ml
890,1.2323131016331865,fde,ml
891,2.2730251406148305,fde,ml
892,2.085520904554777,fde,ml
893,0.3839087100137059,fde,ml
894,2.5984721809046,fde,ml
895,3.203210228698777,fde,ml
896,0.6191770291790419,fde,ml
897,1.972345145614632,fde,ml
898,0.3478222187230227,fde,ml
899,0.4167869755416293,fde,ml
900,1.6004213244930918,fde,ml
901,0.4124107951240962,fde,ml
902,1.0648872296380536,fde,ml
903,2.295389530697597,fde,ml
904,1.7045784826151162,fde,ml
905,0.38383469874642556,fde,ml
906,6.801322044527726,fde,ml
907,2.703867492758324,fde,ml
908,3.139790534341048,fde,ml
909,0.774579706614899,fde,ml
910,2.1602163994798502,fde,ml
911,0.33084221582459933,fde,ml
912,0.4569322712929559,fde,ml
913,1.9124425034766215,fde,ml
914,0.4968950549095256,fde,ml
915,1.3649095882944589,fde,ml
916,2.213393166999377,fde,ml
917,3.298740509818351,fde,ml
918,0.3838353412840454,fde,ml
919,4.770016439889335,fde,ml
920,2.3159142638314267,fde,ml
921,3.0628984002914335,fde,ml
922,0.9439883213735085,fde,ml
923,1.96221659015496,fde,ml
924,0.32462518565869786,fde,ml
925,0.49657246444010905,fde,ml
926,1.970298029205837,fde,ml
927,0.7412323575065726,fde,ml
928,1.2933993009161715,fde,ml
929,2.1908054619646746,fde,ml
930,1.720014527634387,fde,ml
931,0.38382919798634463,fde,ml
932,4.357691035822556,fde,ml
933,1.874110981549987,fde,ml
934,3.5400880226313474,fde,ml
935,1.7544417694706018,fde,ml
936,1.4813620131598206,fde,ml
937,0.31876889696066546,fde,ml
938,0.5366749578535273,fde,ml
939,2.0468972055001013,fde,ml
940,1.1041355372399828,fde,ml
941,1.2309406487571317,fde,ml
942,2.203897941950963,fde,ml
943,0.6163819272254275,fde,ml
944,0.3838314600707969,fde,ml
945,4.871780465105895,fde,ml
946,1.90834421221261,fde,ml
947,3.9457461859938783,fde,ml
948,1.5482640288083922,fde,ml
949,1.624568830786977,fde,ml
950,0.310867491953125,fde,ml
951,0.57595391929115,fde,ml
952,2.1418723425637824,fde,ml
953,1.2402748460182609,fde,ml
954,1.2718159446427693,fde,ml
955,2.1302076550038214,fde,ml
956,2.7638917878771476,fde,ml
957,0.38382766217025144,fde,ml
958,4.759231441960144,fde,ml
959,3.070183855358413,fde,ml
960,2.7319486623144984,fde,ml
961,1.2414597892723098,fde,ml
962,2.4095202965022193,fde,ml
963,0.3520719358824039,fde,ml
964,0.48351359810429867,fde,ml
965,1.5645252874719564,fde,ml
966,0.5646362905154731,fde,ml
967,6.217945896200249,fde,ml
968,2.295562055403633,fde,ml
969,1.1759852811121698,fde,ml
970,0.3839212923298114,fde,ml
971,3.5684574909989064,fde,ml
972,3.0111408656766674,fde,ml
973,2.889105139844874,fde,ml
974,1.4220707567919113,fde,ml
975,2.0089630541371353,fde,ml
976,0.36988069807186313,fde,ml
977,0.46107773700771154,fde,ml
978,1.0326594174464658,fde,ml
979,0.5400863413833422,fde,ml
980,5.115955638861311,fde,ml
981,2.3623478371059,fde,ml
982,2.374222059173037,fde,ml
983,0.38391804652012995,fde,ml
984,3.5161562706878917,fde,ml
985,2.8138889676540355,fde,ml
986,3.535229906257002,fde,ml
987,1.413042452172451,fde,ml
988,1.7225944765754786,fde,ml
989,0.3985317177581966,fde,ml
990,0.4053032548768418,fde,ml
991,0.17127601535787257,fde,ml
992,0.39886273882806667,fde,ml
993,1.003948576325366,fde,ml
994,2.4114680656033016,fde,ml
995,1.0987736795911067,fde,ml
996,0.38391252910136936,fde,ml
997,3.494474103676268,fde,ml
998,2.4512151952359735,fde,ml
999,4.5112280131146,fde,ml
1000,2.0320087598336327,fde,ml
1001,1.2273411893670516,fde,ml
1002,0.42124219682816183,fde,ml
1003,0.3500688641171706,fde,ml
1004,0.8799275495492581,fde,ml
1005,0.30633146787314014,fde,ml
1006,0.5623109028792717,fde,ml
1007,2.363628947496298,fde,ml
1008,0.2804352583123006,fde,ml
1009,0.3839005921334269,fde,ml
1010,3.4911315910730623,fde,ml
1011,2.7675713372241373,fde,ml
1012,4.512899001298935,fde,ml
1013,2.4323172993747253,fde,ml
1014,2.0940084653466826,fde,ml
1015,0.4450526589327135,fde,ml
1016,0.2976175219512426,fde,ml
1017,0.9015483778483303,fde,ml
1018,0.2329124166817373,fde,ml
1019,0.5294955987368525,fde,ml
1020,2.337545963770628,fde,ml
1021,0.4384217998745352,fde,ml
1022,0.3838849550331867,fde,ml
1023,3.088802593919024,fde,ml
1024,2.719485608317114,fde,ml
1025,3.8293827262490754,fde,ml
1026,1.9508050324123107,fde,ml
1027,1.519906307280045,fde,ml
1028,0.48194856572879513,fde,ml
1029,0.24967638186825153,fde,ml
1030,0.643556742587165,fde,ml
1031,0.279661751971563,fde,ml
1032,0.39617300493351754,fde,ml
1033,2.7294078543665883,fde,ml
1034,0.28531223148165274,fde,ml
1035,0.38387610315073784,fde,ml
1036,4.317686596180258,fde,ml
1037,2.857578980908069,fde,ml
1038,3.3304138448671385,fde,ml
1039,1.7240623153772867,fde,ml
1040,1.9940847650707556,fde,ml
1041,0.48602870930800185,fde,ml
1042,0.21007179080046162,fde,ml
1043,0.5809514354389395,fde,ml
1044,0.22036850071441869,fde,ml
1045,0.3698322153597536,fde,ml
1046,2.7364364707825564,fde,ml
1047,0.3219092654354399,fde,ml
1048,0.3838674326299835,fde,ml
1049,4.378451135670297,fde,ml
1050,3.061865039737396,fde,ml
1051,3.2176191207960154,fde,ml
1052,0.17378376620985436,fde,ml
1053,2.5416665389510915,fde,ml
1054,0.4099739535863744,fde,ml
1055,0.2769779287457784,fde,ml
1056,0.5390623924212643,fde,ml
1057,0.2595251829746948,fde,ml
1058,0.3506911220224602,fde,ml
1059,2.5379311265195015,fde,ml
1060,0.3353291307613735,fde,ml
1061,0.38378134299062183,fde,ml
1062,3.790955686581422,fde,ml
1063,3.4424544545309734,fde,ml
1064,3.1921099067621914,fde,ml
1065,1.4859813896636156,fde,ml
1066,3.174178923351893,fde,ml
1067,0.32709141144780196,fde,ml
1068,0.376686004100416,fde,ml
1069,0.5095725726578916,fde,ml
1070,0.3229411811844103,fde,ml
1071,0.3337158472839045,fde,ml
1072,2.2759323871050774,fde,ml
1073,0.3264646078765669,fde,ml
1074,0.38370263169733926,fde,ml
1075,3.1707449644543697,fde,ml
1076,3.463599628563165,fde,ml
1077,2.94611245013194,fde,ml
1078,1.3976829617479023,fde,ml
1079,3.503826139687535,fde,ml
1080,0.31269659962885193,fde,ml
1081,0.39545937194410846,fde,ml
1082,0.44549230396795614,fde,ml
1083,0.3032606565245479,fde,ml
1084,0.31587755793210737,fde,ml
1085,2.1871613846922116,fde,ml
1086,0.32771459316293183,fde,ml
1087,0.3837250625143948,fde,ml
1088,2.5438838846505827,fde,ml
1089,3.288691066954642,fde,ml
1090,2.382677959377045,fde,ml
1091,1.1099285904670926,fde,ml
1092,1.7240007306722562,fde,ml
1093,0.30083586807658047,fde,ml
1094,0.3904254792079164,fde,ml
1095,0.3793698433821781,fde,ml
1096,0.2973413008996529,fde,ml
1097,0.31214508626210685,fde,ml
1098,1.8238833514296842,fde,ml
1099,0.37048615629445,fde,ml
1100,0.3838198428321703,fde,ml
1101,2.593948010415754,fde,ml
1102,2.7463051148051463,fde,ml
1103,2.4358681112620384,fde,ml
1104,0.8576918299626052,fde,ml
1105,1.3508392403944556,fde,ml
1106,0.2914513646674789,fde,ml
1107,0.40135276689884514,fde,ml
1108,0.32236277935039603,fde,ml
1109,0.30831102328158416,fde,ml
1110,0.30407991724435884,fde,ml
1111,1.7458077641979624,fde,ml
1112,0.3729934109171865,fde,ml
1113,0.3838131430748759,fde,ml
1114,2.6313647304116716,fde,ml
1115,2.5059913109738208,fde,ml
1116,3.13019598511012,fde,ml
1117,1.99602330054821,fde,ml
1118,0.9692281526987874,fde,ml
1119,0.3379308007656682,fde,ml
1120,0.36743499874903046,fde,ml
1121,0.3553168097033228,fde,ml
1122,0.3266112313538413,fde,ml
1123,0.3133367047300165,fde,ml
1124,2.1493715139982426,fde,ml
1125,0.3599402738364493,fde,ml
1126,0.3839570555072802,fde,ml
1127,2.4259106268866892,fde,ml
1128,2.0392457799432715,fde,ml
1129,4.267337354037419,fde,ml
1130,3.4794297088577593,fde,ml
1131,1.24834394789167,fde,ml
1132,0.4207004611225232,fde,ml
1133,0.32218246600572825,fde,ml
1134,0.41982010138299797,fde,ml
1135,0.33947568161698827,fde,ml
1136,0.33331851074172963,fde,ml
1137,2.392013414621435,fde,ml
1138,0.3453498641811526,fde,ml
1139,0.3840361586841183,fde,ml
1140,2.839648792246128,fde,ml
1141,13.292616226247207,fde,ml
1142,3.534485192501535,fde,ml
1143,3.966034890393817,fde,ml
1144,4.023713863145666,fde,ml
1145,5.202872049607437,fde,ml
1146,4.663765771861414,fde,ml
1147,1.2020792046197977,fde,ml
1148,1.8410667751942464,fde,ml
1149,1.565565629911628,fde,ml
1150,4.073490991003709,fde,ml
1151,0.35743176911208563,fde,ml
1152,0.6047941725817992,fde,ml
1153,0.36444350302762785,fde,ml
1154,0.33640986960842756,fde,ml
1155,0.3296092092218496,fde,ml
1156,7.2118213371282875,fde,ml
1157,0.5783801058875765,fde,ml
1158,0.43143867599757707,fde,ml
1159,0.2944350721377004,fde,ml
1160,3.79045137219385,fde,ml
1161,4.3404606710761495,fde,ml
1162,1.2792011169214228,fde,ml
1163,1.785554459186858,fde,ml
1164,0.3225047857526691,fde,ml
1165,5.6730213140724235,fde,ml
1166,2.040619077426262,fde,ml
1167,0.3438636828558449,fde,ml
1168,0.5760408509441256,fde,ml
1169,0.9971346897199651,fde,ml
1170,1.6274800034345964,fde,ml
1171,0.39951607993385074,fde,ml
1172,2.4353630684801924,fde,ml
1173,2.690462897376915,fde,ml
1174,1.6050188095473779,fde,ml
1175,0.706890246028562,fde,ml
1176,0.3984232608415096,fde,ml
1177,0.6899413447012708,fde,ml
1178,0.4114259541299494,fde,ml
1179,0.4242285044462653,fde,ml
1180,0.48311883857688986,fde,ml
1181,7.154848795339392,fde,ml
1182,0.6566667183936561,fde,ml
1183,0.4815750208903246,fde,ml
1184,0.35250381484283555,fde,ml
1185,2.0186015951901193,fde,ml
1186,1.2897502755398502,fde,ml
1187,1.9655162206542374,fde,ml
1188,0.3498168866720318,fde,ml
1189,1.9831447942946838,fde,ml
1190,0.2757766621975759,fde,ml
1191,1.4263158945394594,fde,ml
1192,0.18641367318623447,fde,ml
1193,1.283285314074398,fde,ml
1194,1.6317184349377687,fde,ml
1195,1.2965405655656719,fde,ml
1196,2.7679561179889127,fde,ml
1197,2.6641806728742004,fde,ml
1198,1.786529157783271,fde,ml
1199,1.4139518302705854,fde,ml
1200,0.35907443698297525,fde,ml
1201,0.4563895423073748,fde,ml
1202,0.39579735217968204,fde,ml
1203,0.37163418226833966,fde,ml
1204,0.36803839346964057,fde,ml
1205,4.370492192657837,fde,ml
1206,0.5021958500597068,fde,ml
1207,0.38163429665104043,fde,ml
1208,0.38773944892968737,fde,ml
1209,1.5775511751196512,fde,ml
1210,0.9668451053238627,fde,ml
1211,2.211653670595057,fde,ml
1212,0.39371810357141895,fde,ml
1213,0.8005413805371656,fde,ml
1214,1.6613427776692835,fde,ml
1215,3.4567507825739914,fde,ml
1216,0.5162000646728679,fde,ml
1217,1.8771387068121104,fde,ml
1218,2.0413082488695413,fde,ml
1219,3.11492114203911,fde,ml
1220,3.2505978740893906,fde,ml
1221,2.3234760021640266,fde,ml
1222,1.9195483314988342,fde,ml
1223,1.7555744581423984,fde,ml
1224,0.31002855363220155,fde,ml
1225,0.47995044347775456,fde,ml
1226,0.37484734140593257,fde,ml
1227,0.45547408481039436,fde,ml
1228,0.41838011186081414,fde,ml
1229,2.1591453183404044,fde,ml
1230,0.3017799772189637,fde,ml
1231,0.28815600443163064,fde,ml
1232,0.464278240180056,fde,ml
1233,2.5765849183163207,fde,ml
1234,2.959243195832505,fde,ml
1235,2.134309590451694,fde,ml
1236,0.4291798080709378,fde,ml
1237,0.812558023339356,fde,ml
1238,1.4946684404453316,fde,ml
1239,2.2744822026530676,fde,ml
1240,1.1629142368704786,fde,ml
1241,3.8794188650303316,fde,ml
1242,0.5683157556145197,fde,ml
1243,2.133839573140819,fde,ml
1244,2.910918597612156,fde,ml
1245,2.9361816378674637,fde,ml
1246,2.7122098534277743,fde,ml
1247,2.383207326629731,fde,ml
1248,2.136500056008653,fde,ml
1249,1.5659610839619809,fde,ml
1250,0.29939114201332895,fde,ml
1251,0.4966227873418311,fde,ml
1252,0.3619306678955887,fde,ml
1253,0.47679606100916894,fde,ml
1254,0.34937333436872925,fde,ml
1255,2.8560122712413025,fde,ml
1256,0.2414003278432183,fde,ml
1257,0.27112154204122957,fde,ml
1258,0.6435679380852497,fde,ml
1259,2.0347577530335124,fde,ml
1260,3.0098295507400255,fde,ml
1261,0.40697528467291677,fde,ml
1262,1.015425740075462,fde,ml
1263,2.341880435153893,fde,ml
1264,0.660712695095527,fde,ml
1265,1.5660440389977552,fde,ml
1266,0.8518734799446784,fde,ml
1267,1.2815993530748995,fde,ml
1268,1.8818740388284745,fde,ml
1269,3.228209898641564,fde,ml
1270,1.094390736115333,fde,ml
1271,1.2900382313912933,fde,ml
1272,1.020203440418523,fde,ml
1273,2.304754107664036,fde,ml
1274,0.5810318797581563,fde,ml
1275,0.3264669238030471,fde,ml
1276,0.300781917877362,fde,ml
1277,0.35196192785347985,fde,ml
1278,0.40379137324388786,fde,ml
1279,0.36442632343234516,fde,ml
1280,1.684103726758786,fde,ml
1281,0.377508702739706,fde,ml
1282,0.3209141945439433,fde,ml
1283,0.8285485268319939,fde,ml
1284,0.9952954275787725,fde,ml
1285,2.352759078404733,fde,ml
1286,0.462196622449546,fde,ml
1287,0.30815130806723917,fde,ml
1288,3.452852165619561,fde,ml
1289,1.9828262575087896,fde,ml
1290,1.0451045971082755,fde,ml
1291,1.4723581085639865,fde,ml
1292,1.8325089939037589,fde,ml
1293,2.514987427472207,fde,ml
1294,4.265712128859295,fde,ml
1295,1.2526375277714497,fde,ml
1296,0.8629656201028606,fde,ml
1297,2.429868826171385,fde,ml
1298,0.5957921238653551,fde,ml
1299,0.330571280594407,fde,ml
1300,0.291286102831903,fde,ml
1301,0.3454327649147024,fde,ml
1302,0.3668237467121999,fde,ml
1303,0.3507039805426149,fde,ml
1304,2.7610018614416334,fde,ml
1305,0.32133488603266847,fde,ml
1306,0.32580725626943413,fde,ml
1307,1.2047644403468034,fde,ml
1308,0.33641678386609253,fde,ml
1309,2.001113106047951,fde,ml
1310,0.48249166257639187,fde,ml
1311,0.2057835125925789,fde,ml
1312,3.708196186034567,fde,ml
1313,1.6606796034606632,fde,ml
1314,0.30960538586118397,fde,ml
1315,0.918254235766243,fde,ml
1316,0.642160419764927,fde,ml
1317,4.048960872062544,fde,ml
1318,0.9338658293143138,fde,ml
1319,1.8239767041342456,fde,ml
1320,2.17781701641649,fde,ml
1321,0.8725016024405147,fde,ml
1322,0.3658162326019092,fde,ml
1323,0.33474589216414596,fde,ml
1324,0.3500129422748006,fde,ml
1325,0.344066370568236,fde,ml
1326,0.3575157818501022,fde,ml
1327,2.262967939188161,fde,ml
1328,0.27243044695432955,fde,ml
1329,0.3736556855980457,fde,ml
1330,1.5733331200851894,fde,ml
1331,0.6025790897715103,fde,ml
1332,1.203026729785765,fde,ml
1333,0.4677568207722981,fde,ml
1334,0.08037612013223104,fde,ml
1335,3.2760064564993994,fde,ml
1336,1.8466584348025838,fde,ml
1337,0.4704504189391088,fde,ml
1338,0.9699113589201507,fde,ml
1339,1.3392439733083534,fde,ml
1340,3.810801579759514,fde,ml
1341,1.2943695061492664,fde,ml
1342,2.516072642959019,fde,ml
1343,1.8868677485090763,fde,ml
1344,1.5806065325899332,fde,ml
1345,0.4063230132526295,fde,ml
1346,0.3860237383282627,fde,ml
1347,0.35530490681809407,fde,ml
1348,0.3432971782449907,fde,ml
1349,0.36771468738205615,fde,ml
1350,2.527320904737464,fde,ml
1351,0.29792554043873926,fde,ml
1352,0.43218776432021927,fde,ml
1353,1.9126085292184019,fde,ml
1354,1.0776856239031445,fde,ml
1355,0.9521428341163515,fde,ml
1356,0.43485660633059825,fde,ml
1357,0.2566473815377206,fde,ml
1358,2.8390187117506303,fde,ml
1359,1.0824318906408936,fde,ml
1360,0.8593180168419046,fde,ml
1361,1.7478139954493368,fde,ml
1362,2.321126185052043,fde,ml
1363,3.6463250746706812,fde,ml
1364,1.7406977816661124,fde,ml
1365,3.244306074149261,fde,ml
1366,1.7718538961163173,fde,ml
1367,2.0898516342919327,fde,ml
1368,0.42374392200641753,fde,ml
1369,0.4031712460716042,fde,ml
1370,0.34987980647301986,fde,ml
1371,0.3581764837051882,fde,ml
1372,0.3614127627423655,fde,ml
1373,2.7457013449698713,fde,ml
1374,0.30477181417466703,fde,ml
1375,0.4374254604737888,fde,ml
1376,2.3948051814891267,fde,ml
1377,1.083395326408197,fde,ml
1378,0.40303116029040065,fde,ml
1379,0.5019034771718154,fde,ml
1380,2.552404318084851,fde,ml
1381,1.956969831231773,fde,ml
1382,0.7156940841547167,fde,ml
1383,1.3456187638349015,fde,ml
1384,1.9940928639636917,fde,ml
1385,2.9288936767651688,fde,ml
1386,2.450851592484338,fde,ml
1387,3.051991970515287,fde,ml
1388,1.5082135863312232,fde,ml
1389,2.2436378550681844,fde,ml
1390,0.3881179894470537,fde,ml
1391,0.44019035425841757,fde,ml
1392,0.36598768350906247,fde,ml
1393,0.36624637755015377,fde,ml
1394,0.39720759098698105,fde,ml
1395,0.9764524508170299,fde,ml
1396,0.32968574523261124,fde,ml
1397,0.3455137096401239,fde,ml
1398,2.6678863541686995,fde,ml
1399,1.3995176165031644,fde,ml
1400,0.45690225068606954,fde,ml
1401,0.7790952191230465,fde,ml
1402,3.019523424968344,fde,ml
1403,1.4806504302393737,fde,ml
1404,1.5158431134595731,fde,ml
1405,1.2792697377980662,fde,ml
1406,2.2138849454320435,fde,ml
1407,3.2948890506951005,fde,ml
1408,2.1924662230031036,fde,ml
1409,2.909601525604401,fde,ml
1410,1.3830112537698576,fde,ml
1411,2.147420109667962,fde,ml
1412,0.3888800440796552,fde,ml
1413,0.4579421248653302,fde,ml
1414,0.3706618124879303,fde,ml
1415,0.41450636657138196,fde,ml
1416,0.42505400304595087,fde,ml
1417,0.7418747430134707,fde,ml
1418,0.3455008065337894,fde,ml
1419,0.34000707940886454,fde,ml
1420,3.185316070440528,fde,ml
1421,1.6136579183393092,fde,ml
1422,0.4713866654182175,fde,ml
1423,0.7050925497072881,fde,ml
1424,3.172784447702973,fde,ml
1425,1.2957623535824176,fde,ml
1426,1.7398449139874799,fde,ml
1427,1.2883009429106926,fde,ml
1428,1.6229772445191828,fde,ml
1429,3.4669172745029564,fde,ml
1430,2.5080456207116892,fde,ml
1431,2.7035835084536477,fde,ml
1432,1.4194374691484097,fde,ml
1433,1.756658174940002,fde,ml
1434,0.37850156671606394,fde,ml
1435,0.42891363155339696,fde,ml
1436,0.371765450700083,fde,ml
1437,0.32456250370780493,fde,ml
1438,0.4064251758433828,fde,ml
1439,1.111928049818331,fde,ml
1440,0.29968010494332287,fde,ml
1441,0.4402016498029809,fde,ml
1442,0.6062060251956072,fde,ml
1443,1.6334498718995465,fde,ml
1444,0.3485455544898995,fde,ml
1445,1.1580590761484162,fde,ml
1446,2.9492693414713145,fde,ml
1447,0.09034504168045955,fde,ml
1448,2.380163240700835,fde,ml
1449,1.1120699790168698,fde,ml
1450,0.6863454241620052,fde,ml
1451,3.611577991056609,fde,ml
1452,2.674743740706096,fde,ml
1453,2.2133716720998278,fde,ml
1454,1.5888740096411396,fde,ml
1455,1.398220521441816,fde,ml
1456,0.36757844863603506,fde,ml
1457,0.3910875821591456,fde,ml
1458,0.370897134565562,fde,ml
1459,0.3770251336816528,fde,ml
1460,0.37050378605771583,fde,ml
1461,1.060784936566615,fde,ml
1462,0.4502676483928931,fde,ml
1463,0.44680628371614445,fde,ml
1464,2.977539087097202,fde,ml
1465,1.5421081867894122,fde,ml
1466,0.3016649135224272,fde,ml
1467,1.6493471333605094,fde,ml
1468,2.7448219372741383,fde,ml
1469,1.6900826339555777,fde,ml
1470,2.7470440144155064,fde,ml
1471,1.127177659494902,fde,ml
1472,0.7143447440363169,fde,ml
1473,4.053369753706086,fde,ml
1474,2.560830899798001,fde,ml
1475,2.0684255801831344,fde,ml
1476,1.5766680152566397,fde,ml
1477,1.1136961957728138,fde,ml
1478,0.36461115968842656,fde,ml
1479,0.3663186836199822,fde,ml
1480,0.3655148022524464,fde,ml
1481,0.4420708447214213,fde,ml
1482,0.3272601259831186,fde,ml
1483,1.5590213943809277,fde,ml
1484,0.5844345547402958,fde,ml
1485,0.44095160501644515,fde,ml
1486,1.7772551650490158,fde,ml
1487,1.649992457027054,fde,ml
1488,0.29763554078815485,fde,ml
1489,1.9617042817762174,fde,ml
1490,2.7656079531731987,fde,ml
1491,1.7613823643403823,fde,ml
1492,2.118259053125125,fde,ml
1493,0.8106392130936543,fde,ml
1494,1.7392531258805923,fde,ml
1495,5.3760413986857465,fde,ml
1496,0.9028618066237497,fde,ml
1497,0.49045781677363093,fde,ml
1498,1.6204214697073178,fde,ml
1499,0.8717355897984371,fde,ml
1500,0.37944830015943015,fde,ml
1501,0.3544769877730498,fde,ml
1502,0.37888636447090046,fde,ml
1503,0.33550458797822214,fde,ml
1504,0.37051442291096875,fde,ml
1505,2.8514131418463804,fde,ml
1506,0.3804382322466706,fde,ml
1507,0.49928723484118687,fde,ml
1508,1.5093406231668645,fde,ml
1509,1.6410197924100696,fde,ml
1510,0.4250629179878774,fde,ml
1511,0.5940547173443834,fde,ml
1512,3.28325312383141,fde,ml
1513,1.5479075648827745,fde,ml
1514,2.4115110757702936,fde,ml
1515,0.838685337982775,fde,ml
1516,1.902018741664787,fde,ml
1517,5.776371775034079,fde,ml
1518,0.8720793263565185,fde,ml
1519,0.263391466783732,fde,ml
1520,1.5929477193250499,fde,ml
1521,0.919963943505445,fde,ml
1522,0.3803410431101276,fde,ml
1523,0.33706155124442094,fde,ml
1524,0.38045184684943867,fde,ml
1525,0.337720454969911,fde,ml
1526,0.3691197205877859,fde,ml
1527,3.7262366285653687,fde,ml
1528,0.37060299945908554,fde,ml
1529,0.4378680775118825,fde,ml
1530,1.5980361137561316,fde,ml
1531,0.4466283720748507,fde,ml
1532,0.8440935590667117,fde,ml
1533,3.3228688658666554,fde,ml
1534,1.7715330229520247,fde,ml
1535,0.4879380595400234,fde,ml
1536,0.3565310437398556,fde,ml
1537,1.6696651676103298,fde,ml
1538,4.925194253060949,fde,ml
1539,1.914295290401855,fde,ml
1540,1.0498374643760777,fde,ml
1541,1.6069290825509628,fde,ml
1542,0.4483458510710122,fde,ml
1543,0.38080310117317295,fde,ml
1544,0.32932626839860124,fde,ml
1545,0.36706775293195587,fde,ml
1546,0.36535793132704086,fde,ml
1547,0.32997401071650545,fde,ml
1548,4.174670758555667,fde,ml
1549,0.3465760170769503,fde,ml
1550,0.4200230062230634,fde,ml
1551,1.367379531104964,fde,ml
1552,0.43629351800610316,fde,ml
1553,1.0171053379160797,fde,ml
1554,3.176370946619195,fde,ml
1555,0.5138416085132188,fde,ml
1556,2.3938010146865736,fde,ml
1557,1.2213709919875724,fde,ml
1558,1.2919256364367722,fde,ml
1559,4.210800151166501,fde,ml
1560,2.696188564347762,fde,ml
1561,1.6251414998505092,fde,ml
1562,1.6553103020155755,fde,ml
1563,0.9763144674867843,fde,ml
1564,0.3801008369546125,fde,ml
1565,0.3237245799809146,fde,ml
1566,0.34875276477542166,fde,ml
1567,0.4053941626725999,fde,ml
1568,0.27558889662347463,fde,ml
1569,6.638787219424952,fde,ml
1570,0.39106880386425763,fde,ml
1571,0.3883415338312559,fde,ml
1572,1.2825647468455592,fde,ml
1573,0.4157825638877522,fde,ml
1574,1.8048214510804994,fde,ml
1575,3.194248682107405,fde,ml
1576,0.2836151553246175,fde,ml
1577,2.7488241973894363,fde,ml
1578,1.3498968467961108,fde,ml
1579,1.3006910897319548,fde,ml
1580,4.347979343187217,fde,ml
1581,2.802301344413379,fde,ml
1582,1.5721857078792627,fde,ml
1583,1.6878005218147205,fde,ml
1584,0.9085692675189316,fde,ml
1585,0.3649717434212528,fde,ml
1586,0.3248246543963921,fde,ml
1587,0.3491930762885703,fde,ml
1588,0.4204603454001192,fde,ml
1589,0.25662717487683234,fde,ml
1590,6.084964624132114,fde,ml
1591,0.4139651407439773,fde,ml
1592,0.37699865511025304,fde,ml
1593,0.8772946600525698,fde,ml
1594,0.3975234411964631,fde,ml
1595,2.378610933488864,fde,ml
1596,2.628860114530652,fde,ml
1597,0.2741363672141103,fde,ml
1598,0.871880470488327,fde,ml
1599,1.2317769793088704,fde,ml
1600,1.3883594735617666,fde,ml
1601,4.530559794520094,fde,ml
1602,2.760082677946788,fde,ml
1603,0.9119117790404657,fde,ml
1604,1.5279777612306646,fde,ml
1605,1.5144195869788044,fde,ml
1606,0.34713575231801713,fde,ml
1607,0.36599383961804777,fde,ml
1608,0.3827745622016933,fde,ml
1609,0.3271268124129261,fde,ml
1610,0.3683103401163242,fde,ml
1611,5.145416336947625,fde,ml
1612,0.38470405032688354,fde,ml
1613,0.40601475714391083,fde,ml
1614,0.26943694650355793,fde,ml
1615,0.3406846711734742,fde,ml
1616,1.955675352175056,fde,ml
1617,3.4771784826045935,fde,ml
1618,0.3508690170092895,fde,ml
1619,1.4786325785515122,fde,ml
1620,1.6060790055249679,fde,ml
1621,1.811920763855554,fde,ml
1622,4.291698045726888,fde,ml
1623,3.0701341397129336,fde,ml
1624,1.0136914119483353,fde,ml
1625,1.5451449149554637,fde,ml
1626,1.749956946409928,fde,ml
1627,0.3444107379242814,fde,ml
1628,0.39821979335119795,fde,ml
1629,0.3916571259900934,fde,ml
1630,0.3191932481301738,fde,ml
1631,0.3899190257165003,fde,ml
1632,0.38953795928771967,fde,ml
1633,0.40058322673129626,fde,ml
1634,0.6899369978113247,fde,ml
1635,0.3179555217540067,fde,ml
1636,2.4850824339722712,fde,ml
1637,3.444157877784471,fde,ml
1638,0.5453254128267179,fde,ml
1639,0.4668563632213154,fde,ml
1640,1.2523693884498552,fde,ml
1641,1.0854798336080995,fde,ml
1642,4.5643938357335845,fde,ml
1643,1.6240565343301046,fde,ml
1644,1.4599003080519728,fde,ml
1645,1.7179845099651891,fde,ml
1646,1.2848773837481686,fde,ml
1647,0.354123455750998,fde,ml
1648,0.4487282323554447,fde,ml
1649,0.3901091797734948,fde,ml
1650,0.3257473548079675,fde,ml
1651,0.36978224984087965,fde,ml
1652,0.4541062558016128,fde,ml
1653,0.37479348256001505,fde,ml
1654,1.062652408952895,fde,ml
1655,0.32668534467578986,fde,ml
1656,1.9959029002732833,fde,ml
1657,3.2633731634098364,fde,ml
1658,0.9079017146166289,fde,ml
1659,1.9738060559715096,fde,ml
1660,1.1393289477685489,fde,ml
1661,1.3882075911559717,fde,ml
1662,4.874655439135348,fde,ml
1663,1.0020794472639365,fde,ml
1664,2.2824450693830793,fde,ml
1665,1.9279886891673874,fde,ml
1666,1.3212817518660858,fde,ml
1667,0.36470963664953915,fde,ml
1668,0.5039709971289387,fde,ml
1669,0.3852450668219736,fde,ml
1670,0.34692875766395426,fde,ml
1671,0.3381441036313862,fde,ml
1672,0.5343555602296625,fde,ml
1673,0.34127002782773325,fde,ml
1674,1.9653185305673053,fde,ml
1675,0.34023640833730634,fde,ml
1676,1.2831300202003166,fde,ml
1677,3.5096607557321127,fde,ml
1678,1.1517457904295956,fde,ml
1679,1.8315665368656089,fde,ml
1680,1.1418984076871588,fde,ml
1681,0.9541827379555019,fde,ml
1682,5.225276779730266,fde,ml
1683,1.009905949598651,fde,ml
1684,2.6714136588252715,fde,ml
1685,1.980395698831591,fde,ml
1686,1.4459620631384609,fde,ml
1687,0.3550275689906907,fde,ml
1688,0.49777050120582145,fde,ml
1689,0.39593418603052144,fde,ml
1690,0.3589057206038923,fde,ml
1691,0.34817238029307696,fde,ml
1692,0.533782086581034,fde,ml
1693,0.33630103556347857,fde,ml
1694,1.9838585559118074,fde,ml
1695,0.3585469346900634,fde,ml
1696,1.7708842597057906,fde,ml
1697,3.5411240027996955,fde,ml
1698,1.354458273994181,fde,ml
1699,0.6868691691129998,fde,ml
1700,2.7578647544065387,fde,ml
1701,2.1798231423268124,fde,ml
1702,4.430569901565416,fde,ml
1703,1.646953855914958,fde,ml
1704,2.8761127315613324,fde,ml
1705,1.8085703450035726,fde,ml
1706,1.4021524565224597,fde,ml
1707,0.4019373676460085,fde,ml
1708,0.43071735178177245,fde,ml
1709,0.38840561609283986,fde,ml
1710,0.37199319146538773,fde,ml
1711,0.3350284038823356,fde,ml
1712,0.4087087640966077,fde,ml
1713,0.3715274321179649,fde,ml
1714,1.1357006414629345,fde,ml
1715,0.43310731141634584,fde,ml
1716,2.9003447488051637,fde,ml
1717,2.632619855877886,fde,ml
1718,1.834330652907347,fde,ml
1719,6.981311171570382,fde,ml
1720,3.1079338950203064,fde,ml
1721,5.447632362072066,fde,ml
1722,2.1204265353074523,fde,ml
1723,3.340842223212483,fde,ml
1724,0.42746156296301624,fde,ml
1725,3.2927616266684394,fde,ml
1726,0.3106072271569796,fde,ml
1727,3.9333775578474373,fde,ml
1728,0.9181568737778324,fde,ml
1729,1.7577785630556249,fde,ml
1730,0.33800895024480015,fde,ml
1731,2.464923708985447,fde,ml
1732,2.102754782333926,fde,ml
1733,1.9353726780985514,fde,ml
1734,1.0679906355105142,fde,ml
1735,2.4210763468090244,fde,ml
1736,1.515039350290325,fde,ml
1737,2.697896086948004,fde,ml
1738,2.828209797136013,fde,ml
1739,1.8349803001351201,fde,ml
1740,0.47027992738099217,fde,ml
1741,1.4152772499152495,fde,ml
1742,0.3446381478072445,fde,ml
1743,0.5976300921372103,fde,ml
1744,0.8972100837578489,fde,ml
1745,3.7743120954534928,fde,ml
1746,0.3857250970238907,fde,ml
1747,1.699226462748059,fde,ml
1748,2.055025423037554,fde,ml
1749,1.8148220292127824,fde,ml
1750,1.7389439063788623,fde,ml
1751,2.374088067883955,fde,ml
1752,1.1180568318023436,fde,ml
1753,2.4850399525867397,fde,ml
1754,3.472059475652121,fde,ml
1755,2.5040624316588924,fde,ml
1756,0.472295347498872,fde,ml
1757,1.7463071086473838,fde,ml
1758,0.3488945997240356,fde,ml
1759,0.3125167702700704,fde,ml
1760,0.5631307144665182,fde,ml
1761,3.534671803500886,fde,ml
1762,0.38120566812862816,fde,ml
1763,2.703495805652069,fde,ml
1764,2.033693174130918,fde,ml
1765,1.9965652449744196,fde,ml
1766,1.4238897443427894,fde,ml
1767,2.199803489949235,fde,ml
1768,0.8137523817213991,fde,ml
1769,2.6391675657337816,fde,ml
1770,4.06625239463183,fde,ml
1771,2.492134333025441,fde,ml
1772,0.37343591945911,fde,ml
1773,1.9502064847362466,fde,ml
1774,0.35084280157911113,fde,ml
1775,1.1489153407399244,fde,ml
1776,0.8186081219569168,fde,ml
1777,3.5650353818473026,fde,ml
1778,0.37199723661516565,fde,ml
1779,3.4828328447224153,fde,ml
1780,2.16387857947872,fde,ml
1781,2.113359604106717,fde,ml
1782,2.0000708022768316,fde,ml
1783,3.128038236168198,fde,ml
1784,2.6104381017021763,fde,ml
1785,3.0330487124899816,fde,ml
1786,4.939219432715591,fde,ml
1787,2.878533217785521,fde,ml
1788,0.3666141646941401,fde,ml
1789,2.4437830888484826,fde,ml
1790,0.33130425106861494,fde,ml
1791,1.4873021023255684,fde,ml
1792,0.22400256709101726,fde,ml
1793,2.890758727659488,fde,ml
1794,0.36830578209470954,fde,ml
1795,3.8478640189231332,fde,ml
1796,2.186948685062469,fde,ml
1797,2.2322675057156105,fde,ml
1798,1.6625887093890912,fde,ml
1799,1.7886045331363578,fde,ml
1800,4.9821322092212075,fde,ml
1801,1.6148530090660338,fde,ml
1802,4.324590930974029,fde,ml
1803,0.21297420745401643,fde,ml
1804,0.36629343991267693,fde,ml
1805,2.5175169546796607,fde,ml
1806,0.356383571916074,fde,ml
1807,2.8197266762717987,fde,ml
1808,0.3822715321504717,fde,ml
1809,3.7356461654964424,fde,ml
1810,0.3663409237361572,fde,ml
1811,2.6451560276570643,fde,ml
1812,2.0876840089951827,fde,ml
1813,2.1526069982264344,fde,ml
1814,1.5078377874849014,fde,ml
1815,2.4152491400372966,fde,ml
1816,7.117213631749137,fde,ml
1817,0.29131907300563775,fde,ml
1818,5.613787858328624,fde,ml
1819,0.29281152915845426,fde,ml
1820,0.36667128830132883,fde,ml
1821,2.3912108824174356,fde,ml
1822,0.2752111430643018,fde,ml
1823,3.038007743280817,fde,ml
1824,0.26314808609951945,fde,ml
1825,3.460743938075491,fde,ml
1826,0.3687272671986128,fde,ml
1827,2.8497747452740385,fde,ml
1828,2.0944249478344292,fde,ml
1829,2.2645547207908647,fde,ml
1830,1.225000443646893,fde,ml
1831,2.5018124577775116,fde,ml
1832,8.276500359137827,fde,ml
1833,0.7017926419345244,fde,ml
1834,5.112900505830993,fde,ml
1835,0.939111127381415,fde,ml
1836,0.37028908994963483,fde,ml
1837,2.58131408583479,fde,ml
1838,0.2541626426850581,fde,ml
1839,1.7987387344405568,fde,ml
1840,0.29519921039565866,fde,ml
1841,3.2493202761742976,fde,ml
1842,0.3703367161176639,fde,ml
1843,2.9945003525602933,fde,ml
1844,2.068507746050243,fde,ml
1845,2.2730515022747633,fde,ml
1846,1.5379922338494278,fde,ml
1847,3.9097643696085123,fde,ml
1848,9.389388826998104,fde,ml
1849,3.939045788202417,fde,ml
1850,4.064158478824621,fde,ml
1851,2.178856038058172,fde,ml
1852,0.37122275508285246,fde,ml
1853,2.182768938553929,fde,ml
1854,0.4181119767975116,fde,ml
1855,2.3375700069691936,fde,ml
1856,0.5880886893717334,fde,ml
1857,2.347482283829333,fde,ml
1858,0.3697270434841857,fde,ml
1859,3.385442533294533,fde,ml
1860,2.1369153204109743,fde,ml
1861,2.3552545263165245,fde,ml
1862,1.958909217881173,fde,ml
1863,4.128878879272896,fde,ml
1864,3.0733947503437236,fde,ml
1865,13.587761528967645,fde,ml
1866,4.144986985036093,fde,ml
1867,5.104558586959592,fde,ml
1868,1.8499962641472334,fde,ml
1869,0.3892780556693896,fde,ml
1870,2.427331047829338,fde,ml
1871,1.868925012867447,fde,ml
1872,2.023763194072174,fde,ml
1873,1.6718916604574054,fde,ml
1874,2.584479639988244,fde,ml
1875,0.3707428677607505,fde,ml
1876,3.2897029493556773,fde,ml
1877,2.0714436182339866,fde,ml
1878,2.3675677628305154,fde,ml
1879,2.6607616426125684,fde,ml
1880,1.2330091189089267,fde,ml
1881,1.3427420626241333,fde,ml
1882,8.267518130970949,fde,ml
1883,3.460972389434084,fde,ml
1884,3.110026330353639,fde,ml
1885,1.395491778647119,fde,ml
1886,0.40904917402938684,fde,ml
1887,2.8443835707764666,fde,ml
1888,3.3854274955796475,fde,ml
1889,1.4517972103978043,fde,ml
1890,3.058480539563836,fde,ml
1891,2.563112942795615,fde,ml
1892,0.37035008446152506,fde,ml
1893,1.6366543814341035,fde,ml
1894,1.9800018718377548,fde,ml
1895,2.1159387810538512,fde,ml
1896,3.4916088350288104,fde,ml
1897,0.7323399529550676,fde,ml
1898,1.5985113489842506,fde,ml
1899,2.785199110313888,fde,ml
1900,10.287488610993764,fde,ml
1901,4.1260665740370115,fde,ml
1902,0.3222944149960324,fde,ml
1903,1.3876423465816297,fde,ml
1904,1.37880767427296,fde,ml
1905,8.8102977314127,fde,ml
1906,2.052701338125085,fde,ml
1907,0.3810497281530193,fde,ml
1908,0.8050043893841176,fde,ml
1909,1.258152070734798,fde,ml
1910,8.802219022483875,fde,ml
1911,1.9536987962066552,fde,ml
1912,0.37834351341064965,fde,ml
1913,0.31837825626119376,fde,ml
1914,1.65053630200928,fde,ml
1915,9.03555925236877,fde,ml
1916,2.2261766765572575,fde,ml
1917,0.3703734063087748,fde,ml
1918,0.9342823072755522,fde,ml
1919,2.5731860373230444,fde,ml
1920,10.199788650316345,fde,ml
1921,2.939910160611537,fde,ml
1922,0.36518465821407886,fde,ml
1923,1.0607629079513528,fde,ml
1924,0.7876408651573765,fde,ml
1925,10.137849937150472,fde,ml
1926,1.8400372675217465,fde,ml
1927,0.36579847761926243,fde,ml
1928,0.604803759058459,fde,ml
1929,0.9722981731256454,fde,ml
1930,10.471737852354496,fde,ml
1931,1.8328066893096315,fde,ml
1932,0.3673250961841655,fde,ml
1933,0.799212251019329,fde,ml
1934,1.2416464176284752,fde,ml
1935,8.822832894274855,fde,ml
1936,1.397057181782614,fde,ml
1937,0.3666445756720325,fde,ml
1938,0.577686005558826,fde,ml
1939,1.466008680159711,fde,ml
1940,11.120627005293494,fde,ml
1941,1.1242525311528169,fde,ml
1942,0.367885073310906,fde,ml
1943,0.06780490404242276,fde,ml
1944,1.6104252428958556,fde,ml
1945,12.030564591279274,fde,ml
1946,0.36802891426370976,fde,ml
1947,0.9353784553335525,fde,ml
1948,0.259486512230602,fde,ml
1949,12.345687302289345,fde,ml
1950,0.3680673819596604,fde,ml
1951,0.9058736293720914,fde,ml
1952,0.2592028687220047,fde,ml
1953,12.928283112005444,fde,ml
1954,0.3697751682372983,fde,ml
1955,0.18813598228788292,fde,ml
1956,0.7094240703345922,fde,ml
1957,13.344938385017036,fde,ml
1958,0.3696417209917615,fde,ml
1959,1.7174221983147113,fde,ml
1960,2.28397362839127,fde,ml
1961,14.328417654596096,fde,ml
1962,0.3676366410086115,fde,ml
1963,2.141165571057784,fde,ml
1964,2.76792854286763,fde,ml
1965,14.944221834466186,fde,ml
1966,0.3681959821789207,fde,ml
1967,0.8350882569424193,fde,ml
1968,0.37963184614331424,fde,ml
1969,14.39271674416673,fde,ml
1970,0.36733457662313085,fde,ml
1971,5.54156819639189,fde,ml
1972,0.8461595239590217,fde,ml
1973,0.11753810943821244,fde,ml
1974,14.749726717536246,fde,ml
1975,0.36925109754363383,fde,ml
1976,3.5681033984313637,fde,ml
1977,0.27680015634229765,fde,ml
1978,0.2510152670502912,fde,ml
1979,13.989801973162493,fde,ml
1980,0.3698765153893793,fde,ml
1981,2.4611725486240617,fde,ml
1982,1.412281409661966,fde,ml
1983,0.8337879086456751,fde,ml
1984,13.591427004886082,fde,ml
1985,0.3674099953915054,fde,ml
1986,2.1878600545890263,fde,ml
1987,1.515654865824226,fde,ml
1988,0.2380853129348035,fde,ml
1989,12.564563682699989,fde,ml
1990,0.367841077257577,fde,ml
1991,2.061407482516688,fde,ml
1992,0.6075157568158588,fde,ml
1993,0.5629543050508338,fde,ml
1994,12.356350337251724,fde,ml
1995,0.36800203222451533,fde,ml
1996,1.6562810824422867,fde,ml
1997,0.613994600033222,fde,ml
1998,0.31258019957948435,fde,ml
1999,11.772098618585247,fde,ml
2000,0.36926343617686785,fde,ml
2001,1.8130529926085588,fde,ml
2002,0.1412574934239934,fde,ml
2003,0.1310522538610452,fde,ml
2004,12.221061132765408,fde,ml
2005,0.37024947938732145,fde,ml
2006,2.101642126737224,fde,ml
2007,0.7146948645620741,fde,ml
2008,0.7326664734926678,fde,ml
2009,11.482062635766434,fde,ml
2010,0.36865524451826603,fde,ml
2011,1.8695722948921971,fde,ml
2012,0.9276009868717129,fde,ml
2013,0.92650439163175,fde,ml
2014,10.915700014488005,fde,ml
2015,0.3679464537102144,fde,ml
2016,1.7000077934743383,fde,ml
2017,0.764344560148375,fde,ml
2018,1.5855874988715764,fde,ml
2019,11.08768965868888,fde,ml
2020,0.37061163479140435,fde,ml
2021,2.9519341323618637,fde,ml
2022,1.2230973652281325,fde,ml
2023,2.087211165781993,fde,ml
2024,10.210045012248877,fde,ml
2025,0.37075054840342453,fde,ml
2026,3.3656911262090783,fde,ml
2027,0.25797912614091545,fde,ml
2028,0.6074196589384544,fde,ml
2029,7.4029859195429095,fde,ml
2030,0.3696417209917615,fde,ml
2031,2.39958284502958,fde,ml
2032,0.8055678355096926,fde,ml
2033,0.5826100524198597,fde,ml
2034,4.425792524475214,fde,ml
2035,0.3696417209917615,fde,ml
2036,1.2030157652994962,fde,ml
2037,1.5564937449079337,fde,ml
2038,1.1679811499991264,fde,ml
2039,1.8034293166249904,fde,ml
2040,0.36845770152729107,fde,ml
2041,1.421168318173078,fde,ml
2042,0.7713501779317561,fde,ml
2043,0.7652558697167404,fde,ml
2044,2.394796971100405,fde,ml
2045,0.3648098306985702,fde,ml
2046,1.7551515439789664,fde,ml
2047,1.8506733714479486,fde,ml
2048,1.7427419879998058,fde,ml
2049,1.733793244473206,fde,ml
2050,0.3671336644661951,fde,ml
2051,1.0477899437782028,fde,ml
2052,0.6335822886345538,fde,ml
2053,0.26036348987158464,fde,ml
2054,1.6740188281973616,fde,ml
2055,0.36508776646526003,fde,ml
2056,2.0184843343927987,fde,ml
2057,0.6033272449194966,fde,ml
2058,0.5954917637139469,fde,ml
2059,2.4645541506940947,fde,ml
2060,0.364599404646963,fde,ml
2061,3.311851739229504,fde,ml
2062,5.061775842456718,fde,ml
2063,1.0753247311272471,fde,ml
2064,1.713964999575469,fde,ml
2065,0.8938661260719579,fde,ml
2066,3.6603284307883968,fde,ml
2067,4.889257230411038,fde,ml
2068,3.9409535056911222,fde,ml
2069,3.3317752458495784,fde,ml
2070,4.180918516418362,fde,ml
2071,2.087066062108634,fde,ml
2072,0.36713335664641433,fde,ml
2073,1.81183802256431,fde,ml
2074,5.812077355020563,fde,ml
2075,0.36408926338749753,fde,ml
2076,0.8791945666331985,fde,ml
2077,0.33236466183236296,fde,ml
2078,4.3561697854260295,fde,ml
2079,5.078837332216716,fde,ml
2080,4.608249174403215,fde,ml
2081,7.418968564678756,fde,ml
2082,0.3135411291129182,fde,ml
2083,2.70931797019223,fde,ml
2084,4.240580057982865,fde,ml
2085,2.2898562493429617,fde,ml
2086,3.952364808179057,fde,ml
2087,2.8433987594822723,fde,ml
2088,1.4607940137709499,fde,ml
2089,6.691693896560353,fde,ml
2090,0.8205017969077711,fde,ml
2091,0.6114154996743484,fde,ml
2092,1.0916026437030553,fde,ml
2093,5.824143931695568,fde,ml
2094,0.43238703741882745,fde,ml
2095,5.233069504597035,fde,ml
2096,0.44090083657992074,fde,ml
2097,1.3502309542887703,fde,ml
2098,0.3816397404425525,fde,ml
2099,1.3933400684673471,fde,ml
2100,1.850355984084035,fde,ml
2101,1.3827456700049237,fde,ml
2102,4.349037076677145,fde,ml
2103,0.3449722089029886,fde,ml
2104,2.989176572805164,fde,ml
2105,4.547422123803505,fde,ml
2106,2.7197383787234,fde,ml
2107,4.47995563708471,fde,ml
2108,3.3950859002544553,fde,ml
2109,1.0171003121777558,fde,ml
2110,3.4827412334883134,fde,ml
2111,0.6750637080765125,fde,ml
2112,0.845652642463417,fde,ml
2113,1.2188324854314279,fde,ml
2114,6.316673349568944,fde,ml
2115,0.4413715401510675,fde,ml
2116,5.256756396064606,fde,ml
2117,0.41102492173210997,fde,ml
2118,1.756228123344767,fde,ml
2119,0.38230709902038074,fde,ml
2120,0.6880668665763175,fde,ml
2121,0.9576000761004608,fde,ml
2122,0.5436023833409803,fde,ml
2123,3.652215124445742,fde,ml
2124,0.34284066343401653,fde,ml
2125,2.5132569817027983,fde,ml
2126,3.440086522423046,fde,ml
2127,3.7428277345554704,fde,ml
2128,5.7452783300965,fde,ml
2129,4.696019477215786,fde,ml
2130,1.750809395437465,fde,ml
2131,2.231352193411907,fde,ml
2132,1.4418712884029048,fde,ml
2133,2.135624088455097,fde,ml
2134,1.880595686464357,fde,ml
2135,7.388829711430369,fde,ml
2136,0.4358441520339749,fde,ml
2137,3.8536990144135443,fde,ml
2138,0.3829344683826856,fde,ml
2139,2.1376279674092733,fde,ml
2140,0.3778565589063638,fde,ml
2141,0.7167976910366456,fde,ml
2142,0.4951831531299031,fde,ml
2143,0.8832612305379668,fde,ml
2144,2.626351155260023,fde,ml
2145,0.3347201918431959,fde,ml
2146,1.7784006200560352,fde,ml
2147,5.651725931930763,fde,ml
2148,3.220288979866219,fde,ml
2149,5.495954725335812,fde,ml
2150,4.384538239964001,fde,ml
2151,0.4929755367548194,fde,ml
2152,2.685666352034828,fde,ml
2153,1.6071439271859103,fde,ml
2154,1.8673163618137694,fde,ml
2155,7.550574430083265,fde,ml
2156,0.44511552028345475,fde,ml
2157,3.9983363959027405,fde,ml
2158,0.3891714913467078,fde,ml
2159,2.450448907327105,fde,ml
2160,0.37070040464113957,fde,ml
2161,0.5654880465487135,fde,ml
2162,0.5038750411573955,fde,ml
2163,0.6383107313550077,fde,ml
2164,3.684519151333018,fde,ml
2165,0.3345760671281252,fde,ml
2166,2.116804697966269,fde,ml
2167,2.690920360765697,fde,ml
2168,1.3800492989466995,fde,ml
2169,2.9191731000404886,fde,ml
2170,3.4037091946862152,fde,ml
2171,0.4112914240348775,fde,ml
2172,2.1656114903730397,fde,ml
2173,1.298949478400245,fde,ml
2174,0.7289090378546071,fde,ml
2175,5.68267510390769,fde,ml
2176,0.4576970252516238,fde,ml
2177,2.41013333266713,fde,ml
2178,0.4064710789625323,fde,ml
2179,2.301841161322463,fde,ml
2180,0.3711715784243386,fde,ml
2181,0.6451256188005757,fde,ml
2182,0.22628804364485883,fde,ml
2183,0.9192303069750764,fde,ml
2184,4.50753959634837,fde,ml
2185,0.48238267274334856,fde,ml
2186,2.196836919039759,fde,ml
2187,5.3254929628257655,fde,ml
2188,1.4661384841760108,fde,ml
2189,3.8615496676061603,fde,ml
2190,1.6741762610299697,fde,ml
2191,3.619750904230468,fde,ml
2192,3.1605436024583504,fde,ml
2193,1.3751117997364497,fde,ml
2194,2.1541723089612925,fde,ml
2195,0.676880813173166,fde,ml
2196,0.6342592115436582,fde,ml
2197,0.4601282365529413,fde,ml
2198,3.470274119869437,fde,ml
2199,0.6137318401679093,fde,ml
2200,2.379879756495913,fde,ml
2201,0.36967013575559493,fde,ml
2202,1.3955819609606788,fde,ml
2203,0.40197943829740035,fde,ml
2204,1.6416796102238609,fde,ml
2205,5.026395117944529,fde,ml
2206,0.5314471567736776,fde,ml
2207,2.2884964927769706,fde,ml
2208,3.620323632383589,fde,ml
2209,0.9308132438678415,fde,ml
2210,1.8071646107402908,fde,ml
2211,2.3300286771334004,fde,ml
2212,4.020181564335667,fde,ml
2213,1.9700694876421074,fde,ml
2214,0.37329432222850545,fde,ml
2215,2.966522610873543,fde,ml
2216,1.3591426627630936,fde,ml
2217,1.2405464349969317,fde,ml
2218,0.4570054421923391,fde,ml
2219,3.736630454631039,fde,ml
2220,1.01955277425121,fde,ml
2221,1.5609954645856718,fde,ml
2222,0.37758809371388585,fde,ml
2223,0.7185017182848407,fde,ml
2224,0.964357809979388,fde,ml
2225,0.47636153599856207,fde,ml
2226,3.7813234454371387,fde,ml
2227,0.4998727916643562,fde,ml
2228,2.0143098670812485,fde,ml
2229,1.5958763402336302,fde,ml
2230,0.13779664480287446,fde,ml
2231,0.8194344316586436,fde,ml
2232,2.660120091424696,fde,ml
2233,4.02986600756141,fde,ml
2234,1.9690146105389619,fde,ml
2235,1.3138349404447156,fde,ml
2236,3.756950808112088,fde,ml
2237,1.790914800996984,fde,ml
2238,1.8088522093704034,fde,ml
2239,0.4416705070946036,fde,ml
2240,3.223037817601603,fde,ml
2241,1.4232844754677134,fde,ml
2242,0.3781425702408509,fde,ml
2243,0.37977129629624706,fde,ml
2244,0.7132658567872913,fde,ml
2245,2.0339909289231386,fde,ml
2246,0.3562406671395067,fde,ml
2247,2.8956706779225554,fde,ml
2248,0.43670286465759467,fde,ml
2249,1.6846915810419605,fde,ml
2250,1.8754367679795372,fde,ml
2251,0.21299840673033743,fde,ml
2252,1.6512279897817501,fde,ml
2253,3.0077403382424888,fde,ml
2254,5.357753636119196,fde,ml
2255,2.1478390061450194,fde,ml
2256,1.2028149548752263,fde,ml
2257,4.100005067407715,fde,ml
2258,1.7600344013290994,fde,ml
2259,2.026154255984219,fde,ml
2260,0.4502331416627854,fde,ml
2261,5.428529746331688,fde,ml
2262,1.875287101917618,fde,ml
2263,0.19041598726186595,fde,ml
2264,0.3755669766417009,fde,ml
2265,0.7058730179734213,fde,ml
2266,2.720146154305851,fde,ml
2267,0.3690867770991519,fde,ml
2268,2.909682237156793,fde,ml
2269,0.3828886041538889,fde,ml
2270,1.5583672826014165,fde,ml
2271,3.032275996575998,fde,ml
2272,1.1573063176135279,fde,ml
2273,0.38481987532252915,fde,ml
2274,2.669323668427027,fde,ml
2275,3.0985626233849146,fde,ml
2276,2.7923437832407716,fde,ml
2277,0.9310756817548066,fde,ml
2278,2.6136897091180575,fde,ml
2279,1.2577084512011045,fde,ml
2280,0.9496802614442542,fde,ml
2281,0.453248568638863,fde,ml
2282,0.4151486964734534,fde,ml
2283,2.1627103934393963,fde,ml
2284,0.3534265681712165,fde,ml
2285,0.3745859984705188,fde,ml
2286,0.7543239584404686,fde,ml
2287,1.3211857986982734,fde,ml
2288,0.24847625991305133,fde,ml
2289,3.592935322621576,fde,ml
2290,0.3438330486166012,fde,ml
2291,1.8149096322824856,fde,ml
2292,2.1628336515217463,fde,ml
2293,0.5931282348040228,fde,ml
2294,0.6584733813799266,fde,ml
2295,3.5183823785803154,fde,ml
2296,5.1626134310820575,fde,ml
2297,3.2551177655713954,fde,ml
2298,2.0034026340328945,fde,ml
2299,3.8950024652936714,fde,ml
2300,1.6460681308857497,fde,ml
2301,1.5699882071173596,fde,ml
2302,0.35940335383248345,fde,ml
2303,2.0919560081666586,fde,ml
2304,2.5279253770103,fde,ml
2305,0.2992841614024356,fde,ml
2306,0.37330788353873495,fde,ml
2307,1.1144006155750465,fde,ml
2308,2.321614559112506,fde,ml
2309,0.5313694403159325,fde,ml
2310,3.005331553397486,fde,ml
2311,0.3146314418384067,fde,ml
2312,1.6845749163717876,fde,ml
2313,3.042284650917818,fde,ml
2314,0.7856062600502929,fde,ml
2315,1.2672006601276127,fde,ml
2316,3.003216946315155,fde,ml
2317,4.304952533469835,fde,ml
2318,1.6731973670442313,fde,ml
2319,0.3483842944232829,fde,ml
2320,3.4544640087781673,fde,ml
2321,0.5193263375073949,fde,ml
2322,0.5669904159364952,fde,ml
2323,0.37278732891558514,fde,ml
2324,0.9458568619819827,fde,ml
2325,2.2194947571927237,fde,ml
2326,0.29467546804935196,fde,ml
2327,0.36726845914277517,fde,ml
2328,0.7844692480190026,fde,ml
2329,0.6985058815114783,fde,ml
2330,0.5400876379888211,fde,ml
2331,3.761243740814648,fde,ml
2332,0.31777780770243585,fde,ml
2333,2.219909984113451,fde,ml
2334,2.3332924186278636,fde,ml
2335,0.7847572673454728,fde,ml
2336,1.4999093887970025,fde,ml
2337,3.423695303870683,fde,ml
2338,4.28478467210198,fde,ml
2339,0.8074239606376975,fde,ml
2340,0.909999222278166,fde,ml
2341,3.090545553105439,fde,ml
2342,0.20721862687472514,fde,ml
2343,0.300651573218585,fde,ml
2344,0.3851094443168069,fde,ml
2345,0.5341367276943223,fde,ml
2346,1.5324520497738567,fde,ml
2347,0.41258963370494267,fde,ml
2348,0.36835444174375875,fde,ml
2349,1.3993058827880167,fde,ml
2350,1.8720057546489908,fde,ml
2351,1.0444332551549254,fde,ml
2352,4.220436786866757,fde,ml
2353,0.32170840675765605,fde,ml
2354,2.487739740295603,fde,ml
2355,2.329033092301954,fde,ml
2356,0.6919151196052122,fde,ml
2357,1.7600226823281049,fde,ml
2358,4.395173634008924,fde,ml
2359,5.582802533273204,fde,ml
2360,1.3933151005080129,fde,ml
2361,0.8208324759696172,fde,ml
2362,3.9698924077934037,fde,ml
2363,0.3953699709386138,fde,ml
2364,0.4959437152333568,fde,ml
2365,0.4015319325726585,fde,ml
2366,0.9384772826158133,fde,ml
2367,1.4987747377173952,fde,ml
2368,0.405555333916827,fde,ml
2369,0.3691501508893395,fde,ml
2370,1.755854140121273,fde,ml
2371,1.301125393825718,fde,ml
2372,1.141955439279875,fde,ml
2373,4.084380024420005,fde,ml
2374,0.3300463978715974,fde,ml
2375,2.525443088172263,fde,ml
2376,2.858236939906014,fde,ml
2377,2.745466384375499,fde,ml
2378,1.405637149440248,fde,ml
2379,3.032326690935764,fde,ml
2380,0.5133950237162792,fde,ml
2381,3.375693649526612,fde,ml
2382,1.8112280316509182,fde,ml
2383,1.6418482343902463,fde,ml
2384,1.9949783624055841,fde,ml
2385,2.243838978220782,fde,ml
2386,0.4918532267426822,fde,ml
2387,0.33258510321587953,fde,ml
2388,1.2031602198548026,fde,ml
2389,0.36589772310270635,fde,ml
2390,0.36800010858995275,fde,ml
2391,0.7366385434242543,fde,ml
2392,0.2296055765859597,fde,ml
2393,1.2473817023597713,fde,ml
2394,4.039081443305279,fde,ml
2395,0.3654127801256989,fde,ml
2396,1.5856583339254202,fde,ml
2397,3.5132729590985567,fde,ml
2398,0.8283080897870138,fde,ml
2399,1.5387862438341813,fde,ml
2400,4.2767760526648875,fde,ml
2401,2.7544220214788497,fde,ml
2402,3.6498356699204555,fde,ml
2403,1.9296209627939307,fde,ml
2404,1.8998201672672927,fde,ml
2405,2.3397466062312,fde,ml
2406,3.0063704661601967,fde,ml
2407,0.4787285359895608,fde,ml
2408,0.3173802554796901,fde,ml
2409,0.7370569528047884,fde,ml
2410,0.35064262596036194,fde,ml
2411,0.3707620349367134,fde,ml
2412,0.9326593389258043,fde,ml
2413,0.3182449212784099,fde,ml
2414,1.4408368918549186,fde,ml
2415,3.9668350773241223,fde,ml
2416,0.40663463603912287,fde,ml
2417,1.6032864854483295,fde,ml
2418,4.308558142811737,fde,ml
2419,0.5728127707728173,fde,ml
2420,1.2442412710702289,fde,ml
2421,0.673816624752942,fde,ml
2422,0.7703417250658217,fde,ml
2423,3.219078997244281,fde,ml
2424,1.2054770187527346,fde,ml
2425,1.666861442963425,fde,ml
2426,2.2303651005304137,fde,ml
2427,2.3181006789540546,fde,ml
2428,0.4436342779309929,fde,ml
2429,0.3235535183883522,fde,ml
2430,0.5420359737484874,fde,ml
2431,0.3716391525976518,fde,ml
2432,0.36772086314568775,fde,ml
2433,0.3649791436822406,fde,ml
2434,0.3372476414813336,fde,ml
2435,0.5211745101898702,fde,ml
2436,6.074828782145908,fde,ml
2437,0.45474036872532886,fde,ml
2438,1.6366302991195896,fde,ml
2439,4.16101520956211,fde,ml
2440,1.1347861131191477,fde,ml
2441,1.69884914757663,fde,ml
2442,0.6146956274138043,fde,ml
2443,0.3090114192616976,fde,ml
2444,2.9152275404525128,fde,ml
2445,1.1246494645341885,fde,ml
2446,1.4567013295080957,fde,ml
2447,2.5954758255722394,fde,ml
2448,2.134671364987176,fde,ml
2449,0.4115761758851905,fde,ml
2450,0.33302912520439454,fde,ml
2451,0.3689929487298832,fde,ml
2452,0.40994121656035687,fde,ml
2453,0.3680295438686307,fde,ml
2454,0.58669821988029,fde,ml
2455,1.3945118819002937,fde,ml
2456,0.22954242726883792,fde,ml
2457,4.265868781880331,fde,ml
2458,0.5114902636618731,fde,ml
2459,1.5781410994983383,fde,ml
2460,4.711144959666419,fde,ml
2461,1.141840623138126,fde,ml
2462,1.1987608827300318,fde,ml
2463,0.8685646452677398,fde,ml
2464,0.34114020005684403,fde,ml
2465,3.0588530642175185,fde,ml
2466,1.0463824964846316,fde,ml
2467,1.6482749225617732,fde,ml
2468,2.639991627528115,fde,ml
2469,1.9447579532673855,fde,ml
2470,0.3280969166625935,fde,ml
2471,0.3347832608238161,fde,ml
2472,0.4243250116265903,fde,ml
2473,0.4245990967896889,fde,ml
2474,0.3672863296719448,fde,ml
2475,0.1467795197252589,fde,ml
2476,0.9278187534159217,fde,ml
2477,0.16742095705794954,fde,ml
2478,3.1756713149184246,fde,ml
2479,0.5593202351452667,fde,ml
2480,1.614416014488493,fde,ml
2481,5.566224062328529,fde,ml
2482,1.2654628764209717,fde,ml
2483,1.2883215757234383,fde,ml
2484,0.3425240570097328,fde,ml
2485,0.38140992517492384,fde,ml
2486,1.5317185809350675,fde,ml
2487,1.9563984390748204,fde,ml
2488,1.4430256812925037,fde,ml
2489,1.0081234329399125,fde,ml
2490,0.9999299846090134,fde,ml
2491,0.3277520278304234,fde,ml
2492,0.36683090310410754,fde,ml
2493,0.31711215054901337,fde,ml
2494,0.3850952740285801,fde,ml
2495,0.3652166855902691,fde,ml
2496,0.9084154904099986,fde,ml
2497,0.5267094049144295,fde,ml
2498,0.0734594722756058,fde,ml
2499,4.701155969015036,fde,ml
2500,0.4379255762540969,fde,ml
2501,1.6835054999192025,fde,ml
2502,4.230266106630623,fde,ml
2503,3.2638090705890854,fde,ml
2504,1.328672305484785,fde,ml
2505,0.37872550602614763,fde,ml
2506,0.40627667608563106,fde,ml
2507,1.0209778967707812,fde,ml
2508,2.1804446468058476,fde,ml
2509,1.5719085240916066,fde,ml
2510,0.9442179482345218,fde,ml
2511,1.023877247984642,fde,ml
2512,0.3256359751797263,fde,ml
2513,0.3661707065168052,fde,ml
2514,0.36652932773406144,fde,ml
2515,0.3750927665939833,fde,ml
2516,0.36813245607464534,fde,ml
2517,1.0078366671009324,fde,ml
2518,0.8151437950717039,fde,ml
2519,0.2453920700601318,fde,ml
2520,4.878256918002017,fde,ml
2521,0.42216066729330437,fde,ml
2522,1.6051046090249483,fde,ml
2523,5.452489834501282,fde,ml
2524,1.8641694970410432,fde,ml
2525,0.5591488300086396,fde,ml
2526,0.4149885463113081,fde,ml
2527,0.3952639818404963,fde,ml
2528,2.4369611252424543,fde,ml
2529,2.685609354859333,fde,ml
2530,0.9883357537965575,fde,ml
2531,2.031630349061649,fde,ml
2532,0.9541751411900815,fde,ml
2533,0.45568372486629577,fde,ml
2534,0.36887609767137775,fde,ml
2535,0.3301341544643073,fde,ml
2536,0.3536742197376159,fde,ml
2537,0.36668578218460646,fde,ml
2538,1.6593532326153035,fde,ml
2539,0.3073921355479025,fde,ml
2540,0.8921342455039769,fde,ml
2541,3.883332952109622,fde,ml
2542,0.4037317741164242,fde,ml
2543,1.3574931210475367,fde,ml
2544,7.352355250162616,fde,ml
2545,1.142119426567336,fde,ml
2546,1.0690955055160996,fde,ml
2547,0.4580132422164246,fde,ml
2548,0.36963802234988336,fde,ml
2549,3.0176770559666983,fde,ml
2550,2.5504619005665017,fde,ml
2551,1.5177529831019092,fde,ml
2552,2.4979953169000617,fde,ml
2553,0.8043654237978626,fde,ml
2554,0.5056620195440417,fde,ml
2555,0.3723195253821782,fde,ml
2556,0.48436000743107804,fde,ml
2557,0.33494327910208804,fde,ml
2558,0.3666185595371519,fde,ml
2559,1.537249945528003,fde,ml
2560,0.47036640213747033,fde,ml
2561,1.0651090838220254,fde,ml
2562,3.698878888484871,fde,ml
2563,0.3855708584725079,fde,ml
2564,1.3599921810340174,fde,ml
2565,7.907969002374559,fde,ml
2566,2.5248587235712705,fde,ml
2567,7.551172518892483,fde,ml
2568,1.4703703266015373,fde,ml
2569,0.488743098615193,fde,ml
2570,0.36162847737696924,fde,ml
2571,3.31915683874749,fde,ml
2572,3.105532063714209,fde,ml
2573,1.8266089045948193,fde,ml
2574,2.727910649026664,fde,ml
2575,0.46057437782113203,fde,ml
2576,0.5253312321131349,fde,ml
2577,0.3734131542835139,fde,ml
2578,0.4746636682863366,fde,ml
2579,0.3305059163592441,fde,ml
2580,0.37357466167048997,fde,ml
2581,1.7914354564365114,fde,ml
2582,0.9140950795974001,fde,ml
2583,1.3666794074076778,fde,ml
2584,3.8308382756338415,fde,ml
2585,0.3690402724998296,fde,ml
2586,1.4800875278906873,fde,ml
2587,10.148640989515517,fde,ml
2588,2.5133464813846182,fde,ml
2589,4.1301891650817195,fde,ml
2590,0.9753051723582737,fde,ml
2591,0.37869710796461303,fde,ml
2592,0.3897422972812642,fde,ml
2593,1.3464591467729956,fde,ml
2594,1.6661018022967953,fde,ml
2595,0.8381671899485256,fde,ml
2596,0.4003008951448878,fde,ml
2597,0.471651019286848,fde,ml
2598,0.30176580951525095,fde,ml
2599,0.37580709106731336,fde,ml
2600,0.38429953976747083,fde,ml
2601,0.32461144201663905,fde,ml
2602,0.37847236940346285,fde,ml
2603,1.0917484509754547,fde,ml
2604,2.018610211084716,fde,ml
2605,2.177281621063454,fde,ml
2606,6.951668281869873,fde,ml
2607,0.3493960694725281,fde,ml
2608,0.7366638709377543,fde,ml
2609,3.4822869460153822,fde,ml
2610,1.6611137241587586,fde,ml
2611,4.885396715599106,fde,ml
2612,1.499612647713325,fde,ml
2613,0.3650034218248321,fde,ml
2614,0.3861859772499602,fde,ml
2615,1.6915136418003838,fde,ml
2616,0.7754027926239204,fde,ml
2617,1.3834787916337863,fde,ml
2618,0.1571341464483874,fde,ml
2619,0.8286104768615937,fde,ml
2620,0.3973394190545955,fde,ml
2621,0.371980507167984,fde,ml
2622,0.3543876236572508,fde,ml
2623,0.32066509912756125,fde,ml
2624,0.37984824531523276,fde,ml
2625,1.1123978996402701,fde,ml
2626,1.5084309358966415,fde,ml
2627,1.835004733272787,fde,ml
2628,6.615275404655773,fde,ml
2629,0.3347116243792315,fde,ml
2630,0.4233598700952068,fde,ml
2631,7.193453810206536,fde,ml
2632,1.0711444822404752,fde,ml
2633,4.1455221632205035,fde,ml
2634,1.1617695219966713,fde,ml
2635,0.3734792843226122,fde,ml
2636,0.3795746731138093,fde,ml
2637,2.5013810185436935,fde,ml
2638,2.751925517781346,fde,ml
2639,0.8894015378731435,fde,ml
2640,1.2766930710454027,fde,ml
2641,0.6459450341092594,fde,ml
2642,0.4286216270425306,fde,ml
2643,0.37007568313370115,fde,ml
2644,0.30371884884106654,fde,ml
2645,0.3462728365774503,fde,ml
2646,0.3814933169663232,fde,ml
2647,0.7936914740367129,fde,ml
2648,0.29457032558287505,fde,ml
2649,0.8864912565635334,fde,ml
2650,5.43359297329843,fde,ml
2651,0.3452892550613902,fde,ml
2652,0.33447440260633665,fde,ml
2653,5.451450908132864,fde,ml
2654,0.3921516815527863,fde,ml
2655,2.7131569303859795,fde,ml
2656,1.428336646078225,fde,ml
2657,0.4169393746536636,fde,ml
2658,0.3641881363966058,fde,ml
2659,3.068796602174546,fde,ml
2660,3.8546270878688302,fde,ml
2661,0.24660740339057544,fde,ml
2662,2.0622164671429752,fde,ml
2663,0.8874462212529272,fde,ml
2664,0.39335837254764805,fde,ml
2665,0.3691923934248784,fde,ml
2666,0.3032145940655563,fde,ml
2667,0.3805354671623054,fde,ml
2668,0.38259997001814783,fde,ml
2669,0.8542455439856683,fde,ml
2670,1.9403018739954656,fde,ml
2671,0.6612185295368003,fde,ml
2672,4.59587019238263,fde,ml
2673,0.36349051436298224,fde,ml
2674,0.3368937046138864,fde,ml
2675,3.8555565236685583,fde,ml
2676,1.582285171818642,fde,ml
2677,2.419202294337002,fde,ml
2678,6.496095491200577,fde,ml
2679,0.37798768142785677,fde,ml
2680,4.093082050638346,fde,ml
2681,0.32588167752104924,fde,ml
2682,6.291641364882135,fde,ml
2683,0.3671341547981563,fde,ml
2684,0.38300505720317435,fde,ml
2685,5.18674362960308,fde,ml
2686,3.023864886141621,fde,ml
2687,5.721503630568104,fde,ml
2688,15.773813564286808,fde,ml
2689,2.144246760606927,fde,ml
2690,1.7553260274181357,fde,ml
2691,6.664754559708441,fde,ml
2692,2.5365571163790888,fde,ml
2693,7.662351166462641,fde,ml
2694,0.4340626807704149,fde,ml
2695,2.6816014501079226,fde,ml
2696,0.4323873924958797,fde,ml
2697,3.1755890686820605,fde,ml
2698,0.43238829065391565,fde,ml
2699,0.43712339848101606,fde,ml
2700,2.710313007196307,fde,ml
2701,1.3733264625289476,fde,ml
2702,5.489570231241574,fde,ml
2703,11.44006742479058,fde,ml
2704,1.3022244395084412,fde,ml
2705,1.6714980949641383,fde,ml
2706,3.592494127500313,fde,ml
2707,0.25146066742676265,fde,ml
2708,6.113103250121737,fde,ml
2709,0.37495836221943235,fde,ml
2710,1.9618412382616346,fde,ml
2711,0.4413718931339458,fde,ml
2712,1.9162484125798802,fde,ml
2713,0.4413728317916235,fde,ml
2714,0.44151745437932105,fde,ml
2715,2.747973292499368,fde,ml
2716,2.0830288389499465,fde,ml
2717,1.5746753133869065,fde,ml
2718,9.335035391521398,fde,ml
2719,1.4143811654396659,fde,ml
2720,1.7417046483245087,fde,ml
2721,2.3623324465660063,fde,ml
2722,0.5921932872479921,fde,ml
2723,2.759144733313091,fde,ml
2724,0.31531296556998883,fde,ml
2725,0.3379261324229599,fde,ml
2726,0.4358445057195655,fde,ml
2727,0.4423531874928991,fde,ml
2728,0.43584572125100324,fde,ml
2729,0.43541871541571275,fde,ml
2730,4.152282699782704,fde,ml
2731,3.6611363849825516,fde,ml
2732,1.5461076423592115,fde,ml
2733,10.281053456819063,fde,ml
2734,1.5911878102371593,fde,ml
2735,1.7696523471603485,fde,ml
2736,2.294009479216167,fde,ml
2737,0.34585535271439327,fde,ml
2738,1.4471800135594155,fde,ml
2739,3.142649620809539,fde,ml
2740,5.759851518063204,fde,ml
2741,0.7013723706090553,fde,ml
2742,1.1692268752628017,fde,ml
2743,0.43004823024736155,fde,ml
2744,1.4410839298500233,fde,ml
2745,0.43004923399300216,fde,ml
2746,0.4203223164070006,fde,ml
2747,4.686720995290132,fde,ml
2748,2.5523685070291564,fde,ml
2749,0.8902897631738368,fde,ml
2750,9.282435845621906,fde,ml
2751,1.2726378722820377,fde,ml
2752,2.04369592258003,fde,ml
2753,2.702451591086787,fde,ml
2754,0.8499154491428763,fde,ml
2755,0.6040901231160162,fde,ml
2756,1.8207700421436486,fde,ml
2757,1.4792118002814005,fde,ml
2758,0.7918526756185579,fde,ml
2759,0.427551829870892,fde,ml
2760,1.3192424231143824,fde,ml
2761,0.4275525167000778,fde,ml
2762,0.399355330239527,fde,ml
2763,1.5809169732874515,fde,ml
2764,3.6331815508802645,fde,ml
2765,2.0300814840378574,fde,ml
2766,8.85113505068161,fde,ml
2767,1.0949883424884521,fde,ml
2768,1.566129575238316,fde,ml
2769,2.2395768156749414,fde,ml
2770,0.908215102925403,fde,ml
2771,0.6947787726330208,fde,ml
2772,1.7225542538257996,fde,ml
2773,2.418898986369107,fde,ml
2774,1.3813099778856193,fde,ml
2775,0.4281014910968329,fde,ml
2776,1.3170788132180584,fde,ml
2777,0.42810266447392264,fde,ml
2778,0.38731598553846985,fde,ml
2779,1.1591904412710952,fde,ml
2780,2.9190751792224736,fde,ml
2781,0.517039184626029,fde,ml
2782,7.992501474780095,fde,ml
2783,0.8705370351209561,fde,ml
2784,1.7782325034798923,fde,ml
2785,2.5715872986979282,fde,ml
2786,1.5040028638360108,fde,ml
2787,1.0397036427185742,fde,ml
2788,0.38127478033172285,fde,ml
2789,3.6733609556863214,fde,ml
2790,1.9845654292850294,fde,ml
2791,0.43031640194141346,fde,ml
2792,1.501538033886413,fde,ml
2793,0.4303175116861139,fde,ml
2794,0.39438474930334794,fde,ml
2795,0.9212417867963809,fde,ml
2796,1.300801803400624,fde,ml
2797,0.23377959924587685,fde,ml
2798,7.412185877294984,fde,ml
2799,0.7424129139697673,fde,ml
2800,1.7978765691900576,fde,ml
2801,2.6752911505388663,fde,ml
2802,1.3397267018244312,fde,ml
2803,1.5218671699977193,fde,ml
2804,1.145595205563311,fde,ml
2805,4.910782578589579,fde,ml
2806,3.3350777428033256,fde,ml
2807,0.43031640194141346,fde,ml
2808,1.2379588424450931,fde,ml
2809,0.4303175116861139,fde,ml
2810,0.4148759735377584,fde,ml
2811,1.6858754531973343,fde,ml
2812,0.8221745508939802,fde,ml
2813,0.8574442952992226,fde,ml
2814,7.626394715389162,fde,ml
2815,0.2669746702444179,fde,ml
2816,1.8406650776111642,fde,ml
2817,3.4578724998109003,fde,ml
2818,1.7179531118294822,fde,ml
2819,1.3289227170986297,fde,ml
2820,2.3598283337044808,fde,ml
2821,6.8413575659390995,fde,ml
2822,2.960503236200835,fde,ml
2823,0.43031640194141346,fde,ml
2824,1.3304243950698134,fde,ml
2825,0.4303175116861139,fde,ml
2826,0.2780906436784315,fde,ml
2827,1.74814069172243,fde,ml
2828,0.9228247952979832,fde,ml
2829,1.6619464346637642,fde,ml
2830,7.503234178370598,fde,ml
2831,0.46539512545970224,fde,ml
2832,1.9710792222330322,fde,ml
2833,3.39355916799836,fde,ml
2834,1.1971408683635842,fde,ml
2835,1.719274835048442,fde,ml
2836,2.406646645095625,fde,ml
2837,6.272435231772969,fde,ml
2838,1.7676917090532676,fde,ml
2839,0.43031640194141346,fde,ml
2840,1.0989727582230835,fde,ml
2841,0.4303175116861139,fde,ml
2842,0.22767167993089904,fde,ml
2843,1.2304694388677129,fde,ml
2844,4.013630488548461,fde,ml
2845,2.813399117058704,fde,ml
2846,7.064792251111224,fde,ml
2847,1.032216245506737,fde,ml
2848,1.558800060158264,fde,ml
2849,2.993075928677544,fde,ml
2850,1.1086939208213642,fde,ml
2851,2.7878714984979425,fde,ml
2852,2.702522363484609,fde,ml
2853,7.877272140246,fde,ml
2854,1.5846704468879027,fde,ml
2855,0.43031640194141346,fde,ml
2856,0.9069149691321498,fde,ml
2857,0.4303175116861139,fde,ml
2858,0.3117629086546749,fde,ml
2859,1.4150992417528734,fde,ml
2860,4.0121431696941725,fde,ml
2861,2.3239022121605246,fde,ml
2862,7.103481512559929,fde,ml
2863,1.2029178351730283,fde,ml
2864,1.6705963275186628,fde,ml
2865,3.024762714480629,fde,ml
2866,0.7124711534308215,fde,ml
2867,3.941015615264881,fde,ml
2868,1.4705138450813136,fde,ml
2869,7.225929814027804,fde,ml
2870,2.9073265595675197,fde,ml
2871,0.43031640194141346,fde,ml
2872,1.557220202806134,fde,ml
2873,0.4303175116861139,fde,ml
2874,0.559406345652114,fde,ml
2875,1.2408856213325197,fde,ml
2876,2.988014107348507,fde,ml
2877,1.5284704748992304,fde,ml
2878,7.699974305650871,fde,ml
2879,0.7152961297882952,fde,ml
2880,1.7419631275602687,fde,ml
2881,3.446664420487394,fde,ml
2882,0.3368057110374778,fde,ml
2883,3.1781173625248713,fde,ml
2884,1.0510506900355931,fde,ml
2885,4.703279620517719,fde,ml
2886,3.5375177629644035,fde,ml
2887,0.43031640194141346,fde,ml
2888,2.193397397118903,fde,ml
2889,0.4303175116861139,fde,ml
2890,0.8372409214783462,fde,ml
2891,1.5303908683364793,fde,ml
2892,2.770043486468354,fde,ml
2893,1.6074576469059547,fde,ml
2894,9.528256062087392,fde,ml
2895,1.0340352044857006,fde,ml
2896,1.7493412752219788,fde,ml
2897,3.34765536728056,fde,ml
2898,0.9713851974989416,fde,ml
2899,2.6688201089912056,fde,ml
2900,2.619456184539786,fde,ml
2901,6.978087529052712,fde,ml
2902,3.6636967167742376,fde,ml
2903,0.43031640194141346,fde,ml
2904,2.221875538266139,fde,ml
2905,0.4472855414557861,fde,ml
2906,1.2285238179019982,fde,ml
2907,1.877146018701255,fde,ml
2908,2.526480684575823,fde,ml
2909,1.8556536898477478,fde,ml
2910,8.645528402535009,fde,ml
2911,1.1370368268519444,fde,ml
2912,1.7965181851122913,fde,ml
2913,3.681265617406039,fde,ml
2914,0.7912304079607937,fde,ml
2915,3.091958297798214,fde,ml
2916,0.2965107801532877,fde,ml
2917,1.3467368084462497,fde,ml
2918,2.641742319725067,fde,ml
2919,0.43031640194141346,fde,ml
2920,0.881563280773088,fde,ml
2921,0.3662078350059797,fde,ml
2922,1.285022668309062,fde,ml
2923,1.7624936659449673,fde,ml
2924,3.4955300247854937,fde,ml
2925,2.8406177201524834,fde,ml
2926,6.454662455601082,fde,ml
2927,2.457558346423521,fde,ml
2928,1.7967971593895238,fde,ml
2929,3.060950951307128,fde,ml
2930,1.5473443018797204,fde,ml
2931,3.1549535707953917,fde,ml
2932,5.2400098418286145,fde,ml
2933,1.012766183726335,fde,ml
2934,2.6274353245504316,fde,ml
2935,2.6025508352046964,fde,ml
2936,0.43031640194141346,fde,ml
2937,0.5930803511435829,fde,ml
2938,0.3718943615101206,fde,ml
2939,1.61062348397721,fde,ml
2940,1.8691713933770004,fde,ml
2941,3.138041182752688,fde,ml
2942,2.236618352476974,fde,ml
2943,7.072191736026301,fde,ml
2944,2.1018281169752053,fde,ml
2945,1.8820661029556716,fde,ml
2946,3.406609478899075,fde,ml
2947,1.2226532478459953,fde,ml
2948,3.950854365657429,fde,ml
2949,3.365537780893204,fde,ml
2950,1.8016257052125695,fde,ml
2951,1.3261608656627573,fde,ml
2952,1.140732129181788,fde,ml
2953,0.43031640194141346,fde,ml
2954,0.7728571105194012,fde,ml
2955,0.3712974345298201,fde,ml
2956,1.5547354161456461,fde,ml
2957,2.13911168327265,fde,ml
2958,3.493854762477842,fde,ml
2959,2.1869410210667515,fde,ml
2960,6.920269990787698,fde,ml
2961,2.1635758352784724,fde,ml
2962,1.7664753367497754,fde,ml
2963,3.1381720326642113,fde,ml
2964,1.1123778924655168,fde,ml
2965,3.020560228355476,fde,ml
2966,2.2068083868107613,fde,ml
2967,2.588029333018036,fde,ml
2968,0.3991235818189187,fde,ml
2969,1.0006557727029508,fde,ml
2970,0.4470838854141347,fde,ml
2971,1.1176956618042366,fde,ml
2972,0.3706982710018213,fde,ml
2973,1.156769449223447,fde,ml
2974,2.379973943613149,fde,ml
2975,3.5936456156245407,fde,ml
2976,1.9352237672516959,fde,ml
2977,7.021973090816681,fde,ml
2978,2.097522293117461,fde,ml
2979,1.7210162641924396,fde,ml
2980,3.1143345980707835,fde,ml
2981,1.4144148919941557,fde,ml
2982,1.6375027097801265,fde,ml
2983,1.6699208698900163,fde,ml
2984,3.119934677385691,fde,ml
2985,1.3482520754221816,fde,ml
2986,1.1022757186665386,fde,ml
2987,0.365089409918984,fde,ml
2988,1.3983299298947873,fde,ml
2989,0.37249193525932317,fde,ml
2990,1.1304029128652238,fde,ml
2991,2.888322426502062,fde,ml
2992,3.8316499994447897,fde,ml
2993,1.6764436779703515,fde,ml
2994,7.310149177284822,fde,ml
2995,2.072186302315706,fde,ml
2996,1.8069823009234236,fde,ml
2997,1.2817231852912043,fde,ml
2998,1.4612258234077145,fde,ml
2999,1.779175650803432,fde,ml
3000,1.9631146028979791,fde,ml
3001,1.3880408797087538,fde,ml
3002,2.3705362701535,fde,ml
3003,0.3712685021601837,fde,ml
3004,2.7277422877774242,fde,ml
3005,0.369222724344018,fde,ml
3006,1.003440463214664,fde,ml
3007,2.4117967957540354,fde,ml
3008,0.7008184083638705,fde,ml
3009,0.7881143507979814,fde,ml
3010,9.275274875090496,fde,ml
3011,0.5970594437055662,fde,ml
3012,2.1360818880761085,fde,ml
3013,3.4503610064298416,fde,ml
3014,0.5678620179195542,fde,ml
3015,2.814576509171199,fde,ml
3016,2.4913606446511567,fde,ml
3017,2.260926125671918,fde,ml
3018,2.3134701153763286,fde,ml
3019,0.37177844993825687,fde,ml
3020,3.5653008790895497,fde,ml
3021,0.3704170698888655,fde,ml
3022,0.945485445329552,fde,ml
3023,2.2813379831478087,fde,ml
3024,1.8871759807113626,fde,ml
3025,0.8237047541775778,fde,ml
3026,9.17430455776654,fde,ml
3027,1.0033109363484278,fde,ml
3028,2.1504577068505055,fde,ml
3029,3.6418153403232725,fde,ml
3030,1.486407773524582,fde,ml
3031,3.5907779363315147,fde,ml
3032,2.888276204322627,fde,ml
3033,0.8756424817286895,fde,ml
3034,0.7898728261380826,fde,ml
3035,0.46179654530051745,fde,ml
3036,3.083940753012026,fde,ml
3037,0.369997214335847,fde,ml
3038,0.5059158012654291,fde,ml
3039,0.6349928389298772,fde,ml
3040,2.8094163950722186,fde,ml
3041,0.6415709455035842,fde,ml
3042,8.389018544336887,fde,ml
3043,0.15853687972123862,fde,ml
3044,1.871058591361574,fde,ml
3045,1.9927688105884829,fde,ml
3046,0.162480845974692,fde,ml
3047,3.1647504482497637,fde,ml
3048,3.2393806445120124,fde,ml
3049,0.13804025608966047,fde,ml
3050,1.1593966231211639,fde,ml
3051,0.4515181890364515,fde,ml
3052,2.4969690978462187,fde,ml
3053,0.36925518316368366,fde,ml
3054,0.04734903134788767,fde,ml
3055,1.3107073258527273,fde,ml
3056,3.198731450950708,fde,ml
3057,1.2849204881783443,fde,ml
3058,7.739020932688019,fde,ml
3059,0.6201002788031597,fde,ml
3060,1.7744270497088237,fde,ml
3061,0.4350645498398882,fde,ml
3062,1.4117008220312468,fde,ml
3063,2.3812703556078896,fde,ml
3064,3.5428654270714808,fde,ml
3065,0.45520267311344076,fde,ml
3066,1.1710267579894853,fde,ml
3067,0.4435183633495005,fde,ml
3068,2.21373928124381,fde,ml
3069,0.3698684933589212,fde,ml
3070,0.14479285379369622,fde,ml
3071,1.3508901561349644,fde,ml
3072,3.3142207685998026,fde,ml
3073,1.1575808117710278,fde,ml
3074,7.735473084007161,fde,ml
3075,0.6942538081184871,fde,ml
3076,1.8480723434519284,fde,ml
3077,0.7220187545022031,fde,ml
3078,0.9306038957697363,fde,ml
3079,2.178957042331018,fde,ml
3080,3.2757802050982594,fde,ml
3081,0.4777484455085252,fde,ml
3082,1.2743876203212552,fde,ml
3083,0.45488919426609187,fde,ml
3084,1.7188615230269297,fde,ml
3085,0.3678795855674386,fde,ml
3086,0.6531586925666494,fde,ml
3087,0.8814376125825465,fde,ml
3088,3.065435658626506,fde,ml
3089,1.5315607974057543,fde,ml
3090,7.766022219639563,fde,ml
3091,0.8477880118552023,fde,ml
3092,1.4646744479342733,fde,ml
3093,0.4186862199656421,fde,ml
3094,1.5540524643969964,fde,ml
3095,2.2305269436976465,fde,ml
3096,3.705362328256323,fde,ml
3097,0.8132595449860569,fde,ml
3098,0.8391232055096589,fde,ml
3099,0.4631897324817867,fde,ml
3100,1.0155150183409443,fde,ml
3101,0.36867282382540817,fde,ml
3102,0.7245634177741712,fde,ml
3103,1.2556070779033852,fde,ml
3104,3.304640408281708,fde,ml
3105,1.7019853450335396,fde,ml
3106,7.030400799639733,fde,ml
3107,1.223883689582105,fde,ml
3108,1.5573861030836522,fde,ml
3109,0.5114988411265557,fde,ml
3110,1.5543758890582418,fde,ml
3111,1.8467124995857864,fde,ml
3112,3.5843601300241428,fde,ml
3113,0.9286272678511098,fde,ml
3114,1.430179617833368,fde,ml
3115,0.46192921619202504,fde,ml
3116,0.5219057375892883,fde,ml
3117,0.368053814568161,fde,ml
3118,0.22606307647349758,fde,ml
3119,1.169373878399163,fde,ml
3120,1.9431541827190715,fde,ml
3121,1.6590988790838197,fde,ml
3122,6.8595960768337445,fde,ml
3123,0.953522082141835,fde,ml
3124,1.6550399270276004,fde,ml
3125,1.1238869953574835,fde,ml
3126,1.7691216414571402,fde,ml
3127,1.5797652867427823,fde,ml
3128,3.954495993498708,fde,ml
3129,1.0483225098520825,fde,ml
3130,1.74518674552726,fde,ml
3131,0.3662286129641006,fde,ml
3132,0.7657530416730368,fde,ml
3133,0.36787530968927845,fde,ml
3134,0.5533023928326672,fde,ml
3135,1.9127055729708005,fde,ml
3136,2.2820047624445,fde,ml
3137,1.682534786695191,fde,ml
3138,7.053627758855259,fde,ml
3139,0.649735413687257,fde,ml
3140,2.323588718478196,fde,ml
3141,1.3861534122358132,fde,ml
3142,2.094307309663341,fde,ml
3143,1.5652304950451839,fde,ml
3144,4.922212785307355,fde,ml
3145,0.4583056484697522,fde,ml
3146,3.3142874523920267,fde,ml
3147,0.36792914769541696,fde,ml
3148,0.7118843283114064,fde,ml
3149,0.3684663706832265,fde,ml
3150,0.4727510218522622,fde,ml
3151,2.077850374608288,fde,ml
3152,1.4560069154026576,fde,ml
3153,1.186539219766776,fde,ml
3154,7.366556047444579,fde,ml
3155,0.45598021119416,fde,ml
3156,2.387816427550901,fde,ml
3157,2.1050596639649766,fde,ml
3158,0.9963931510373932,fde,ml
3159,1.7260790040247433,fde,ml
3160,4.687499014442029,fde,ml
3161,1.2029390436484189,fde,ml
3162,2.220111725975637,fde,ml
3163,0.3665096444970628,fde,ml
3164,1.2584109034602642,fde,ml
3165,0.3656597306672795,fde,ml
3166,0.7275044650173844,fde,ml
3167,0.7371689172863063,fde,ml
3168,2.7570872080174693,fde,ml
3169,1.7735339006146515,fde,ml
3170,6.733950259366552,fde,ml
3171,0.7884059541436707,fde,ml
3172,1.5557517480604257,fde,ml
3173,0.4917764170902038,fde,ml
3174,0.9063767976980875,fde,ml
3175,1.114379531730718,fde,ml
3176,5.602123642163499,fde,ml
3177,0.16377947968988513,fde,ml
3178,2.609525982984298,fde,ml
3179,1.478324456785202,fde,ml
3180,0.3263451580582628,fde,ml
3181,0.3470645226345089,fde,ml
3182,3.7939126055126255,fde,ml
3183,0.3536850322306811,fde,ml
3184,2.7552870837519023,fde,ml
3185,7.193726855254356,fde,ml
3186,2.2343333968956967,fde,ml
3187,2.4118969539609307,fde,ml
3188,0.2618102323468331,fde,ml
3189,9.020676957337786,fde,ml
3190,0.4444635424991967,fde,ml
3191,3.885097520760484,fde,ml
3192,0.3437034178162079,fde,ml
3193,0.3438703872483545,fde,ml
3194,5.369314413840748,fde,ml
3195,3.116991560655336,fde,ml
3196,1.3202947918259778,fde,ml
3197,0.2060427854983885,fde,ml
3198,2.4756400371168277,fde,ml
3199,1.3538008077179633,fde,ml
3200,0.3842891071316409,fde,ml
3201,0.40365061198994073,fde,ml
3202,1.404306041532918,fde,ml
3203,0.3870933232312652,fde,ml
3204,2.5287019615381663,fde,ml
3205,1.887366944336681,fde,ml
3206,1.1794391229554193,fde,ml
3207,3.3355478368384737,fde,ml
3208,0.3912773794970575,fde,ml
3209,2.0142933828434906,fde,ml
3210,0.3821316169284825,fde,ml
3211,0.37773361225613394,fde,ml
3212,3.5982043663457257,fde,ml
3213,0.275683466376961,fde,ml
3214,0.5797906622892492,fde,ml
3215,0.24127330504879377,fde,ml
3216,2.4838944208165974,fde,ml
3217,1.5090730806684702,fde,ml
3218,0.380347023014409,fde,ml
3219,0.38554253948798983,fde,ml
3220,0.5694595219692569,fde,ml
3221,0.3849638371222121,fde,ml
3222,2.022184255386892,fde,ml
3223,2.8532820177657006,fde,ml
3224,2.52275446600818,fde,ml
3225,3.6450799174239785,fde,ml
3226,0.39455602019772057,fde,ml
3227,1.763344804575882,fde,ml
3228,0.3771687760383555,fde,ml
3229,0.3769739532024506,fde,ml
3230,1.2917858256401529,fde,ml
3231,0.14376374306359582,fde,ml
3232,0.01632331814752537,fde,ml
3233,0.37040947458755275,fde,ml
3234,2.5138095817636006,fde,ml
3235,1.5505414832751916,fde,ml
3236,0.3720580076343168,fde,ml
3237,0.3564452924801069,fde,ml
3238,0.6220549676582864,fde,ml
3239,0.375529455836456,fde,ml
3240,1.505460585992268,fde,ml
3241,3.0000823964978056,fde,ml
3242,2.902877058552144,fde,ml
3243,3.220713997966832,fde,ml
3244,0.3873414851588132,fde,ml
3245,1.9432806954236472,fde,ml
3246,0.37178597692151893,fde,ml
3247,0.37146611693126735,fde,ml
3248,0.5868144434196062,fde,ml
3249,0.45252635954503734,fde,ml
3250,0.14829230341861768,fde,ml
3251,0.3654816145882172,fde,ml
3252,2.3054185863279875,fde,ml
3253,1.5919942486482324,fde,ml
3254,0.3670726499134762,fde,ml
3255,0.3174900302670287,fde,ml
3256,1.2543470367348848,fde,ml
3257,0.3684505438826279,fde,ml
3258,1.249753013886223,fde,ml
3259,2.6533309004222936,fde,ml
3260,2.655847314208423,fde,ml
3261,2.8346632726057517,fde,ml
3262,0.3862383417408939,fde,ml
3263,2.267874534378581,fde,ml
3264,0.36564396068280436,fde,ml
3265,0.36528220514953674,fde,ml
3266,0.7140014809194767,fde,ml
3267,1.0600982824596015,fde,ml
3268,0.6228607777165428,fde,ml
3269,0.36571828790444927,fde,ml
3270,1.9220934123468532,fde,ml
3271,1.5844611148744487,fde,ml
3272,0.36057076563346735,fde,ml
3273,0.3586203639659053,fde,ml
3274,1.891477428207946,fde,ml
3275,0.3637097241319021,fde,ml
3276,1.730680284525086,fde,ml
3277,0.8993155704740071,fde,ml
3278,1.6731558711772623,fde,ml
3279,2.305161678114266,fde,ml
3280,0.3816376905254634,fde,ml
3281,1.665531877973699,fde,ml
3282,0.3649300977504134,fde,ml
3283,0.36454484321370645,fde,ml
3284,0.8593784770099892,fde,ml
3285,4.8912429763738805,fde,ml
3286,1.2055380602588728,fde,ml
3287,0.37038063396054494,fde,ml
3288,1.368354884270414,fde,ml
3289,1.5578217485264556,fde,ml
3290,0.3669315927324731,fde,ml
3291,0.3617922456773433,fde,ml
3292,2.892020297102639,fde,ml
3293,0.3656168866269926,fde,ml
3294,2.156061978657712,fde,ml
3295,0.7446633148243006,fde,ml
3296,1.242995623038138,fde,ml
3297,1.6323272727169775,fde,ml
3298,0.38504685018355866,fde,ml
3299,2.0962989434247383,fde,ml
3300,0.36703838071699685,fde,ml
3301,0.36663811703598453,fde,ml
3302,1.576954422022687,fde,ml
3303,5.122043522791922,fde,ml
3304,0.4522453065852255,fde,ml
3305,0.36146193600064147,fde,ml
3306,1.0792439917100383,fde,ml
3307,1.3956220956611443,fde,ml
3308,0.36878748312403886,fde,ml
3309,0.35299207199218174,fde,ml
3310,1.8112323908563102,fde,ml
3311,0.36736389446327233,fde,ml
3312,2.4719411820772432,fde,ml
3313,0.8441909365436218,fde,ml
3314,1.2757393603802443,fde,ml
3315,2.458608563706695,fde,ml
3316,0.3847533885395344,fde,ml
3317,1.4830935997435406,fde,ml
3318,0.3699354422103579,fde,ml
3319,0.36954169221705224,fde,ml
3320,1.2553076589386893,fde,ml
3321,3.170456999656448,fde,ml
3322,0.42334807709938144,fde,ml
3323,0.3665108896995621,fde,ml
3324,1.0461209008437724,fde,ml
3325,1.2714926145148453,fde,ml
3326,0.3685348545401186,fde,ml
3327,0.33394252265024377,fde,ml
3328,1.0961183538181238,fde,ml
3329,0.3669968285164328,fde,ml
3330,2.801287762976512,fde,ml
3331,1.0337121162327638,fde,ml
3332,1.287740300875304,fde,ml
3333,2.6664990474159795,fde,ml
3334,0.3849744759038275,fde,ml
3335,1.3423229186317436,fde,ml
3336,0.36935555635165207,fde,ml
3337,0.36940291427014926,fde,ml
3338,1.213260271832684,fde,ml
3339,2.0419468451331966,fde,ml
3340,0.6047678313733158,fde,ml
3341,0.41184823304555235,fde,ml
3342,1.313445296427725,fde,ml
3343,0.36742824891548587,fde,ml
3344,0.400176862902228,fde,ml
3345,1.2406557176243305,fde,ml
3346,0.36928088664255804,fde,ml
3347,3.2212917137082284,fde,ml
3348,1.1582555994356099,fde,ml
3349,1.4340441627249867,fde,ml
3350,2.762543046056837,fde,ml
3351,0.387162941872803,fde,ml
3352,1.0759153480336863,fde,ml
3353,0.3701621963501272,fde,ml
3354,0.3695572465341851,fde,ml
3355,0.8787748666963192,fde,ml
3356,1.7025999207050806,fde,ml
3357,0.7095535544756931,fde,ml
3358,0.4487534432415312,fde,ml
3359,1.6558659075722115,fde,ml
3360,0.3646635605090551,fde,ml
3361,0.4943153454943387,fde,ml
3362,0.2513782789580127,fde,ml
3363,0.3667486250359088,fde,ml
3364,1.573250487748916,fde,ml
3365,2.7540785728348687,fde,ml
3366,2.097172503713997,fde,ml
3367,2.780273320657175,fde,ml
3368,0.3826863028673601,fde,ml
3369,1.426500082155379,fde,ml
3370,0.3677948645057543,fde,ml
3371,0.367106501469996,fde,ml
3372,1.7628974456833824,fde,ml
3373,0.764449903546048,fde,ml
3374,0.9423161169446845,fde,ml
3375,0.4796168241849595,fde,ml
3376,1.8143251674103735,fde,ml
3377,0.36647560249501776,fde,ml
3378,0.5095730996421571,fde,ml
3379,0.2936843603797604,fde,ml
3380,0.38447597788549553,fde,ml
3381,1.9355088861705085,fde,ml
3382,2.656836109294532,fde,ml
3383,0.38484122430670564,fde,ml
3384,1.4031225396267841,fde,ml
3385,0.3691726419630517,fde,ml
3386,0.36850824362787704,fde,ml
3387,0.8353868093144424,fde,ml
3388,0.7082091625707165,fde,ml
3389,0.7823130718171071,fde,ml
3390,0.4563697676414899,fde,ml
3391,1.809000597797723,fde,ml
3392,0.36489243197277954,fde,ml
3393,0.4613695829883414,fde,ml
3394,1.1777727005229448,fde,ml
3395,0.416042138685063,fde,ml
3396,1.7200175307298238,fde,ml
3397,2.0272800370159594,fde,ml
3398,0.38619820090491,fde,ml
3399,1.7414664858001965,fde,ml
3400,0.3672647404381269,fde,ml
3401,0.3665335695324525,fde,ml
3402,2.3191336337244706,fde,ml
3403,2.337817736164907,fde,ml
3404,0.7205588376213388,fde,ml
3405,0.42277250768451397,fde,ml
3406,1.7217804963698053,fde,ml
3407,0.36449875302735124,fde,ml
3408,0.4094012144802377,fde,ml
3409,2.000404948956891,fde,ml
3410,0.4517802117250199,fde,ml
3411,1.4397141195547172,fde,ml
3412,1.9279033839030346,fde,ml
3413,0.38605745664968466,fde,ml
3414,1.9937516972540898,fde,ml
3415,0.36659046776379595,fde,ml
3416,0.3658774384151503,fde,ml
3417,3.1450649288760957,fde,ml
3418,3.041001503643411,fde,ml
3419,1.6713019650965988,fde,ml
3420,0.4213754514609904,fde,ml
3421,1.7346013305527306,fde,ml
3422,0.36653994469501944,fde,ml
3423,0.4142762820255389,fde,ml
3424,4.112443023373643,fde,ml
3425,0.4172811872554762,fde,ml
3426,0.9693883694518959,fde,ml
3427,1.8957456230574325,fde,ml
3428,0.3885041734802603,fde,ml
3429,1.9597865273391801,fde,ml
3430,0.36726313803246774,fde,ml
3431,0.36666315505446123,fde,ml
3432,2.2861540773691678,fde,ml
3433,2.6052291293683787,fde,ml
3434,4.007597783307508,fde,ml
3435,0.2509365609625522,fde,ml
3436,1.7211743273387257,fde,ml
3437,0.3647135582036631,fde,ml
3438,0.4166068498986354,fde,ml
3439,2.6916784494162838,fde,ml
3440,0.38239502823809907,fde,ml
3441,0.5385287036350587,fde,ml
3442,2.945974263310594,fde,ml
3443,0.38078208090754945,fde,ml
3444,1.8271182533998063,fde,ml
3445,0.3660692703818702,fde,ml
3446,0.3653904005156155,fde,ml
3447,2.421472699432755,fde,ml
3448,2.67244577014431,fde,ml
3449,5.159687057557756,fde,ml
3450,0.4046283586188557,fde,ml
3451,1.6911751037930345,fde,ml
3452,0.36778324216626795,fde,ml
3453,0.40993555624169437,fde,ml
3454,2.291761474606031,fde,ml
3455,0.3680123977545772,fde,ml
3456,0.1078912832772099,fde,ml
3457,2.693479745489402,fde,ml
3458,0.3847360242639421,fde,ml
3459,1.911404869900239,fde,ml
3460,0.3668133980950662,fde,ml
3461,0.36624388976004607,fde,ml
3462,1.8988068130310756,fde,ml
3463,2.3990712215165466,fde,ml
3464,5.12395016274118,fde,ml
3465,0.48595673008999885,fde,ml
3466,1.3047266477462744,fde,ml
3467,0.3676691510574525,fde,ml
3468,0.42930792060985884,fde,ml
3469,2.0972636665711013,fde,ml
3470,0.32705067650363173,fde,ml
3471,0.09855718753099878,fde,ml
3472,2.934374464320131,fde,ml
3473,0.38448144258276107,fde,ml
3474,1.4624245966016003,fde,ml
3475,0.3671082135720159,fde,ml
3476,0.3665477012506273,fde,ml
3477,1.882837443122778,fde,ml
3478,2.088172715070284,fde,ml
3479,3.5522941836209885,fde,ml
3480,0.5827465475193724,fde,ml
3481,0.9159461844514967,fde,ml
3482,0.3685848661529374,fde,ml
3483,0.46066017503693957,fde,ml
3484,2.6404334157999045,fde,ml
3485,0.2975710060132349,fde,ml
3486,0.1341458872644477,fde,ml
3487,1.9155080719536703,fde,ml
3488,0.387916566015518,fde,ml
3489,1.8892004457109186,fde,ml
3490,0.3672264849011092,fde,ml
3491,0.36666672794293276,fde,ml
3492,2.5486275073171747,fde,ml
3493,2.8087858061339737,fde,ml
3494,0.2970549815725546,fde,ml
3495,0.1698467857063785,fde,ml
3496,1.1265923488906422,fde,ml
3497,0.3324098364833267,fde,ml
3498,5.660482080986132,fde,ml
3499,1.2770110742747731,fde,ml
3500,0.3277559881942419,fde,ml
3501,5.096114610280609,fde,ml
3502,0.29679182100694895,fde,ml
3503,1.0956110589310308,fde,ml
3504,0.268054136018909,fde,ml
3505,0.29217311766475546,fde,ml
3506,0.3197996812943377,fde,ml
3507,0.20604136158383307,fde,ml
3508,2.4126890271086965,fde,ml
3509,0.3404822574618535,fde,ml
3510,3.2714483354830084,fde,ml
3511,1.7088924963316832,fde,ml
3512,0.3959773224544428,fde,ml
3513,3.5034448683746553,fde,ml
3514,0.30181959543817777,fde,ml
3515,2.1529268438674913,fde,ml
3516,0.2645253423425589,fde,ml
3517,0.3179541522611979,fde,ml
3518,0.3476424584947547,fde,ml
3519,0.2526583980024664,fde,ml
3520,2.5383140584239756,fde,ml
3521,0.32036057861915707,fde,ml
3522,2.0325069593934493,fde,ml
3523,1.4723681015235917,fde,ml
3524,0.43783526691357283,fde,ml
3525,2.556781714305941,fde,ml
3526,0.2934527260677416,fde,ml
3527,3.3193069203606824,fde,ml
3528,0.3334287706647896,fde,ml
3529,0.40868243009477273,fde,ml
3530,0.37569246857554156,fde,ml
3531,0.4454749585474354,fde,ml
3532,2.2110292718116655,fde,ml
3533,0.29920425582487203,fde,ml
3534,4.100985632252304,fde,ml
3535,1.164774964404815,fde,ml
3536,0.47537948281127435,fde,ml
3537,2.1075496063271832,fde,ml
3538,0.29354791555716875,fde,ml
3539,3.5841112108282367,fde,ml
3540,0.42006847471371034,fde,ml
3541,0.5069917351144139,fde,ml
3542,0.39889181075459207,fde,ml
3543,0.5105145450008705,fde,ml
3544,2.2468245015896935,fde,ml
3545,0.30080351156703017,fde,ml
3546,4.41694491373074,fde,ml
3547,1.380605664225211,fde,ml
3548,0.4989810288726062,fde,ml
3549,1.979397693449711,fde,ml
3550,0.5020786100027133,fde,ml
3551,5.099743682556461,fde,ml
3552,0.4288007976344602,fde,ml
3553,0.47629583156652516,fde,ml
3554,0.3558141955348582,fde,ml
3555,0.5171134017190694,fde,ml
3556,2.6537189282104783,fde,ml
3557,0.3410592180820694,fde,ml
3558,3.891861255398905,fde,ml
3559,2.0068847746205574,fde,ml
3560,0.4546112337779533,fde,ml
3561,1.5420803296266772,fde,ml
3562,0.7941132986751349,fde,ml
3563,5.579632258950402,fde,ml
3564,0.3885038420387393,fde,ml
3565,0.2938294393870662,fde,ml
3566,0.37048894575896085,fde,ml
3567,0.5705237391118729,fde,ml
3568,2.4521860530143287,fde,ml
3569,0.3637966502744309,fde,ml
3570,4.117437973296698,fde,ml
3571,2.3493719214282756,fde,ml
3572,0.4314973192664776,fde,ml
3573,1.9414658119011716,fde,ml
3574,1.4003931563749066,fde,ml
3575,7.615836585318919,fde,ml
3576,0.469856698165902,fde,ml
3577,0.28244402566965093,fde,ml
3578,0.42024196074387665,fde,ml
3579,0.5043922205236495,fde,ml
3580,2.8947407411003234,fde,ml
3581,0.3951266534001033,fde,ml
3582,4.281184305849194,fde,ml
3583,3.06118189803332,fde,ml
3584,0.3571824076784691,fde,ml
3585,1.5301444121428085,fde,ml
3586,2.4545392724509987,fde,ml
3587,7.7478033623903455,fde,ml
3588,0.4437876129206946,fde,ml
3589,0.31657651265129805,fde,ml
3590,0.4778785843430042,fde,ml
3591,0.4054298968951886,fde,ml
3592,2.992616534445379,fde,ml
3593,0.4252921821267858,fde,ml
3594,4.167603170769651,fde,ml
3595,3.535495050990528,fde,ml
3596,0.3431346183545965,fde,ml
3597,1.5661543771317539,fde,ml
3598,3.4980283291208454,fde,ml
3599,7.676577883053084,fde,ml
3600,0.3046087152202234,fde,ml
3601,0.36783517020775874,fde,ml
3602,0.4882792203136188,fde,ml
3603,0.36687450715560993,fde,ml
3604,3.306500667997587,fde,ml
3605,0.46943699044271525,fde,ml
3606,4.396753351698932,fde,ml
3607,4.503825312197796,fde,ml
3608,0.3654789743181084,fde,ml
3609,1.3608554239988975,fde,ml
3610,4.852416171784596,fde,ml
3611,9.771298646361217,fde,ml
3612,0.35086594049309994,fde,ml
3613,0.4166969754884254,fde,ml
3614,0.4175274165162666,fde,ml
3615,0.331589082030474,fde,ml
3616,0.6450335463276863,fde,ml
3617,0.45439903557818084,fde,ml
3618,5.329897932886994,fde,ml
3619,2.3378405606727086,fde,ml
3620,0.351781380311726,fde,ml
3621,2.699130544971577,fde,ml
3622,5.304153491812821,fde,ml
3623,1.0897984927201905,fde,ml
3624,0.5444893928623677,fde,ml
3625,0.4115882580206467,fde,ml
3626,4.503827867247364,fde,ml
3627,4.374324541241984,fde,ml
3628,0.4036251561327892,fde,ml
3629,0.2952160861614498,fde,ml
3630,0.43264252936333003,fde,ml
3631,0.45920530705416374,fde,ml
3632,5.75815396200228,fde,ml
3633,2.5674263389327656,fde,ml
3634,0.36907002274052036,fde,ml
3635,2.7374512852761277,fde,ml
3636,6.414719738578679,fde,ml
3637,2.06218442161668,fde,ml
3638,0.5948333173140478,fde,ml
3639,0.4148105669140428,fde,ml
3640,2.349055433077307,fde,ml
3641,2.7019695888653703,fde,ml
3642,0.3688983954243553,fde,ml
3643,0.34364426568082557,fde,ml
3644,1.4180064716137557,fde,ml
3645,0.4401876768071888,fde,ml
3646,5.531981581312979,fde,ml
3647,2.8243683407986033,fde,ml
3648,0.3821091190354323,fde,ml
3649,2.1441556414309653,fde,ml
3650,5.4819915188778365,fde,ml
3651,1.788099621325419,fde,ml
3652,0.5886322222782577,fde,ml
3653,0.34705819754561357,fde,ml
3654,1.195184348053101,fde,ml
3655,0.5372805485292467,fde,ml
3656,0.32659349919203967,fde,ml
3657,0.44991022985882995,fde,ml
3658,3.086399038728571,fde,ml
3659,0.4084644420072639,fde,ml
3660,4.821133068389068,fde,ml
3661,2.8270407181217485,fde,ml
3662,0.48631466916089455,fde,ml
3663,0.8770181526252083,fde,ml
3664,1.7915643889210537,fde,ml
3665,5.088184342245093,fde,ml
3666,0.49293336707214386,fde,ml
3667,0.3181764213450219,fde,ml
3668,0.831903637303002,fde,ml
3669,2.3112312413745193,fde,ml
3670,0.28161627378218584,fde,ml
3671,0.491335599285519,fde,ml
3672,0.3765471813596838,fde,ml
3673,5.252035704183078,fde,ml
3674,3.0313953705765626,fde,ml
3675,0.5188940900216344,fde,ml
3676,0.5157494498793133,fde,ml
3677,4.7358696915696425,fde,ml
3678,5.003684139008665,fde,ml
3679,0.47233184339721557,fde,ml
3680,0.3330893363034926,fde,ml
3681,0.3623419962411554,fde,ml
3682,2.1431513093176298,fde,ml
3683,0.3122562250962584,fde,ml
3684,0.27269594406466885,fde,ml
3685,0.28148495590139916,fde,ml
3686,5.289866760781086,fde,ml
3687,2.133175125512534,fde,ml
3688,0.4731620079568296,fde,ml
3689,0.7766162340336416,fde,ml
3690,1.497587743048525,fde,ml
3691,4.028280447912966,fde,ml
3692,0.27091434111033974,fde,ml
3693,0.33676956185970014,fde,ml
3694,0.4580124589993242,fde,ml
3695,1.7393171471081137,fde,ml
3696,0.30108213124560657,fde,ml
3697,0.2586096174953892,fde,ml
3698,0.3480841995967565,fde,ml
3699,5.596720117240906,fde,ml
3700,2.572466761022816,fde,ml
3701,0.4799901506225842,fde,ml
3702,1.359850154313192,fde,ml
3703,3.7648298331647454,fde,ml
3704,3.4993843365383244,fde,ml
3705,0.20533846013772264,fde,ml
3706,0.34721170702954246,fde,ml
3707,0.6618236713325357,fde,ml
3708,1.019632061253862,fde,ml
3709,0.3093796358837009,fde,ml
3710,0.34265024879751393,fde,ml
3711,0.2586436814275513,fde,ml
3712,6.352813055919251,fde,ml
3713,2.5551388228478835,fde,ml
3714,0.38094325416561076,fde,ml
3715,1.1056102190858543,fde,ml
3716,4.167859957260657,fde,ml
3717,3.4204561147929935,fde,ml
3718,0.20993719424370275,fde,ml
3719,0.4422280380861616,fde,ml
3720,1.139633109029878,fde,ml
3721,0.05662196781145009,fde,ml
3722,0.3191880735115308,fde,ml
3723,0.44640492049045083,fde,ml
3724,0.2963455948726198,fde,ml
3725,7.462633050573323,fde,ml
3726,2.6066229184762837,fde,ml
3727,0.26271848314652196,fde,ml
3728,0.2671382669532575,fde,ml
3729,4.89893571918624,fde,ml
3730,3.656628729147271,fde,ml
3731,0.23958060246353516,fde,ml
3732,0.5314791288525638,fde,ml
3733,1.8958214542268244,fde,ml
3734,1.1624892711407817,fde,ml
3735,0.3007271426201929,fde,ml
3736,0.4547672431628967,fde,ml
3737,0.34211408289098927,fde,ml
3738,7.973906272679902,fde,ml
3739,2.3204710588358206,fde,ml
3740,0.24628506092590413,fde,ml
3741,1.0478958605090243,fde,ml
3742,5.690713189650497,fde,ml
3743,4.505434572969971,fde,ml
3744,0.26468277314879163,fde,ml
3745,0.6042803678186275,fde,ml
3746,1.2241778522884355,fde,ml
3747,1.8547723107427807,fde,ml
3748,0.33754902849760343,fde,ml
3749,0.6100547375739849,fde,ml
3750,0.42217777586089256,fde,ml
3751,7.073007747514754,fde,ml
3752,2.575410574548917,fde,ml
3753,0.38196898048931793,fde,ml
3754,1.402140400705989,fde,ml
3755,2.136338499286138,fde,ml
3756,5.560602843122031,fde,ml
3757,0.364052328511427,fde,ml
3758,0.4978504976022051,fde,ml
3759,1.4349572494550558,fde,ml
3760,1.0753217289480892,fde,ml
3761,1.558324272768287,fde,ml
3762,1.054435167227833,fde,ml
3763,1.1363439485208848,fde,ml
3764,0.9331986343279476,fde,ml
3765,4.645233050399733,fde,ml
3766,9.710903617597035,fde,ml
3767,0.4627059883171981,fde,ml
3768,0.3244415039747686,fde,ml
3769,0.26962975135287826,fde,ml
3770,0.868365657098319,fde,ml
3771,0.620483732371535,fde,ml
3772,0.345299867262623,fde,ml
3773,1.7292830165230044,fde,ml
3774,1.8557819700914273,fde,ml
3775,3.871783754106928,fde,ml
3776,2.0475177133738263,fde,ml
3777,1.7546466509576077,fde,ml
3778,6.7797399966813625,fde,ml
3779,0.4816428867576348,fde,ml
3780,0.26941463621828016,fde,ml
3781,0.3027258724126735,fde,ml
3782,1.2623392239620261,fde,ml
3783,0.8589010352229957,fde,ml
3784,0.38187102590794,fde,ml
3785,1.7893452751579904,fde,ml
3786,0.6769519827089149,fde,ml
3787,3.6178751702880834,fde,ml
3788,1.0534232590010209,fde,ml
3789,1.8335722244220958,fde,ml
3790,5.516274900312956,fde,ml
3791,0.3297140070572026,fde,ml
3792,0.23072186883966556,fde,ml
3793,0.3216944692743811,fde,ml
3794,0.892431834521257,fde,ml
3795,0.8429646509424716,fde,ml
3796,0.3749461030879833,fde,ml
3797,1.8702512772039,fde,ml
3798,0.5590689256055797,fde,ml
3799,2.921280327336177,fde,ml
3800,0.8837388939358738,fde,ml
3801,2.2742450817516526,fde,ml
3802,5.247440861152906,fde,ml
3803,0.24652566959907418,fde,ml
3804,0.1928249824556472,fde,ml
3805,0.3368593779855101,fde,ml
3806,0.9072168022680038,fde,ml
3807,1.0608093146763893,fde,ml
3808,0.3663327440538624,fde,ml
3809,1.3952479831673554,fde,ml
3810,1.0543027759635384,fde,ml
3811,2.757119242188852,fde,ml
3812,0.7100325949418075,fde,ml
3813,2.7596380464439596,fde,ml
3814,5.638089458813854,fde,ml
3815,0.35687386963486234,fde,ml
3816,0.2044288665869104,fde,ml
3817,0.342714396053862,fde,ml
3818,0.8859161867693949,fde,ml
3819,0.9811634388442924,fde,ml
3820,0.36379172814449073,fde,ml
3821,3.1182709327107236,fde,ml
3822,1.7228034527706464,fde,ml
3823,2.8207714956467584,fde,ml
3824,2.485805724773994,fde,ml
3825,0.7770410626103667,fde,ml
3826,4.300019786987272,fde,ml
3827,0.33411545623155003,fde,ml
3828,0.4826465211829026,fde,ml
3829,0.4219983450329741,fde,ml
3830,0.6254548276207395,fde,ml
3831,0.7025325938500431,fde,ml
3832,0.3610275420237997,fde,ml
3833,2.669231683501714,fde,ml
3834,1.3684938099210655,fde,ml
3835,2.8505183790306905,fde,ml
3836,2.071039459501649,fde,ml
3837,0.7292594599285795,fde,ml
3838,0.4816428426525858,fde,ml
3839,0.7007940229431395,fde,ml
3840,0.4543340711699854,fde,ml
3841,0.5491529700122574,fde,ml
3842,0.5787859819241007,fde,ml
3843,0.365892025175111,fde,ml
3844,2.934227921452048,fde,ml
3845,2.0555531700955445,fde,ml
3846,3.324292661088704,fde,ml
3847,2.2245265765293314,fde,ml
3848,0.5771276078552124,fde,ml
3849,0.6356786328405568,fde,ml
3850,0.8234457290330532,fde,ml
3851,0.45331240002032785,fde,ml
3852,0.6802380574008288,fde,ml
3853,0.9124300595106825,fde,ml
3854,0.36746695291115905,fde,ml
3855,2.732217442793207,fde,ml
3856,2.584416028310317,fde,ml
3857,3.2161908877334513,fde,ml
3858,2.02317215223639,fde,ml
3859,1.048772729771796,fde,ml
3860,0.7673321649881012,fde,ml
3861,0.9263431654253945,fde,ml
3862,0.4420184068470493,fde,ml
3863,0.5915680180763544,fde,ml
3864,1.0280857334032594,fde,ml
3865,0.3683693452902606,fde,ml
3866,3.0623549177006106,fde,ml
3867,2.68706347469178,fde,ml
3868,3.9521165054503404,fde,ml
3869,2.152747949311562,fde,ml
3870,0.8895534997900365,fde,ml
3871,0.9255386625621407,fde,ml
3872,1.0830572531749647,fde,ml
3873,0.3691833569917541,fde,ml
3874,0.7056817034504045,fde,ml
3875,1.1014955521887426,fde,ml
3876,0.3704220378745778,fde,ml
3877,0.5143117335632355,fde,ml
3878,1.2642713259650937,fde,ml
3879,3.473845066790261,fde,ml
3880,0.6856329869140008,fde,ml
3881,1.8820318581628217,fde,ml
3882,1.0181670398434532,fde,ml
3883,0.6524143237001975,fde,ml
3884,0.26117228881909854,fde,ml
3885,0.34211467735411166,fde,ml
3886,0.187879922948148,fde,ml
3887,0.3697233690767349,fde,ml
3888,0.5834589866371716,fde,ml
3889,1.5099933163373653,fde,ml
3890,4.11326238071015,fde,ml
3891,0.7000417471947341,fde,ml
3892,2.0378182558090336,fde,ml
3893,1.209462446465254,fde,ml
3894,0.6446811017276131,fde,ml
3895,0.226108530195172,fde,ml
3896,0.3925648409027848,fde,ml
3897,0.27710196424477457,fde,ml
3898,0.3716028132063591,fde,ml
3899,1.3134428976530197,fde,ml
3900,1.5647659600217017,fde,ml
3901,3.722156635350096,fde,ml
3902,1.4024586459718833,fde,ml
3903,1.9497161383742798,fde,ml
3904,1.1168895745106655,fde,ml
3905,0.7325437766599406,fde,ml
3906,0.28411678709361227,fde,ml
3907,0.5797946616147013,fde,ml
3908,0.4424757860875457,fde,ml
3909,0.4303162724034939,fde,ml
3910,1.8411438360080117,fde,ml
3911,1.501657165225846,fde,ml
3912,3.146442159208543,fde,ml
3913,2.0033196612618176,fde,ml
3914,1.899178081814401,fde,ml
3915,0.9126461583021994,fde,ml
3916,0.8184862600710457,fde,ml
3917,0.3829165383325664,fde,ml
3918,0.8634771661591659,fde,ml
3919,0.5999896188955856,fde,ml
3920,0.4303162724034939,fde,ml
3921,2.1165655870330613,fde,ml
3922,1.8121862553069994,fde,ml
3923,3.868375156582205,fde,ml
3924,2.383542723055808,fde,ml
3925,1.6804357955090474,fde,ml
3926,0.6914838313664845,fde,ml
3927,0.6769160628154208,fde,ml
3928,0.5617329487612642,fde,ml
3929,0.9693138691896208,fde,ml
3930,0.7602120706538309,fde,ml
3931,0.4303162724034939,fde,ml
3932,1.4695404477836844,fde,ml
3933,1.8135902517016511,fde,ml
3934,3.02406507662396,fde,ml
3935,0.8095623529546134,fde,ml
3936,1.867152406811368,fde,ml
3937,0.5548195605540847,fde,ml
3938,0.5544992357869634,fde,ml
3939,0.9115747051910951,fde,ml
3940,0.232077095353319,fde,ml
3941,0.7573086929401737,fde,ml
3942,0.4303162724034939,fde,ml
3943,2.0554441265018104,fde,ml
3944,2.0193154143936436,fde,ml
3945,3.371275910034597,fde,ml
3946,1.3725573928853299,fde,ml
3947,1.5776399132154975,fde,ml
3948,0.3337984364359603,fde,ml
3949,0.4042268807280369,fde,ml
3950,1.2917219563866316,fde,ml
3951,0.2587873408801552,fde,ml
3952,0.927706236617927,fde,ml
3953,0.4303162724034939,fde,ml
3954,1.2687214568986793,fde,ml
3955,1.3309090925843883,fde,ml
3956,1.5578840396607216,fde,ml
3957,1.5038713941744197,fde,ml
3958,1.4782803158376654,fde,ml
3959,0.1860807339075399,fde,ml
3960,0.2883874441238638,fde,ml
3961,1.5182637833671753,fde,ml
3962,0.6873066730914724,fde,ml
3963,0.8347791177590815,fde,ml
3964,0.4303162724034939,fde,ml
3965,2.265565341031577,fde,ml
3966,2.025831907129364,fde,ml
3967,0.6535882649754576,fde,ml
3968,2.7696083204915984,fde,ml
3969,0.7315312822309734,fde,ml
3970,0.4181500907673233,fde,ml
3971,0.39816629528762804,fde,ml
3972,1.6426957631693293,fde,ml
3973,1.616038479855728,fde,ml
3974,1.140155916505056,fde,ml
3975,0.4303162724034939,fde,ml
3976,3.6159983506832214,fde,ml
3977,2.0126596980049345,fde,ml
3978,1.2832913002396262,fde,ml
3979,0.11878471366461338,fde,ml
3980,2.364117683212708,fde,ml
3981,1.0112297085764677,fde,ml
3982,0.6461589755177356,fde,ml
3983,0.5800652995629209,fde,ml
3984,1.9797780912247225,fde,ml
3985,1.3889354603735709,fde,ml
3986,0.979430142237545,fde,ml
3987,0.4303162724034939,fde,ml
3988,3.053849453014502,fde,ml
3989,2.718924719811248,fde,ml
3990,2.6921036856461837,fde,ml
3991,2.414633765333721,fde,ml
3992,2.4464731901989456,fde,ml
3993,0.8506184708845484,fde,ml
3994,0.3355280721047336,fde,ml
3995,0.4277425661019953,fde,ml
3996,2.148124430424853,fde,ml
3997,0.547332597305521,fde,ml
3998,0.7845649862597908,fde,ml
3999,0.4303162724034939,fde,ml
4000,2.574994518255503,fde,ml
4001,2.0501203649776634,fde,ml
4002,2.0861589780771106,fde,ml
4003,1.7694915714546462,fde,ml
4004,3.607018479413444,fde,ml
4005,0.3812367409918808,fde,ml
4006,0.4720892972568413,fde,ml
4007,2.505865108961884,fde,ml
4008,0.5211050421997558,fde,ml
4009,0.719107748689371,fde,ml
4010,0.4303162724034939,fde,ml
4011,2.565341220748603,fde,ml
4012,1.51522129678109,fde,ml
4013,1.5826204159922206,fde,ml
4014,1.5196049520687112,fde,ml
4015,3.9844123440875356,fde,ml
4016,0.35273320331087876,fde,ml
4017,0.4425507243566258,fde,ml
4018,2.297435190060218,fde,ml
4019,0.6933746732317616,fde,ml
4020,0.3281154984983867,fde,ml
4021,0.4303162724034939,fde,ml
4022,1.7427321340953044,fde,ml
4023,0.6638805817621833,fde,ml
4024,0.5468343437074493,fde,ml
4025,1.6416187119454273,fde,ml
4026,4.603312528489442,fde,ml
4027,0.31149271984736193,fde,ml
4028,0.3740159113500228,fde,ml
4029,1.888370939957468,fde,ml
4030,0.919036944639585,fde,ml
4031,0.1137989824442989,fde,ml
4032,0.4303162724034939,fde,ml
4033,1.8140560039610178,fde,ml
4034,0.6184161279041053,fde,ml
4035,0.49438023271728804,fde,ml
4036,1.7081945252963084,fde,ml
4037,0.3361891139850126,fde,ml
4038,0.3608885808395047,fde,ml
4039,1.9646852307532905,fde,ml
4040,0.8760663907952607,fde,ml
4041,0.1569790941751257,fde,ml
4042,0.4303162724034939,fde,ml
4043,1.3063648473144354,fde,ml
4044,1.268986274800875,fde,ml
4045,2.530905037730172,fde,ml
4046,1.7045026638584466,fde,ml
4047,0.328614423208619,fde,ml
4048,0.38207838093687724,fde,ml
4049,1.9139335291917177,fde,ml
4050,0.7563496783074474,fde,ml
4051,1.1909635852319902,fde,ml
4052,0.4303162724034939,fde,ml
4053,1.6858880127667668,fde,ml
4054,1.6881823615337208,fde,ml
4055,2.646955949970231,fde,ml
4056,1.2791626385943402,fde,ml
4057,0.3560838263469507,fde,ml
4058,0.3863384942845673,fde,ml
4059,1.9071200738292433,fde,ml
4060,0.8125110196956705,fde,ml
4061,1.1748852964959835,fde,ml
4062,0.4303162724034939,fde,ml
4063,2.0093266758840946,fde,ml
4064,0.9333057854660916,fde,ml
4065,2.396256110093045,fde,ml
4066,2.0181538074514296,fde,ml
4067,0.37708626116329735,fde,ml
4068,0.37577597692207293,fde,ml
4069,1.8497824228347708,fde,ml
4070,0.6791321317793777,fde,ml
4071,0.9293216218142267,fde,ml
4072,0.4303162724034939,fde,ml
4073,1.7454754738354277,fde,ml
4074,1.4565818244282793,fde,ml
4075,1.9770968278153704,fde,ml
4076,2.044046832530525,fde,ml
4077,0.39833709321400446,fde,ml
4078,0.36400366073327173,fde,ml
4079,1.824778362383649,fde,ml
4080,0.5142235957690493,fde,ml
4081,0.6891859963163283,fde,ml
4082,0.4303162724034939,fde,ml
4083,1.2581756932522303,fde,ml
4084,1.7267041444114126,fde,ml
4085,1.8098835376340723,fde,ml
4086,1.9506211825042468,fde,ml
4087,0.4180939578598045,fde,ml
4088,0.35526878905278186,fde,ml
4089,1.8783822649403816,fde,ml
4090,0.6128688139889699,fde,ml
4091,0.4303162724034939,fde,ml
4092,1.5938024996101392,fde,ml
4093,1.3455455408072516,fde,ml
4094,2.434680344298169,fde,ml
4095,2.139048000037329,fde,ml
4096,0.4329304955625062,fde,ml
4097,0.3893427700828651,fde,ml
4098,2.0042341778708725,fde,ml
4099,0.5873395605493403,fde,ml
4100,0.4303162724034939,fde,ml
4101,1.2723868751371525,fde,ml
4102,7.797197361339268,fde,ml
4103,8.48933822088466,fde,ml
4104,1.622777532551539,fde,ml
4105,4.091029022651128,fde,ml
4106,3.0085427047318,fde,ml
4107,5.916131271494711,fde,ml
4108,2.7396361938374905,fde,ml
4109,1.3171910405428788,fde,ml
4110,5.903857532532992,fde,ml
4111,0.43216728861603704,fde,ml
4112,8.483113120197093,fde,ml
4113,5.457577491034494,fde,ml
4114,5.392334424475519,fde,ml
4115,3.567414734602058,fde,ml
4116,3.1348009048245333,fde,ml
4117,4.776629263361971,fde,ml
4118,4.437851347069142,fde,ml
4119,8.483270657631351,fde,ml
4120,13.338617955964871,fde,ml
4121,4.0261645006558675,fde,ml
4122,1.4058905311685455,fde,ml
4123,1.747335685956198,fde,ml
4124,0.898343763997332,fde,ml
4125,6.182155438551051,fde,ml
4126,0.13684131220993406,fde,ml
4127,1.973500898561765,fde,ml
4128,2.0567833699591467,fde,ml
4129,0.47140510052870954,fde,ml
4130,5.19309161113598,fde,ml
4131,2.5115717882059005,fde,ml
4132,3.3492494434404927,fde,ml
4133,0.6358165786247999,fde,ml
4134,2.9592016954556026,fde,ml
4135,3.2637774752911395,fde,ml
4136,0.7926435560648876,fde,ml
4137,5.011821705434294,fde,ml
4138,9.03062662963957,fde,ml
4139,2.8256004435914055,fde,ml
4140,1.6651095567717895,fde,ml
4141,2.168079556243495,fde,ml
4142,2.083337846843104,fde,ml
4143,3.3382340711392913,fde,ml
4144,2.4058149899661077,fde,ml
4145,1.6683279357319987,fde,ml
4146,1.3628732182584418,fde,ml
4147,0.473583069072914,fde,ml
4148,5.494385208393618,fde,ml
4149,3.294903953476237,fde,ml
4150,1.8895440757766528,fde,ml
4151,1.2333423494106193,fde,ml
4152,2.821022732857282,fde,ml
4153,2.7043940937540616,fde,ml
4154,0.6226736793093322,fde,ml
4155,3.5027823616951377,fde,ml
4156,5.480985618491614,fde,ml
4157,1.6755481224184186,fde,ml
4158,3.064127882284929,fde,ml
4159,5.574282884467271,fde,ml
4160,3.6705980077430485,fde,ml
4161,2.0007745829078116,fde,ml
4162,4.761580714692929,fde,ml
4163,1.3540761563271762,fde,ml
4164,0.4753070853628224,fde,ml
4165,0.4358470754589462,fde,ml
4166,5.321974207625492,fde,ml
4167,3.3146578797829744,fde,ml
4168,1.212061935167723,fde,ml
4169,0.9658308847093794,fde,ml
4170,2.4488003333390034,fde,ml
4171,1.9753069129223262,fde,ml
4172,1.1017269310852142,fde,ml
4173,1.9302841838865037,fde,ml
4174,4.642123692868274,fde,ml
4175,8.268377917500981,fde,ml
4176,1.7912889329833253,fde,ml
4177,2.490046550011679,fde,ml
4178,5.0332837492038935,fde,ml
4179,3.4996740991976134,fde,ml
4180,1.839147909870062,fde,ml
4181,3.925187807187441,fde,ml
4182,2.9022988410626263,fde,ml
4183,0.43004946619467455,fde,ml
4184,5.744163971365138,fde,ml
4185,0.2672713668468191,fde,ml
4186,1.315636203175037,fde,ml
4187,1.752948533172815,fde,ml
4188,2.695498093864399,fde,ml
4189,2.86890042799343,fde,ml
4190,0.6470721983280965,fde,ml
4191,2.5753527637527798,fde,ml
4192,2.574323757303733,fde,ml
4193,0.5272809083034684,fde,ml
4194,1.6981206544349388,fde,ml
4195,2.4778254960879376,fde,ml
4196,1.5392738916952544,fde,ml
4197,4.232165890707471,fde,ml
4198,2.497693561528772,fde,ml
4199,2.6078679622341547,fde,ml
4200,2.052493193000421,fde,ml
4201,0.4275530677700846,fde,ml
4202,4.414283142794527,fde,ml
4203,6.847137834291335,fde,ml
4204,0.3067090231744678,fde,ml
4205,2.456383242531956,fde,ml
4206,3.3433593586375596,fde,ml
4207,1.6126160604354403,fde,ml
4208,0.877832561578308,fde,ml
4209,1.8741603103662565,fde,ml
4210,0.07121026874448447,fde,ml
4211,0.5673635620435781,fde,ml
4212,0.8803359642626796,fde,ml
4213,1.9130486324453289,fde,ml
4214,2.2882183627030415,fde,ml
4215,1.5196070457156188,fde,ml
4216,4.035375266504504,fde,ml
4217,2.325838706910221,fde,ml
4218,1.7356361980241832,fde,ml
4219,4.175555395054118,fde,ml
4220,0.4281013855036091,fde,ml
4221,4.661519542231928,fde,ml
4222,10.263844869679152,fde,ml
4223,0.5715302479619185,fde,ml
4224,2.7176151064616056,fde,ml
4225,3.5663778747804877,fde,ml
4226,1.9363744309573119,fde,ml
4227,0.6930298499212547,fde,ml
4228,2.160702159511283,fde,ml
4229,0.18360683971077577,fde,ml
4230,0.6077042049232231,fde,ml
4231,0.799469629120612,fde,ml
4232,2.1114686648510377,fde,ml
4233,1.0422528724880806,fde,ml
4234,0.7489994080479385,fde,ml
4235,2.2616696592441627,fde,ml
4236,2.1205737796457647,fde,ml
4237,1.0430115520214942,fde,ml
4238,3.526513830399602,fde,ml
4239,0.4303176383553443,fde,ml
4240,4.3956209339421894,fde,ml
4241,15.005639860580848,fde,ml
4242,1.827305357067561,fde,ml
4243,3.479453723182716,fde,ml
4244,3.281266680660471,fde,ml
4245,2.321497040720241,fde,ml
4246,0.3893185546230819,fde,ml
4247,2.1322670701393363,fde,ml
4248,1.2626915650143657,fde,ml
4249,0.8229825803670854,fde,ml
4250,0.38436797513412924,fde,ml
4251,2.6534733624182523,fde,ml
4252,0.8935413815071974,fde,ml
4253,0.7841062167999782,fde,ml
4254,1.6740270049815416,fde,ml
4255,1.701771961165269,fde,ml
4256,1.0260591687189367,fde,ml
4257,3.158986568605493,fde,ml
4258,0.4303176383553443,fde,ml
4259,4.535476754002811,fde,ml
4260,17.613014785193858,fde,ml
4261,4.004273853169017,fde,ml
4262,4.590570147037183,fde,ml
4263,3.042653378065796,fde,ml
4264,3.179168692112391,fde,ml
4265,1.287232397751101,fde,ml
4266,2.594420928706014,fde,ml
4267,0.9786832379827459,fde,ml
4268,1.3312560174887802,fde,ml
4269,0.4134347883168672,fde,ml
4270,4.155952460419895,fde,ml
4271,0.41193809044461,fde,ml
4272,0.39568965949389606,fde,ml
4273,1.8420976712584023,fde,ml
4274,1.7126230531457625,fde,ml
4275,2.9682527203696916,fde,ml
4276,0.4303176383553443,fde,ml
4277,4.226802476724127,fde,ml
4278,13.643587566625564,fde,ml
4279,3.70993806914262,fde,ml
4280,4.565160110313323,fde,ml
4281,2.9801134058689542,fde,ml
4282,3.163645050950083,fde,ml
4283,1.7293395220627064,fde,ml
4284,2.2720553896662463,fde,ml
4285,2.325264763133152,fde,ml
4286,1.451787439847543,fde,ml
4287,0.2531684263857249,fde,ml
4288,3.6862357094221236,fde,ml
4289,0.9869352562126696,fde,ml
4290,1.1630569069411973,fde,ml
4291,1.7294499808784274,fde,ml
4292,2.2614321350726203,fde,ml
4293,2.612284472505532,fde,ml
4294,0.4303176383553443,fde,ml
4295,4.030669938460912,fde,ml
4296,30.612552387444843,fde,ml
4297,0.4257407935656537,fde,ml
4298,1.2687654573651193,fde,ml
4299,2.341392043158042,fde,ml
4300,1.9482402196425672,fde,ml
4301,1.6451173692619667,fde,ml
4302,2.0076622450744734,fde,ml
4303,0.6556476849559096,fde,ml
4304,1.3094852057255228,fde,ml
4305,0.3557084809461894,fde,ml
4306,4.553625747949012,fde,ml
4307,1.606096491188012,fde,ml
4308,0.5951282183578274,fde,ml
4309,1.2384155696607322,fde,ml
4310,1.7809447034975885,fde,ml
4311,2.924632028439593,fde,ml
4312,0.4303176383553443,fde,ml
4313,3.9847100580505272,fde,ml
4314,35.09658146547539,fde,ml
4315,0.47241305773538605,fde,ml
4316,2.5901724893248526,fde,ml
4317,2.454452798685686,fde,ml
4318,2.058676756499063,fde,ml
4319,2.538203763811005,fde,ml
4320,2.364166478764687,fde,ml
4321,0.2221826978092984,fde,ml
4322,2.014203685382473,fde,ml
4323,0.1893550560561947,fde,ml
4324,3.794439687882037,fde,ml
4325,2.470122115527734,fde,ml
4326,1.6074994569557897,fde,ml
4327,2.8475813166850967,fde,ml
4328,2.0091237129075887,fde,ml
4329,2.5249492100800994,fde,ml
4330,0.4303176383553443,fde,ml
4331,2.895214019957123,fde,ml
4332,36.158045281816385,fde,ml
4333,0.38860370874111805,fde,ml
4334,1.8954328125091842,fde,ml
4335,2.72100910507216,fde,ml
4336,2.1506951192091592,fde,ml
4337,1.3384652500058971,fde,ml
4338,1.3265369577101138,fde,ml
4339,0.9360140065044631,fde,ml
4340,3.488447911045293,fde,ml
4341,0.2562205550452775,fde,ml
4342,3.237389512986241,fde,ml
4343,4.638523917682572,fde,ml
4344,1.7566797789350121,fde,ml
4345,3.9337803435642447,fde,ml
4346,1.384623040649266,fde,ml
4347,3.0095724487406668,fde,ml
4348,0.4303176383553443,fde,ml
4349,2.646278478506032,fde,ml
4350,37.16942906962296,fde,ml
4351,0.5579105304367669,fde,ml
4352,2.433322985716758,fde,ml
4353,2.9635401484363326,fde,ml
4354,2.459016151807698,fde,ml
4355,1.021031086375033,fde,ml
4356,1.988467373423083,fde,ml
4357,0.6296908751849241,fde,ml
4358,5.156245658681091,fde,ml
4359,0.2739632855905377,fde,ml
4360,5.095927636834306,fde,ml
4361,2.0809473893808947,fde,ml
4362,4.196638041584998,fde,ml
4363,1.7542300639694317,fde,ml
4364,2.634752751888891,fde,ml
4365,0.4303176383553443,fde,ml
4366,14.83171286548113,fde,ml
4367,0.38657666626651965,fde,ml
4368,1.9393593507784843,fde,ml
4369,3.009633498663669,fde,ml
4370,2.7863142705826296,fde,ml
4371,0.6616364185923911,fde,ml
4372,2.363611509200279,fde,ml
4373,0.9680928857171976,fde,ml
4374,7.341562114306611,fde,ml
4375,1.701256859273852,fde,ml
4376,0.9149542844329601,fde,ml
4377,2.1722183136963875,fde,ml
4378,1.4401527047713791,fde,ml
4379,1.2909309334161698,fde,ml
4380,3.733585719223252,fde,ml
4381,0.4303176383553443,fde,ml
4382,4.956219513837851,fde,ml
4383,1.0079968937665387,fde,ml
4384,2.8873395806237525,fde,ml
4385,2.8835511652186896,fde,ml
4386,2.4930661841255315,fde,ml
4387,0.9200638381487077,fde,ml
4388,3.445884954032049,fde,ml
4389,1.5282663397338294,fde,ml
4390,7.499808713538122,fde,ml
4391,0.7636966747004603,fde,ml
4392,2.494609917625335,fde,ml
4393,0.9186918834723037,fde,ml
4394,1.3523493322233522,fde,ml
4395,3.5929314403658155,fde,ml
4396,0.4303176383553443,fde,ml
4397,2.5756735435226763,fde,ml
4398,2.7195458894665268,fde,ml
4399,2.046355482523752,fde,ml
4400,1.0987124095933567,fde,ml
4401,3.2527835233529085,fde,ml
4402,1.0598428592661113,fde,ml
4403,9.824748303423847,fde,ml
4404,0.701903556973379,fde,ml
4405,1.7796057095751414,fde,ml
4406,0.5734612711126656,fde,ml
4407,1.4364437834704404,fde,ml
4408,3.7612602135206985,fde,ml
4409,0.4303176383553443,fde,ml
4410,2.813911456319863,fde,ml
4411,2.799136671531972,fde,ml
4412,2.144217188812635,fde,ml
4413,1.4850549392440386,fde,ml
4414,3.567941471896923,fde,ml
4415,0.4466166041974209,fde,ml
4416,5.906287222191965,fde,ml
4417,0.6093527340216052,fde,ml
4418,1.956271372016579,fde,ml
4419,1.0371770710749597,fde,ml
4420,1.9716553246055442,fde,ml
4421,3.3967389020098477,fde,ml
4422,0.4303176383553443,fde,ml
4423,1.9240561396989528,fde,ml
4424,2.228588439091119,fde,ml
4425,1.8372397441479655,fde,ml
4426,1.4909825243358297,fde,ml
4427,3.396013568999369,fde,ml
4428,1.139145993750329,fde,ml
4429,3.344451690976609,fde,ml
4430,0.3212299461613032,fde,ml
4431,4.020089433666754,fde,ml
4432,6.595160489747963,fde,ml
4433,8.260793777511854,fde,ml
4434,0.3691363344953457,fde,ml
4435,1.7241256331037238,fde,ml
4436,4.036189012267779,fde,ml
4437,4.266813498772206,fde,ml
4438,4.718017554314565,fde,ml
4439,19.124576602047483,fde,ml
4440,5.130307613771007,fde,ml
4441,2.087546553973757,fde,ml
4442,0.4135020481659179,fde,ml
4443,0.4288034875025916,fde,ml
4444,3.422994135031266,fde,ml
4445,3.6308440800770208,fde,ml
4446,0.3978854133613727,fde,ml
4447,3.029912569082181,fde,ml
4448,8.501560004532315,fde,ml
4449,2.1600750851974495,fde,ml
4450,1.2167320460704472,fde,ml
4451,0.6163444627847974,fde,ml
4452,4.308852222071381,fde,ml
4453,0.3828517214140375,fde,ml
4454,0.9069895622831445,fde,ml
4455,4.203778145346051,fde,ml
4456,7.8487329980412825,fde,ml
4457,0.500087805914498,fde,ml
4458,1.5495570728456323,fde,ml
4459,0.8011581981242393,fde,ml
4460,1.1874134078512923,fde,ml
4461,2.825053719481564,fde,ml
4462,15.750256449144521,fde,ml
4463,1.514623175140861,fde,ml
4464,0.7042817184928654,fde,ml
4465,0.46241019437849384,fde,ml
4466,0.4655047044264376,fde,ml
4467,1.972616453347937,fde,ml
4468,1.1115329699164445,fde,ml
4469,3.333518810400875,fde,ml
4470,6.035315857621367,fde,ml
4471,0.284472555256569,fde,ml
4472,1.3749282994232483,fde,ml
4473,3.646124146621692,fde,ml
4474,1.6966855341189135,fde,ml
4475,0.38174834983075384,fde,ml
4476,0.8140756889336169,fde,ml
4477,2.940778965235908,fde,ml
4478,5.988401648457026,fde,ml
4479,0.46214209374279874,fde,ml
4480,3.220635463345277,fde,ml
4481,0.7302354783726397,fde,ml
4482,0.13306724414523682,fde,ml
4483,1.6234482222945978,fde,ml
4484,13.73380149107886,fde,ml
4485,0.6725723359414303,fde,ml
4486,1.8408034381119018,fde,ml
4487,0.4807454133934478,fde,ml
4488,0.46548863245218675,fde,ml
4489,1.9749509201558173,fde,ml
4490,1.0045909325624065,fde,ml
4491,4.108435975417868,fde,ml
4492,4.710618457739005,fde,ml
4493,1.2092529194301553,fde,ml
4494,2.2379165649013215,fde,ml
4495,4.668964748121569,fde,ml
4496,2.4644969788192848,fde,ml
4497,0.37350905068881035,fde,ml
4498,1.5083575256646862,fde,ml
4499,1.9317431940825194,fde,ml
4500,2.7664852570467873,fde,ml
4501,0.41461909437262495,fde,ml
4502,5.011689774324163,fde,ml
4503,1.9448890091656879,fde,ml
4504,1.471220960234798,fde,ml
4505,0.6257342099936778,fde,ml
4506,12.326287266271999,fde,ml
4507,2.143673038788932,fde,ml
4508,3.0453347171005842,fde,ml
4509,0.4964329488381237,fde,ml
4510,0.4646259459116019,fde,ml
4511,1.4536984766585486,fde,ml
4512,1.1387691101128161,fde,ml
4513,4.945826704431264,fde,ml
4514,8.494063141818302,fde,ml
4515,2.7710185887292176,fde,ml
4516,2.599983118580431,fde,ml
4517,6.036736308001837,fde,ml
4518,3.8967268543602582,fde,ml
4519,0.3689783136279849,fde,ml
4520,1.2285426061294193,fde,ml
4521,2.7466690699985437,fde,ml
4522,3.2819691877003336,fde,ml
4523,0.30251874372666365,fde,ml
4524,5.512795487411896,fde,ml
4525,1.9125892194491885,fde,ml
4526,1.123414627201486,fde,ml
4527,0.8883549396380247,fde,ml
4528,11.629390133908695,fde,ml
4529,2.9537673946465883,fde,ml
4530,3.109628882677154,fde,ml
4531,0.49376919682281856,fde,ml
4532,0.36884461539286784,fde,ml
4533,1.9713723084706358,fde,ml
4534,1.2956777795267636,fde,ml
4535,4.660861728927104,fde,ml
4536,6.98722503312392,fde,ml
4537,0.3019476233767965,fde,ml
4538,1.356808244871519,fde,ml
4539,6.0540727291846705,fde,ml
4540,4.921995262681142,fde,ml
4541,0.3682619034331136,fde,ml
4542,1.3390241143716837,fde,ml
4543,0.7657849846172124,fde,ml
4544,2.823684747977549,fde,ml
4545,0.40821956519119007,fde,ml
4546,3.969222041277381,fde,ml
4547,2.1504469439405556,fde,ml
4548,1.2128986473963692,fde,ml
4549,0.58838104337162,fde,ml
4550,11.259039248429847,fde,ml
4551,3.168926892331409,fde,ml
4552,3.4227104284866923,fde,ml
4553,0.3990353875555388,fde,ml
4554,0.3668931414633929,fde,ml
4555,1.2891773489437321,fde,ml
4556,0.729756137419466,fde,ml
4557,4.795878281996816,fde,ml
4558,5.90535063548494,fde,ml
4559,1.0528525605510937,fde,ml
4560,3.9326689361066096,fde,ml
4561,5.175867576869916,fde,ml
4562,4.12543045712024,fde,ml
4563,0.3701314088503518,fde,ml
4564,0.3908519067939252,fde,ml
4565,2.063753664142971,fde,ml
4566,3.717141105507113,fde,ml
4567,0.41002051032320325,fde,ml
4568,5.026123057007267,fde,ml
4569,1.497879992833754,fde,ml
4570,0.21764383730926307,fde,ml
4571,1.2233800113324884,fde,ml
4572,11.109191037788838,fde,ml
4573,3.4590202424948897,fde,ml
4574,3.178108372173618,fde,ml
4575,0.4014120472668128,fde,ml
4576,0.37089695913855636,fde,ml
4577,2.0401194064498114,fde,ml
4578,4.182210055043265,fde,ml
4579,1.4654782460892777,fde,ml
4580,1.415174536445858,fde,ml
4581,2.679107459439145,fde,ml
4582,4.677685604138206,fde,ml
4583,0.3727900613201123,fde,ml
4584,0.9714571046355921,fde,ml
4585,2.5975661961384082,fde,ml
4586,4.132524236060814,fde,ml
4587,0.4274271995347657,fde,ml
4588,4.194976573920455,fde,ml
4589,0.8513154313222088,fde,ml
4590,0.8732528816063124,fde,ml
4591,2.035567948088484,fde,ml
4592,11.469664677713931,fde,ml
4593,2.9990093656730266,fde,ml
4594,2.420224019543562,fde,ml
4595,0.36845914792733653,fde,ml
4596,0.3724153790298062,fde,ml
4597,1.5992346685839463,fde,ml
4598,3.575981148429814,fde,ml
4599,1.505647960600223,fde,ml
4600,1.6845866723854899,fde,ml
4601,1.8775482841014408,fde,ml
4602,3.6893413544788234,fde,ml
4603,0.37321358777698443,fde,ml
4604,2.6482873659684016,fde,ml
4605,3.803503724777419,fde,ml
4606,7.679239619404698,fde,ml
4607,0.44553652368574664,fde,ml
4608,3.0751020825412474,fde,ml
4609,0.410174619939781,fde,ml
4610,2.3618258044267346,fde,ml
4611,3.5604887663967686,fde,ml
4612,12.287531611573671,fde,ml
4613,1.9330922940089472,fde,ml
4614,1.1779712844713985,fde,ml
4615,0.3316408205074234,fde,ml
4616,0.37237629230091224,fde,ml
4617,2.1505855285191027,fde,ml
4618,2.315689151939699,fde,ml
4619,1.9399761388507564,fde,ml
4620,0.7507557062925471,fde,ml
4621,0.411176156005489,fde,ml
4622,4.097209318945417,fde,ml
4623,6.233885900302049,fde,ml
4624,0.373204075803783,fde,ml
4625,2.124972332423098,fde,ml
4626,3.5801146405552213,fde,ml
4627,7.482656290791544,fde,ml
4628,0.4750237817301032,fde,ml
4629,5.646308038460926,fde,ml
4630,0.5294410021605341,fde,ml
4631,1.6650890651454895,fde,ml
4632,3.137763912727167,fde,ml
4633,11.205139237409938,fde,ml
4634,4.2870774398121,fde,ml
4635,1.9391251274324488,fde,ml
4636,0.31899301993267987,fde,ml
4637,0.3724743048203092,fde,ml
4638,1.4901612446328212,fde,ml
4639,2.7453780680998503,fde,ml
4640,0.3161311861357515,fde,ml
4641,0.8514636753963866,fde,ml
4642,1.5900605655988544,fde,ml
4643,5.727500532714886,fde,ml
4644,3.2829804940798484,fde,ml
4645,0.3699410581102072,fde,ml
4646,0.7039337663630606,fde,ml
4647,2.1346544793007824,fde,ml
4648,6.569856418772328,fde,ml
4649,0.45783401717311417,fde,ml
4650,3.0405470751143002,fde,ml
4651,1.8024357481589113,fde,ml
4652,0.3784067053413574,fde,ml
4653,1.292262281462585,fde,ml
4654,9.73624441576154,fde,ml
4655,6.09688799493656,fde,ml
4656,3.3744064449334914,fde,ml
4657,0.38647704792385873,fde,ml
4658,0.3726691097488986,fde,ml
4659,1.81884973635053,fde,ml
4660,4.050706765308864,fde,ml
4661,4.418110517873676,fde,ml
4662,2.6849680587104516,fde,ml
4663,1.596870207059116,fde,ml
4664,5.92094202285735,fde,ml
4665,1.5191972822421567,fde,ml
4666,0.3712255789517238,fde,ml
4667,0.9687612130275517,fde,ml
4668,1.8827404535866468,fde,ml
4669,6.367820841692189,fde,ml
4670,0.3842461589342275,fde,ml
4671,5.406702780416653,fde,ml
4672,2.45050433166964,fde,ml
4673,0.747400029714926,fde,ml
4674,1.039709722140452,fde,ml
4675,8.436198437168521,fde,ml
4676,8.681038682733755,fde,ml
4677,5.049378201767059,fde,ml
4678,0.39843362689068895,fde,ml
4679,0.37258118026797815,fde,ml
4680,1.3135749385313236,fde,ml
4681,4.668813480193903,fde,ml
4682,3.268896746983924,fde,ml
4683,2.8883446928662737,fde,ml
4684,2.2606203904190405,fde,ml
4685,7.227932599860704,fde,ml
4686,2.1138332089875562,fde,ml
4687,0.3726677405177543,fde,ml
4688,0.9933301748287511,fde,ml
4689,2.428204786215246,fde,ml
4690,7.018492556087641,fde,ml
4691,0.409884755727391,fde,ml
4692,5.797962242552095,fde,ml
4693,1.5763606779063302,fde,ml
4694,0.31306859515793095,fde,ml
4695,1.6203095757781347,fde,ml
4696,7.8131991494778,fde,ml
4697,8.091941452639242,fde,ml
4698,4.508108156321501,fde,ml
4699,0.3927203789311258,fde,ml
4700,0.3726265495717793,fde,ml
4701,1.8753356378250794,fde,ml
4702,3.9741974423474193,fde,ml
4703,1.6812017239230264,fde,ml
4704,2.190759374668938,fde,ml
4705,1.6941704133155506,fde,ml
4706,4.796926684224984,fde,ml
4707,3.04697022081091,fde,ml
4708,0.37125096048451406,fde,ml
4709,1.6705870593898584,fde,ml
4710,1.6450858095098884,fde,ml
4711,6.74698775911925,fde,ml
4712,0.4347070762188412,fde,ml
4713,6.189981370743953,fde,ml
4714,1.9442336641976423,fde,ml
4715,1.5336806583367923,fde,ml
4716,1.0321684505379334,fde,ml
4717,6.677406067282022,fde,ml
4718,8.170744493214858,fde,ml
4719,4.798887394402274,fde,ml
4720,0.38045434100222675,fde,ml
4721,0.3726562711070785,fde,ml
4722,1.7365152516446456,fde,ml
4723,4.328886689960306,fde,ml
4724,1.805272491577005,fde,ml
4725,2.8129729510051864,fde,ml
4726,4.457264744232788,fde,ml
4727,5.566604907584406,fde,ml
4728,3.898001126720434,fde,ml
4729,0.37287869162971343,fde,ml
4730,1.2893355147141254,fde,ml
4731,2.7895699574282284,fde,ml
4732,7.453834788505498,fde,ml
4733,0.4664499488480032,fde,ml
4734,8.423744445538878,fde,ml
4735,1.4810576741053934,fde,ml
4736,0.3715151146719283,fde,ml
4737,1.9627853589655366,fde,ml
4738,5.3735490618764254,fde,ml
4739,10.001004675032979,fde,ml
4740,4.352090873995721,fde,ml
4741,0.37147906692386956,fde,ml
4742,0.372584691390371,fde,ml
4743,2.2509763673808494,fde,ml
4744,3.4434761667925597,fde,ml
4745,0.949270579313704,fde,ml
4746,1.6820854695204603,fde,ml
4747,0.28160146327389063,fde,ml
4748,5.329523879416388,fde,ml
4749,3.926071520674586,fde,ml
4750,0.36898984991157163,fde,ml
4751,0.7154567745786076,fde,ml
4752,4.304975654759187,fde,ml
4753,7.809594533980107,fde,ml
4754,0.4009238936605374,fde,ml
4755,4.039219491650994,fde,ml
4756,1.1393136182159593,fde,ml
4757,1.8127434455792155,fde,ml
4758,2.7104418960957632,fde,ml
4759,5.753639595043806,fde,ml
4760,2.267743799579245,fde,ml
4761,1.1519391459214616,fde,ml
4762,0.36314353585290643,fde,ml
4763,0.37255325327616307,fde,ml
4764,1.7850139109176069,fde,ml
4765,2.7789353661529455,fde,ml
4766,1.993632658048288,fde,ml
4767,1.1071132165955393,fde,ml
4768,0.37138923837082577,fde,ml
4769,7.610892691839446,fde,ml
4770,1.5256253825742798,fde,ml
4771,0.3705613449641087,fde,ml
4772,1.1072148788019327,fde,ml
4773,4.6412759623383355,fde,ml
4774,7.691056936314812,fde,ml
4775,0.3900007119610471,fde,ml
4776,5.449284434827181,fde,ml
4777,1.486531668996052,fde,ml
4778,1.791572536940998,fde,ml
4779,2.934720150946201,fde,ml
4780,2.819952676580273,fde,ml
4781,3.963231932345778,fde,ml
4782,1.7841627956531934,fde,ml
4783,0.3580310859596793,fde,ml
4784,0.46957867742260845,fde,ml
4785,1.7950022070409948,fde,ml
4786,2.6166600144526257,fde,ml
4787,2.2525696854503363,fde,ml
4788,1.3423597431485579,fde,ml
4789,1.303924538846913,fde,ml
4790,8.011167460339772,fde,ml
4791,1.888570744875248,fde,ml
4792,0.3682597423534273,fde,ml
4793,0.3340421206964582,fde,ml
4794,3.555621108943889,fde,ml
4795,6.849927370240204,fde,ml
4796,0.3884276030391422,fde,ml
4797,3.6082712648448005,fde,ml
4798,1.4731872873632395,fde,ml
4799,0.30594673252466204,fde,ml
4800,1.749094883088486,fde,ml
4801,1.587364909193315,fde,ml
4802,2.0830528178734298,fde,ml
4803,3.4636213296790554,fde,ml
4804,0.4452317071553967,fde,ml
4805,0.4673945003485903,fde,ml
4806,1.7429453120544933,fde,ml
4807,3.4678564993226018,fde,ml
4808,2.2756825986842806,fde,ml
4809,1.8102181292358919,fde,ml
4810,3.2737197581009765,fde,ml
4811,6.694845249306681,fde,ml
4812,3.2681410104700843,fde,ml
4813,0.36958447319688426,fde,ml
4814,1.3517604921907387,fde,ml
4815,2.5826628603901542,fde,ml
4816,6.187644506428379,fde,ml
4817,0.39031811692005886,fde,ml
4818,1.8052921729729492,fde,ml
4819,1.9298232967164306,fde,ml
4820,0.6884237482769704,fde,ml
4821,1.1741219648310037,fde,ml
4822,0.7543269047514465,fde,ml
4823,0.44849687478231104,fde,ml
4824,4.678641608993374,fde,ml
4825,0.4366740038447089,fde,ml
4826,0.4667911560292309,fde,ml
4827,1.8087855500279308,fde,ml
4828,4.224231203763975,fde,ml
4829,3.5402984311311276,fde,ml
4830,2.8213469316448574,fde,ml
4831,4.079851443563447,fde,ml
4832,6.541745856178919,fde,ml
4833,4.295194227698239,fde,ml
4834,0.46575608176279637,fde,ml
4835,1.3833775059176918,fde,ml
4836,2.6927320675834028,fde,ml
4837,6.132840137368252,fde,ml
4838,0.3634602196270734,fde,ml
4839,2.284680887609708,fde,ml
4840,1.987823023211999,fde,ml
4841,0.7025644860421761,fde,ml
4842,1.59589883231269,fde,ml
4843,0.5131660609128185,fde,ml
4844,1.4328659463677866,fde,ml
4845,4.963083657416897,fde,ml
4846,0.4405266985500701,fde,ml
4847,0.37251707530265804,fde,ml
4848,1.7903140057268805,fde,ml
4849,4.296080867467297,fde,ml
4850,3.341236987066317,fde,ml
4851,2.707613547698534,fde,ml
4852,3.5474692746249987,fde,ml
4853,8.01339439859555,fde,ml
4854,4.94766513165052,fde,ml
4855,0.4653105323207841,fde,ml
4856,0.4071198496647997,fde,ml
4857,2.240976763616678,fde,ml
4858,5.967316714408037,fde,ml
4859,0.41379801599396443,fde,ml
4860,0.3100086451100199,fde,ml
4861,2.4783649464444735,fde,ml
4862,0.6238460713766266,fde,ml
4863,0.8053172062578727,fde,ml
4864,3.2513885712483797,fde,ml
4865,1.189741966143509,fde,ml
4866,4.841850516190314,fde,ml
4867,0.39219655703056905,fde,ml
4868,0.3723549166453359,fde,ml
4869,2.061979441453244,fde,ml
4870,3.8494835797064293,fde,ml
4871,3.899298067982647,fde,ml
4872,2.725336398989853,fde,ml
4873,2.0575766092524144,fde,ml
4874,0.4557490266416318,fde,ml
4875,3.292257829946618,fde,ml
4876,0.43031649936650973,fde,ml
4877,0.5715550180386821,fde,ml
4878,2.1177267426156914,fde,ml
4879,5.525019554358901,fde,ml
4880,0.4299565217956181,fde,ml
4881,0.33864542950609,fde,ml
4882,3.0437237931871346,fde,ml
4883,0.980040211126242,fde,ml
4884,1.0891910388681836,fde,ml
4885,5.4288264371847585,fde,ml
4886,1.7743696841478909,fde,ml
4887,5.302558043733961,fde,ml
4888,0.4096951762621839,fde,ml
4889,0.372434501520074,fde,ml
4890,2.0364639085563123,fde,ml
4891,3.8279760839010475,fde,ml
4892,2.572497794273442,fde,ml
4893,1.7730274346469126,fde,ml
4894,1.678281474689827,fde,ml
4895,4.131984358492681,fde,ml
4896,0.43031649936650973,fde,ml
4897,2.3313245213214246,fde,ml
4898,3.739119462494473,fde,ml
4899,5.839963090350764,fde,ml
4900,0.43804753927929757,fde,ml
4901,1.436359591210636,fde,ml
4902,2.753718835775546,fde,ml
4903,0.5402864964961566,fde,ml
4904,1.7158313994198742,fde,ml
4905,4.713562751908298,fde,ml
4906,2.0060974827403735,fde,ml
4907,3.165123850434561,fde,ml
4908,0.41708435501370317,fde,ml
4909,0.3725141593771619,fde,ml
4910,2.4169919558408997,fde,ml
4911,0.8790366813425837,fde,ml
4912,1.69058759869953,fde,ml
4913,0.5852209040064655,fde,ml
4914,0.7490269928683081,fde,ml
4915,3.3937445496244294,fde,ml
4916,0.43031649936650973,fde,ml
4917,2.655732950591421,fde,ml
4918,4.667239958410722,fde,ml
4919,5.90014513364316,fde,ml
4920,0.34076133961596383,fde,ml
4921,2.274436410180965,fde,ml
4922,2.8158470358196577,fde,ml
4923,0.7870149310211583,fde,ml
4924,1.7944431818471043,fde,ml
4925,4.366206523346735,fde,ml
4926,1.5725273091817842,fde,ml
4927,1.5166853277996786,fde,ml
4928,0.42290347354704727,fde,ml
4929,0.37256490823180394,fde,ml
4930,2.3861843994866194,fde,ml
4931,0.2987779310086625,fde,ml
4932,1.3228467741840053,fde,ml
4933,0.46103763115512375,fde,ml
4934,1.8281077688500464,fde,ml
4935,2.1872885358820944,fde,ml
4936,0.43031649936650973,fde,ml
4937,2.8425241732196187,fde,ml
4938,4.868281138100693,fde,ml
4939,5.0449712065302,fde,ml
4940,0.3329513005787242,fde,ml
4941,2.4769941856037625,fde,ml
4942,3.613179691996575,fde,ml
4943,2.2876477295787496,fde,ml
4944,1.9049944795592066,fde,ml
4945,6.95892693805053,fde,ml
4946,1.3428171164487401,fde,ml
4947,1.569376403259031,fde,ml
4948,0.41947656414279316,fde,ml
4949,0.3725476953729579,fde,ml
4950,2.6143488781247255,fde,ml
4951,0.040910945392054934,fde,ml
4952,1.0273695772314206,fde,ml
4953,0.42025394208764233,fde,ml
4954,0.6641564233330743,fde,ml
4955,2.781914460261192,fde,ml
4956,0.43031649936650973,fde,ml
4957,1.2357033047214088,fde,ml
4958,3.039863561901025,fde,ml
4959,3.145874933625485,fde,ml
4960,0.38269302198938365,fde,ml
4961,1.1515357731043958,fde,ml
4962,1.7814708220536473,fde,ml
4963,0.7372501552144375,fde,ml
4964,1.333774161355459,fde,ml
4965,4.034119153586819,fde,ml
4966,1.4751851680917254,fde,ml
4967,3.0124886827703348,fde,ml
4968,0.3759826155549493,fde,ml
4969,0.37242645312256206,fde,ml
4970,1.6376953438615292,fde,ml
4971,2.981600767375882,fde,ml
4972,3.0574026827548866,fde,ml
4973,1.7532559747598808,fde,ml
4974,2.348085836056194,fde,ml
4975,3.6173411054478093,fde,ml
4976,0.43031649936650973,fde,ml
4977,0.9829667060851998,fde,ml
4978,2.715899287419161,fde,ml
4979,4.058106352637132,fde,ml
4980,0.40422052776489176,fde,ml
4981,1.1866225732175595,fde,ml
4982,2.955006092319523,fde,ml
4983,0.548980943377984,fde,ml
4984,1.3706679512438114,fde,ml
4985,3.7526431469445045,fde,ml
4986,2.811375246526478,fde,ml
4987,3.301516776600951,fde,ml
4988,0.36159845178227695,fde,ml
4989,0.3724888103372325,fde,ml
4990,1.9184654276488595,fde,ml
4991,0.19026906986787415,fde,ml
4992,3.400813312800255,fde,ml
4993,1.6235076435104072,fde,ml
4994,2.137792483708479,fde,ml
4995,4.758605382365913,fde,ml
4996,0.45548055911412133,fde,ml
4997,0.9960718848456235,fde,ml
4998,2.6053022804217676,fde,ml
4999,4.141452137108125,fde,ml
5000,0.36264331883871065,fde,ml
5001,1.1901233294218636,fde,ml
5002,2.4972911957648205,fde,ml
5003,0.7298934975620035,fde,ml
5004,0.9034051379527213,fde,ml
5005,4.176808094978375,fde,ml
5006,3.4033227990760704,fde,ml
5007,2.898860621947558,fde,ml
5008,0.34946558722997867,fde,ml
5009,0.3725224407415096,fde,ml
5010,2.7609443830855542,fde,ml
5011,2.064400548623526,fde,ml
5012,2.8407572655420243,fde,ml
5013,1.7832429338216267,fde,ml
5014,2.5135483096075517,fde,ml
5015,4.793173720517983,fde,ml
5016,0.4663182878892397,fde,ml
5017,0.5438401474514027,fde,ml
5018,2.046894287836612,fde,ml
5019,3.5643201073429145,fde,ml
5020,0.33727579289567783,fde,ml
5021,1.0044204705758446,fde,ml
5022,2.7588475061524567,fde,ml
5023,0.41572689169417004,fde,ml
5024,1.1421531147951733,fde,ml
5025,4.166149833239458,fde,ml
5026,4.177850878961319,fde,ml
5027,2.8416800614100928,fde,ml
5028,0.34262167868633747,fde,ml
5029,0.3725347548736654,fde,ml
5030,3.1124520080201425,fde,ml
5031,3.1218250901489655,fde,ml
5032,2.9063909832471424,fde,ml
5033,3.8312710996561172,fde,ml
5034,2.7834405052933797,fde,ml
5035,5.016622457095184,fde,ml
5036,0.4670171237673035,fde,ml
5037,0.5172668200012747,fde,ml
5038,2.173372779006097,fde,ml
5039,3.9167107875572955,fde,ml
5040,0.3023961275594503,fde,ml
5041,3.013795605128737,fde,ml
5042,0.8973667583717437,fde,ml
5043,1.6112681795726729,fde,ml
5044,7.1423480216452235,fde,ml
5045,7.092725982156966,fde,ml
5046,2.680794504434581,fde,ml
5047,0.3331785814856175,fde,ml
5048,0.3771107687864331,fde,ml
5049,3.40588729473232,fde,ml
5050,2.4068512992242095,fde,ml
5051,2.6868248771439474,fde,ml
5052,0.921298684447732,fde,ml
5053,3.258634883978529,fde,ml
5054,7.426446912087969,fde,ml
5055,0.46828235045668837,fde,ml
5056,1.867624940171109,fde,ml
5057,3.3480709401021396,fde,ml
5058,5.497314061597496,fde,ml
5059,0.43915515714689984,fde,ml
5060,1.4021015925091938,fde,ml
5061,2.449134049406196,fde,ml
5062,2.777072415843654,fde,ml
5063,5.752146787514515,fde,ml
5064,4.736154642787153,fde,ml
5065,2.3271086137042394,fde,ml
5066,0.37785890556221613,fde,ml
5067,0.37752946933101345,fde,ml
5068,1.7770199851548594,fde,ml
5069,0.5578973098438276,fde,ml
5070,1.895354676814404,fde,ml
5071,0.42252083005453417,fde,ml
5072,1.5213254276190546,fde,ml
5073,6.7323487909130275,fde,ml
5074,2.5370259424072756,fde,ml
5075,0.37232460364608966,fde,ml
5076,5.691770076349619,fde,ml
5077,1.359321740161435,fde,ml
5078,3.6647175759292487,fde,ml
5079,1.4736101831927482,fde,ml
5080,0.6866363151917841,fde,ml
5081,5.494061876431345,fde,ml
5082,0.3298909373265387,fde,ml
5083,2.25442937950624,fde,ml
5084,0.36713486476944324,fde,ml
5085,4.77648068951028,fde,ml
5086,1.8394359292926465,fde,ml
5087,0.39279742495029707,fde,ml
5088,3.5866057409932104,fde,ml
5089,1.1454418198036813,fde,ml
5090,6.906314615944969,fde,ml
5091,1.3769309283927602,fde,ml
5092,3.4777373947212413,fde,ml
5093,3.695560112214148,fde,ml
5094,0.364127974910391,fde,ml
5095,1.1384038254097146,fde,ml
5096,0.4323889688843123,fde,ml
5097,2.1731695057865785,fde,ml
5098,1.7351529813436108,fde,ml
5099,0.352887040570457,fde,ml
5100,2.342966870197101,fde,ml
5101,2.5978001736418417,fde,ml
5102,5.50136318940039,fde,ml
5103,2.6784283434106135,fde,ml
5104,1.4371427061104318,fde,ml
5105,3.1275184739520783,fde,ml
5106,0.37082825100557504,fde,ml
5107,1.519972681023942,fde,ml
5108,0.44137484024845125,fde,ml
5109,1.0491730269670108,fde,ml
5110,1.553518743059679,fde,ml
5111,0.4825620822967556,fde,ml
5112,1.1759485949860755,fde,ml
5113,4.194854939554509,fde,ml
5114,4.375161098222641,fde,ml
5115,3.9214553748738514,fde,ml
5116,0.7137861512092429,fde,ml
5117,2.639448240473422,fde,ml
5118,0.37338371811196797,fde,ml
5119,2.264451312923139,fde,ml
5120,0.43584773387942816,fde,ml
5121,0.030162416319465705,fde,ml
5122,1.858200178483988,fde,ml
5123,0.30421599950784856,fde,ml
5124,0.4832315091309427,fde,ml
5125,1.716958790062093,fde,ml
5126,3.516317948483361,fde,ml
5127,5.248256317068768,fde,ml
5128,3.39168051418577,fde,ml
5129,1.755700229462763,fde,ml
5130,1.5449836671863137,fde,ml
5131,0.36859426010223534,fde,ml
5132,1.9918569725217634,fde,ml
5133,0.43004991147757493,fde,ml
5134,0.24162084618003524,fde,ml
5135,0.2656084691875654,fde,ml
5136,1.2070459602258572,fde,ml
5137,0.6628211024395778,fde,ml
5138,0.8953453685636894,fde,ml
5139,3.211254324337604,fde,ml
5140,3.8147609745681,fde,ml
5141,3.149810680150154,fde,ml
5142,0.5785208332709678,fde,ml
5143,0.19790256652141322,fde,ml
5144,0.36691300808979915,fde,ml
5145,2.840572629800037,fde,ml
5146,0.427553195380099,fde,ml
5147,0.5600336188171234,fde,ml
5148,2.545201003227484,fde,ml
5149,0.7410164167030352,fde,ml
5150,0.7748885789151183,fde,ml
5151,0.7309685234186449,fde,ml
5152,1.1570168442169284,fde,ml
5153,2.621577067817413,fde,ml
5154,5.078195823084186,fde,ml
5155,2.8533663006199745,fde,ml
5156,0.4392602398084118,fde,ml
5157,0.38776968863627115,fde,ml
5158,0.3677751712430006,fde,ml
5159,0.42810199967918083,fde,ml
5160,0.5010676553876237,fde,ml
5161,3.0005556999808203,fde,ml
5162,0.09860270226018918,fde,ml
5163,0.44147658292306874,fde,ml
5164,1.3646297598321717,fde,ml
5165,2.4200845512578026,fde,ml
5166,5.516051702585679,fde,ml
5167,3.190476600463783,fde,ml
5168,0.4966571372110411,fde,ml
5169,0.47164197251875317,fde,ml
5170,0.36967791550651485,fde,ml
5171,0.43031818945614764,fde,ml
5172,0.28638956061901116,fde,ml
5173,3.723174147377703,fde,ml
5174,3.2760433737395522,fde,ml
5175,0.36947290002301625,fde,ml
5176,2.2049673947121367,fde,ml
5177,1.3315360090659045,fde,ml
5178,4.974189295154832,fde,ml
5179,2.5813592799419904,fde,ml
5180,0.48237350850287797,fde,ml
5181,3.3082876377169397,fde,ml
5182,0.36949921020987697,fde,ml
5183,0.43031818945614764,fde,ml
5184,1.3959588892010701,fde,ml
5185,2.853544439146985,fde,ml
5186,2.765580251763694,fde,ml
5187,0.35353093689591203,fde,ml
5188,2.7692624189325454,fde,ml
5189,1.1588129615834184,fde,ml
5190,7.08986681085199,fde,ml
5191,3.38270209444735,fde,ml
5192,0.7214809415442872,fde,ml
5193,3.1900529978048553,fde,ml
5194,0.3712215013673747,fde,ml
5195,0.43031818945614764,fde,ml
5196,1.7084858758564523,fde,ml
5197,2.7784712884670473,fde,ml
5198,1.3665776448875693,fde,ml
5199,0.35290332024954757,fde,ml
5200,1.8250633304247459,fde,ml
5201,3.3416450081696354,fde,ml
5202,5.685131789065063,fde,ml
5203,6.1687129914723755,fde,ml
5204,0.4143894125533291,fde,ml
5205,2.8676569729787817,fde,ml
5206,0.37079835351366536,fde,ml
5207,0.43031818945614764,fde,ml
5208,0.9792118143331283,fde,ml
5209,4.1092978946809575,fde,ml
5210,0.542487319382831,fde,ml
5211,0.4428792424195292,fde,ml
5212,1.59965262217857,fde,ml
5213,3.5173369807534103,fde,ml
5214,7.719880886153677,fde,ml
5215,7.481522646191664,fde,ml
5216,0.40672520840927023,fde,ml
5217,2.8819460558591565,fde,ml
5218,0.3703396249818777,fde,ml
5219,0.43031818945614764,fde,ml
5220,0.9415757716519398,fde,ml
5221,4.263095313371436,fde,ml
5222,1.5147041097465157,fde,ml
5223,0.5132004205023083,fde,ml
5224,2.3258485085168337,fde,ml
5225,2.4645942800390164,fde,ml
5226,2.851786925930349,fde,ml
5227,5.010766035333532,fde,ml
5228,0.39028923107177155,fde,ml
5229,1.42779602900754,fde,ml
5230,0.36964715940413634,fde,ml
5231,0.43031818945614764,fde,ml
5232,1.3807083381178533,fde,ml
5233,2.273738281080325,fde,ml
5234,1.839371470613517,fde,ml
5235,0.5892902033308616,fde,ml
5236,2.9543096829668856,fde,ml
5237,2.5608940865329357,fde,ml
5238,0.5737833919760467,fde,ml
5239,4.117889681230445,fde,ml
5240,0.36777585155924614,fde,ml
5241,1.1380897042791818,fde,ml
5242,0.3694052752025952,fde,ml
5243,0.43031818945614764,fde,ml
5244,1.940257221559717,fde,ml
5245,1.253900186878719,fde,ml
5246,1.2283596680521307,fde,ml
5247,0.5716500886484174,fde,ml
5248,2.37390661183473,fde,ml
5249,0.8394631046367238,fde,ml
5250,5.619076461483678,fde,ml
5251,0.4255363947597685,fde,ml
5252,1.144419270201463,fde,ml
5253,0.3689355117643505,fde,ml
5254,0.43031818945614764,fde,ml
5255,2.5283387280881824,fde,ml
5256,1.060939093757169,fde,ml
5257,1.538640727191515,fde,ml
5258,0.4012771003680744,fde,ml
5259,3.663042493086968,fde,ml
5260,0.25179349846772037,fde,ml
5261,6.168782103707179,fde,ml
5262,0.38671669640000594,fde,ml
5263,0.49469920235359766,fde,ml
5264,0.3691926774489647,fde,ml
5265,0.43031818945614764,fde,ml
5266,1.0453590779995432,fde,ml
5267,3.2905244155502875,fde,ml
5268,0.8587450069037971,fde,ml
5269,0.4597159781137089,fde,ml
5270,3.3626645599656952,fde,ml
5271,0.3114005156941639,fde,ml
5272,7.011792817520413,fde,ml
5273,0.3991831462090583,fde,ml
5274,0.36870354506877695,fde,ml
5275,0.43031818945614764,fde,ml
5276,1.159799065533252,fde,ml
5277,2.8458185467544035,fde,ml
5278,0.6548863063192496,fde,ml
5279,0.45362763547253354,fde,ml
5280,3.3021841535357552,fde,ml
5281,0.4695044139783509,fde,ml
5282,5.915145062712258,fde,ml
5283,0.5205607484539175,fde,ml
5284,0.36898642004709314,fde,ml
5285,0.43031818945614764,fde,ml
5286,3.225785202537117,fde,ml
5287,3.6650737818773362,fde,ml
5288,0.8935129764483931,fde,ml
5289,0.4620534723465714,fde,ml
5290,2.7306591595663563,fde,ml
5291,0.6457398922897184,fde,ml
5292,3.428015302812487,fde,ml
5293,0.5644609490484149,fde,ml
5294,0.3689198735549898,fde,ml
5295,0.43031818945614764,fde,ml
5296,3.3679242081125493,fde,ml
5297,3.5406346025151203,fde,ml
5298,0.9553015036535785,fde,ml
5299,10.29637725795021,fde,ml
5300,0.5567620430607978,fde,ml
5301,1.4173156371267,fde,ml
5302,0.6536459816436139,fde,ml
5303,3.6184021682555176,fde,ml
5304,0.6739934760620105,fde,ml
5305,6.137992946556082,fde,ml
5306,0.6110128925354733,fde,ml
5307,0.36884181168979435,fde,ml
5308,0.43031818945614764,fde,ml
5309,3.1545604664775904,fde,ml
5310,4.280662278900188,fde,ml
5311,2.039649850877631,fde,ml
5312,8.00549178304639,fde,ml
5313,1.9322954601783981,fde,ml
5314,0.5956902243164766,fde,ml
5315,0.44830246332127244,fde,ml
5316,3.6123121774156406,fde,ml
5317,0.4588185106458413,fde,ml
5318,3.080161673109788,fde,ml
5319,0.3008640380036353,fde,ml
5320,0.3698926916223931,fde,ml
5321,0.43031818945614764,fde,ml
5322,3.1106601747024674,fde,ml
5323,3.4753617324886914,fde,ml
5324,2.489712679792432,fde,ml
5325,7.435778076835722,fde,ml
5326,3.5214250888039835,fde,ml
5327,15.560337522151922,fde,ml
5328,0.8318281818372552,fde,ml
5329,0.36800089093694444,fde,ml
5330,4.171038703133693,fde,ml
5331,0.4284316651595113,fde,ml
5332,5.074091169520741,fde,ml
5333,0.2475517539905288,fde,ml
5334,0.3702234647479523,fde,ml
5335,0.43031818945614764,fde,ml
5336,3.911239272695017,fde,ml
5337,2.8423712977530924,fde,ml
5338,6.825108660473107,fde,ml
5339,11.857629591645509,fde,ml
5340,0.5442215407598912,fde,ml
5341,0.2740551153891926,fde,ml
5342,2.2199641888212995,fde,ml
5343,0.38552179101920453,fde,ml
5344,3.122966877139718,fde,ml
5345,0.29721237180117305,fde,ml
5346,0.3696130337899608,fde,ml
5347,0.43031818945614764,fde,ml
5348,1.976628162911095,fde,ml
5349,2.3027910240721967,fde,ml
5350,7.1615969178097885,fde,ml
5351,10.97755033161292,fde,ml
5352,0.6791305717320014,fde,ml
5353,0.20100822814121444,fde,ml
5354,2.878361860467427,fde,ml
5355,0.331686391372453,fde,ml
5356,2.631134564854092,fde,ml
5357,0.35630297765109964,fde,ml
5358,0.36941900005119177,fde,ml
5359,0.43031818945614764,fde,ml
5360,1.5449533158873112,fde,ml
5361,1.9196983694398753,fde,ml
5362,7.3853082429598516,fde,ml
5363,9.43859255229349,fde,ml
5364,0.5872928694725674,fde,ml
5365,0.36408272634941186,fde,ml
5366,2.826281620070179,fde,ml
5367,0.29278679845756117,fde,ml
5368,3.8642906253591485,fde,ml
5369,0.3543994792243678,fde,ml
5370,0.36943505065335547,fde,ml
5371,0.43031818945614764,fde,ml
5372,1.2794534910278348,fde,ml
5373,1.6780872376092433,fde,ml
5374,7.592743932199588,fde,ml
5375,8.70173967529289,fde,ml
5376,0.43803672244588937,fde,ml
5377,0.33862221966221984,fde,ml
5378,4.539753518447826,fde,ml
5379,0.3860596895239717,fde,ml
5380,4.903610412424051,fde,ml
5381,0.6452525840415321,fde,ml
5382,0.3687365431362008,fde,ml
5383,0.43031818945614764,fde,ml
5384,4.064418943897661,fde,ml
5385,3.0890456800681645,fde,ml
5386,6.74209721988954,fde,ml
5387,7.88082421416068,fde,ml
5388,9.312112761452754,fde,ml
5389,9.990186223360057,fde,ml
5390,4.014725101827419,fde,ml
5391,3.5215701075433494,fde,ml
5392,6.4527190164368236,fde,ml
5393,8.561138291724472,fde,ml
5394,0.33357174052625965,fde,ml
5395,1.5248282944748033,fde,ml
5396,2.33464806502105,fde,ml
5397,3.171485342446023,fde,ml
5398,4.819053118428972,fde,ml
5399,5.678533214790404,fde,ml
5400,5.148665555100991,fde,ml
5401,1.0642276521686869,fde,ml
5402,8.136958708253134,fde,ml
5403,4.933457865810967,fde,ml
5404,6.5525200122732885,fde,ml
5405,1.2233290590308161,fde,ml
5406,1.3771755057429917,fde,ml
5407,7.244612875791436,fde,ml
5408,0.4302393531458135,fde,ml
5409,4.1882549022523134,fde,ml
5410,1.8756203918580565,fde,ml
5411,6.669440595847104,fde,ml
5412,2.413447989301535,fde,ml
5413,3.998673706567827,fde,ml
5414,9.650385281257556,fde,ml
5415,6.375010643086826,fde,ml
5416,0.37730903821040057,fde,ml
5417,1.2185104001847142,fde,ml
5418,1.4310551705665544,fde,ml
5419,5.459210304796574,fde,ml
5420,2.664522919409203,fde,ml
5421,2.521431632965134,fde,ml
5422,1.9948425267459586,fde,ml
5423,4.82994751443875,fde,ml
5424,9.030695816977566,fde,ml
5425,2.8130967513573792,fde,ml
5426,3.941890883053783,fde,ml
5427,2.85478528300284,fde,ml
5428,0.8254285978070345,fde,ml
5429,7.558646133151884,fde,ml
5430,0.4715327994858141,fde,ml
5431,3.60491351526604,fde,ml
5432,0.4198581971975943,fde,ml
5433,4.187325541052872,fde,ml
5434,2.9148803070681635,fde,ml
5435,1.676796774510166,fde,ml
5436,6.33480861380931,fde,ml
5437,5.248414234546596,fde,ml
5438,0.3766224659874725,fde,ml
5439,0.7857571437787173,fde,ml
5440,3.101938177694377,fde,ml
5441,5.277535002417522,fde,ml
5442,1.1951734734023556,fde,ml
5443,1.420223443021433,fde,ml
5444,1.1913982995287633,fde,ml
5445,2.4607745224506323,fde,ml
5446,5.506265351727382,fde,ml
5447,0.7848576863510135,fde,ml
5448,2.664447769528194,fde,ml
5449,3.7286545327675515,fde,ml
5450,1.3979260652372398,fde,ml
5451,4.110202032680147,fde,ml
5452,0.47310966563220924,fde,ml
5453,2.901639841908352,fde,ml
5454,0.7841555828273159,fde,ml
5455,2.0004074439058055,fde,ml
5456,3.730568097134029,fde,ml
5457,4.596129027146819,fde,ml
5458,4.457350575452523,fde,ml
5459,3.8463631617487244,fde,ml
5460,0.3690889755963504,fde,ml
5461,0.21990215254592535,fde,ml
5462,3.454531695772746,fde,ml
5463,6.515975892960649,fde,ml
5464,1.1030726956577364,fde,ml
5465,0.465104382438015,fde,ml
5466,0.3453232210193158,fde,ml
5467,1.8187410133733113,fde,ml
5468,3.6987831465098355,fde,ml
5469,0.438595951429294,fde,ml
5470,0.9390152456860371,fde,ml
5471,5.209145748954262,fde,ml
5472,2.466155670066822,fde,ml
5473,0.6140361449995684,fde,ml
5474,0.46637919144426776,fde,ml
5475,1.495173981596533,fde,ml
5476,1.5052243011335924,fde,ml
5477,2.090757905444494,fde,ml
5478,5.480040088901399,fde,ml
5479,3.568807953199337,fde,ml
5480,6.034774714364055,fde,ml
5481,3.4431610879286714,fde,ml
5482,0.3660760041011368,fde,ml
5483,0.14442225063227593,fde,ml
5484,4.172720865876379,fde,ml
5485,6.714997278316048,fde,ml
5486,0.618477156467222,fde,ml
5487,0.5204608204298423,fde,ml
5488,0.7690037766652605,fde,ml
5489,2.9671612656928192,fde,ml
5490,5.654997563714998,fde,ml
5491,1.090634323739412,fde,ml
5492,1.1899415130447077,fde,ml
5493,2.8892903026119243,fde,ml
5494,1.1215060472828746,fde,ml
5495,0.6808645725889448,fde,ml
5496,0.46379885763342954,fde,ml
5497,1.8792972676530686,fde,ml
5498,2.4980459614778154,fde,ml
5499,4.70451495534105,fde,ml
5500,3.7855604896470516,fde,ml
5501,0.488748353496558,fde,ml
5502,3.374965452517575,fde,ml
5503,0.36519802654763495,fde,ml
5504,0.2533280220236527,fde,ml
5505,1.5281276227203884,fde,ml
5506,3.654980664178849,fde,ml
5507,1.3096304832253023,fde,ml
5508,0.7256864549414241,fde,ml
5509,0.405323227705607,fde,ml
5510,0.8239668116691339,fde,ml
5511,1.8600361395364917,fde,ml
5512,0.32970682205945967,fde,ml
5513,0.16081147789186637,fde,ml
5514,3.764031349505888,fde,ml
5515,1.8601797811665217,fde,ml
5516,1.7218235802822777,fde,ml
5517,0.4275520591454037,fde,ml
5518,1.4692468932202463,fde,ml
5519,1.7508291076150069,fde,ml
5520,6.909097549447569,fde,ml
5521,4.372231319728004,fde,ml
5522,0.7523041151047768,fde,ml
5523,2.4679263680759873,fde,ml
5524,0.36623380538832323,fde,ml
5525,0.522315632301139,fde,ml
5526,1.6181510632508034,fde,ml
5527,4.839249672091537,fde,ml
5528,1.6697036553289752,fde,ml
5529,1.0459726621113579,fde,ml
5530,0.8113844329523074,fde,ml
5531,0.568670482289489,fde,ml
5532,3.3242238021720327,fde,ml
5533,0.9504370749079916,fde,ml
5534,1.998523724775946,fde,ml
5535,4.145802829081514,fde,ml
5536,1.9167612454198633,fde,ml
5537,2.012206674035707,fde,ml
5538,0.4281017204067478,fde,ml
5539,1.0102772270023117,fde,ml
5540,1.6385757308282307,fde,ml
5541,6.989811068576446,fde,ml
5542,2.6708285878691935,fde,ml
5543,0.676556007598384,fde,ml
5544,2.027536140409629,fde,ml
5545,0.36854520093121274,fde,ml
5546,0.41940116842153424,fde,ml
5547,1.2591394298689267,fde,ml
5548,3.945993858773777,fde,ml
5549,0.9891917758606041,fde,ml
5550,0.9575436095246916,fde,ml
5551,0.9060693334917673,fde,ml
5552,0.4656453655900057,fde,ml
5553,3.553565073394166,fde,ml
5554,0.6670563847584698,fde,ml
5555,3.0337591468922063,fde,ml
5556,1.5067773760451368,fde,ml
5557,2.5723515161718944,fde,ml
5558,1.8714869604811448,fde,ml
5559,0.4467379751276784,fde,ml
5560,1.3486986446258524,fde,ml
5561,1.575545301064374,fde,ml
5562,6.593711353995394,fde,ml
5563,2.427304848847772,fde,ml
5564,0.43846620664803376,fde,ml
5565,2.008552952942768,fde,ml
5566,0.3628123752938041,fde,ml
5567,0.5260194102760549,fde,ml
5568,1.2779473010198112,fde,ml
5569,4.918471007378993,fde,ml
5570,1.4607347842566165,fde,ml
5571,1.7269579729235172,fde,ml
5572,1.0856497505812124,fde,ml
5573,0.42232111523725036,fde,ml
5574,3.3327220959405626,fde,ml
5575,0.6036227483427712,fde,ml
5576,3.2374628928517377,fde,ml
5577,0.5603788100046351,fde,ml
5578,3.3493779157404067,fde,ml
5579,1.816034640798984,fde,ml
5580,0.3647927854992137,fde,ml
5581,1.3206616868775818,fde,ml
5582,1.4267841727538375,fde,ml
5583,8.807381915067763,fde,ml
5584,2.817503549548996,fde,ml
5585,0.5012697072175236,fde,ml
5586,0.8523239268519108,fde,ml
5587,0.3637801281474422,fde,ml
5588,0.5415077611884166,fde,ml
5589,0.6697891342384075,fde,ml
5590,5.287944965017709,fde,ml
5591,1.371175606580326,fde,ml
5592,1.619631838132631,fde,ml
5593,1.5348363617648952,fde,ml
5594,0.32379363703976877,fde,ml
5595,4.189583301114105,fde,ml
5596,0.8930375264950907,fde,ml
5597,3.9988930683163333,fde,ml
5598,0.7630969915022499,fde,ml
5599,3.418960084580036,fde,ml
5600,1.6595301654650103,fde,ml
5601,0.36869765674431765,fde,ml
5602,0.9531517497449752,fde,ml
5603,4.235546598418379,fde,ml
5604,2.8195697711912073,fde,ml
5605,3.6322688767474673,fde,ml
5606,0.48348401516503303,fde,ml
5607,1.2435146331667937,fde,ml
5608,0.36577458515542616,fde,ml
5609,0.45126043946711125,fde,ml
5610,2.6635201400601125,fde,ml
5611,0.6823670327932994,fde,ml
5612,1.245169357278872,fde,ml
5613,1.5078306887261765,fde,ml
5614,0.7034510151807224,fde,ml
5615,0.3716606260253742,fde,ml
5616,3.6652848859685814,fde,ml
5617,0.3315793387133149,fde,ml
5618,0.9425255183093377,fde,ml
5619,1.3736206146026244,fde,ml
5620,2.4668751932807416,fde,ml
5621,0.545124210148834,fde,ml
5622,0.3669839612364469,fde,ml
5623,2.7051964819003325,fde,ml
5624,3.893826118440735,fde,ml
5625,2.5823918635691894,fde,ml
5626,3.5865275632611096,fde,ml
5627,0.4751077468473631,fde,ml
5628,0.1831932868436562,fde,ml
5629,0.3670084365829246,fde,ml
5630,0.45307371039052036,fde,ml
5631,2.1013205998701388,fde,ml
5632,0.7418897399631015,fde,ml
5633,0.6619002743847349,fde,ml
5634,1.2568783429320118,fde,ml
5635,2.8774567655087693,fde,ml
5636,0.36091962248879317,fde,ml
5637,3.765091790792373,fde,ml
5638,0.22537630639348005,fde,ml
5639,1.4046178076453422,fde,ml
5640,2.051212002602324,fde,ml
5641,2.233305794861964,fde,ml
5642,0.6753256632501724,fde,ml
5643,0.36859061101521456,fde,ml
5644,2.410393696924507,fde,ml
5645,3.5865170391549435,fde,ml
5646,3.111083134099135,fde,ml
5647,1.5359754803721537,fde,ml
5648,0.4314073361051926,fde,ml
5649,0.8346779739018113,fde,ml
5650,0.3669120268939796,fde,ml
5651,0.40802585418716925,fde,ml
5652,2.3738355302991065,fde,ml
5653,2.7039910453410636,fde,ml
5654,0.7477316814818095,fde,ml
5655,1.252948093470916,fde,ml
5656,4.330816932562195,fde,ml
5657,0.3388080326002812,fde,ml
5658,3.5178688977125416,fde,ml
5659,0.5282586087552434,fde,ml
5660,1.9138104148155537,fde,ml
5661,1.6747424289827317,fde,ml
5662,1.2070775238471092,fde,ml
5663,0.8322593530477824,fde,ml
5664,0.3683347766663277,fde,ml
5665,2.7139221585871214,fde,ml
5666,2.653071836735125,fde,ml
5667,1.6401332581967991,fde,ml
5668,2.5776079777268257,fde,ml
5669,0.4084209776367383,fde,ml
5670,1.9947011004058126,fde,ml
5671,0.367012146877156,fde,ml
5672,0.3594454179985392,fde,ml
5673,1.082327196138271,fde,ml
5674,6.22901068581677,fde,ml
5675,1.1042085732420495,fde,ml
5676,0.8928677824551432,fde,ml
5677,6.949583515697367,fde,ml
5678,0.3229664613815776,fde,ml
5679,2.6745112199387835,fde,ml
5680,1.8021220885164304,fde,ml
5681,2.896268370523077,fde,ml
5682,3.548861795201141,fde,ml
5683,0.928007213655838,fde,ml
5684,1.8508672844770917,fde,ml
5685,0.3683664879938116,fde,ml
5686,2.7844394358115516,fde,ml
5687,2.918003296668637,fde,ml
5688,0.6363573997704257,fde,ml
5689,1.8655856560760808,fde,ml
5690,0.3775448974947897,fde,ml
5691,3.1648949611891424,fde,ml
5692,0.36786715006573434,fde,ml
5693,0.3378886589491577,fde,ml
5694,2.2692281213181786,fde,ml
5695,7.081005641475584,fde,ml
5696,1.5423567932744338,fde,ml
5697,0.9667216476051363,fde,ml
5698,9.052121582174735,fde,ml
5699,0.580927048054405,fde,ml
5700,2.8147732289799547,fde,ml
5701,1.3542767506371491,fde,ml
5702,2.8777394317986986,fde,ml
5703,1.643465506689509,fde,ml
5704,0.5577136325937232,fde,ml
5705,1.5086205666894688,fde,ml
5706,0.3802810899342599,fde,ml
5707,3.056637492496699,fde,ml
5708,1.7213747708619105,fde,ml
5709,0.8398050299448583,fde,ml
5710,1.7054511687679343,fde,ml
5711,0.2983544382525203,fde,ml
5712,1.307050743256794,fde,ml
5713,0.36275580888792675,fde,ml
5714,0.3863127868041777,fde,ml
5715,2.1647210182881853,fde,ml
5716,5.514824015033524,fde,ml
5717,0.2551101128217797,fde,ml
5718,0.9288471193872414,fde,ml
5719,6.048377028897546,fde,ml
5720,1.0428204460033126,fde,ml
5721,2.5941518118942812,fde,ml
5722,0.8008980455251115,fde,ml
5723,2.870060516037379,fde,ml
5724,3.713253742131426,fde,ml
5725,0.21289951233119472,fde,ml
5726,1.939833392585372,fde,ml
5727,0.3879898207246418,fde,ml
5728,2.556727676537397,fde,ml
5729,1.6754031353291179,fde,ml
5730,1.767517331295499,fde,ml
5731,1.2691490073145988,fde,ml
5732,0.2586863575978751,fde,ml
5733,2.1931747256038614,fde,ml
5734,0.36640720194386905,fde,ml
5735,0.3971710214829836,fde,ml
5736,1.5570813454438235,fde,ml
5737,7.398853070212704,fde,ml
5738,0.6809458687441033,fde,ml
5739,0.9938664599029334,fde,ml
5740,9.750088891455931,fde,ml
5741,1.7604781272615813,fde,ml
5742,2.913677048237819,fde,ml
5743,0.6856082588321106,fde,ml
5744,2.740456934229528,fde,ml
5745,2.1489606600555993,fde,ml
5746,0.39226637983217105,fde,ml
5747,3.074400301643467,fde,ml
5748,1.6326303704167184,fde,ml
5749,3.771138533000045,fde,ml
5750,4.478172165585004,fde,ml
5751,0.2872327361433844,fde,ml
5752,2.880186590480938,fde,ml
5753,0.3655956352547113,fde,ml
5754,0.38810573887900407,fde,ml
5755,0.9252811008912537,fde,ml
5756,5.648995750595,fde,ml
5757,0.4450260563115341,fde,ml
5758,1.3083897706798733,fde,ml
5759,2.9510145448599285,fde,ml
5760,2.610972037867414,fde,ml
5761,2.9149928698341383,fde,ml
5762,0.6190871867098691,fde,ml
5763,2.634290061981112,fde,ml
5764,3.54479033751694,fde,ml
5765,0.38249754569733474,fde,ml
5766,2.9332697932210143,fde,ml
5767,2.096637588439274,fde,ml
5768,5.404902038667329,fde,ml
5769,3.922018502563421,fde,ml
5770,0.3427630512728413,fde,ml
5771,3.067616542123884,fde,ml
5772,0.3673483749285322,fde,ml
5773,0.37873817841222923,fde,ml
5774,1.450256039060718,fde,ml
5775,4.123262874677235,fde,ml
5776,0.6694806319412063,fde,ml
5777,2.9129288044527932,fde,ml
5778,2.1532372208436374,fde,ml
5779,3.4279029885395467,fde,ml
5780,3.135980476493807,fde,ml
5781,0.40532281304341833,fde,ml
5782,2.3772446654411628,fde,ml
5783,1.3136144675019674,fde,ml
5784,0.375062921424897,fde,ml
5785,2.978321887691385,fde,ml
5786,8.26435225113872,fde,ml
5787,1.7333230034870213,fde,ml
5788,7.84941270888007,fde,ml
5789,4.811004707502642,fde,ml
5790,0.34070844177826193,fde,ml
5791,6.212203865129714,fde,ml
5792,0.368571241211177,fde,ml
5793,0.3870269535640601,fde,ml
5794,2.251745452722046,fde,ml
5795,5.7887936053738605,fde,ml
5796,0.09624290478433649,fde,ml
5797,2.348008410811546,fde,ml
5798,0.7270968343038994,fde,ml
5799,4.991756213291516,fde,ml
5800,2.742963219988756,fde,ml
5801,1.308109409491499,fde,ml
5802,2.8477245497250094,fde,ml
5803,1.0591397931023756,fde,ml
5804,0.3744741249149103,fde,ml
5805,2.800862360533243,fde,ml
5806,5.3456943757656,fde,ml
5807,3.973155303464909,fde,ml
5808,5.98006217251307,fde,ml
5809,4.330437993789141,fde,ml
5810,0.39124638486789276,fde,ml
5811,3.9518370201244375,fde,ml
5812,0.36650151214612847,fde,ml
5813,0.3740861054254376,fde,ml
5814,3.033950693727508,fde,ml
5815,3.3694610229637707,fde,ml
5816,1.934313114825585,fde,ml
5817,2.485106118805552,fde,ml
5818,6.302717853615071,fde,ml
5819,5.507235611639277,fde,ml
5820,3.4490670907451526,fde,ml
5821,1.2062539681920874,fde,ml
5822,0.585215456610345,fde,ml
5823,1.9689420063978464,fde,ml
5824,0.38529970844954975,fde,ml
5825,3.5075948295082604,fde,ml
5826,6.112002460264743,fde,ml
