,value,metric,type
0,2.989518016166018,ade,ml
1,4.18142499078272,ade,ml
2,0.395792825954874,ade,ml
3,0.29237122833037027,ade,ml
4,0.16754307714404357,ade,ml
5,3.0944498104721077,ade,ml
6,0.28498124990375623,ade,ml
7,0.15640031465419027,ade,ml
8,1.217014052565635,ade,ml
9,4.218399284655168,ade,ml
10,1.9299156123647838,ade,ml
11,1.0829841510588705,ade,ml
12,1.2180446731221926,ade,ml
13,3.2538271028086103,ade,ml
14,1.8970074726343824,ade,ml
15,3.9859994747990513,ade,ml
16,1.6565970383110915,ade,ml
17,3.718303682680459,ade,ml
18,2.7076508578302065,ade,ml
19,2.0608588433319133,ade,ml
20,0.6512793893721173,ade,ml
21,0.4891432476211736,ade,ml
22,0.19346362944659037,ade,ml
23,1.9380022446336567,ade,ml
24,0.1849181967817913,ade,ml
25,0.19083283117109281,ade,ml
26,0.4622318577400242,ade,ml
27,4.498196601612736,ade,ml
28,2.630389850579812,ade,ml
29,0.959502092389419,ade,ml
30,2.1634567658162625,ade,ml
31,4.466323354331949,ade,ml
32,1.5657749831824603,ade,ml
33,4.535722075233334,ade,ml
34,0.15109548368969114,ade,ml
35,1.3677445701376731,ade,ml
36,1.2706864942024616,ade,ml
37,1.356850098347584,ade,ml
38,1.0107001993353375,ade,ml
39,0.6508452782732028,ade,ml
40,0.1915955502919854,ade,ml
41,0.5632204699763943,ade,ml
42,0.6561499420822287,ade,ml
43,0.18836336136611573,ade,ml
44,0.4402342212347803,ade,ml
45,2.2021450668307625,ade,ml
46,2.242348618115485,ade,ml
47,0.920186082254603,ade,ml
48,2.839715839768571,ade,ml
49,2.1515502623833758,ade,ml
50,0.5293233712392083,ade,ml
51,0.9471267358802008,ade,ml
52,0.5249299032150058,ade,ml
53,1.3132927402045456,ade,ml
54,1.43709793940951,ade,ml
55,0.9794370077699668,ade,ml
56,1.4629072995682753,ade,ml
57,0.8581658882170181,ade,ml
58,0.18511731954504243,ade,ml
59,0.9932152725826667,ade,ml
60,1.408432249115554,ade,ml
61,0.18176707897919261,ade,ml
62,0.658238016935541,ade,ml
63,0.20903211606875202,ade,ml
64,1.3966580192206115,ade,ml
65,0.7551591305552551,ade,ml
66,3.6261750318464485,ade,ml
67,0.787912957189632,ade,ml
68,2.173827758626473,ade,ml
69,0.9201432448879371,ade,ml
70,0.784438483898628,ade,ml
71,0.7443754079322703,ade,ml
72,0.6588480898427654,ade,ml
73,1.575832713199213,ade,ml
74,0.7524532701136483,ade,ml
75,2.1342184635781467,ade,ml
76,1.147896185358648,ade,ml
77,0.18079399836197738,ade,ml
78,0.6364264961312013,ade,ml
79,1.5465722830701043,ade,ml
80,0.17756130291826167,ade,ml
81,0.7613595897759842,ade,ml
82,0.8477662262008887,ade,ml
83,2.5679059868112746,ade,ml
84,0.792713699888561,ade,ml
85,5.076057343980332,ade,ml
86,2.195185664763198,ade,ml
87,1.7158761307216652,ade,ml
88,1.3520554619283194,ade,ml
89,0.8331390680054835,ade,ml
90,0.5077019238259729,ade,ml
91,0.6584201531135973,ade,ml
92,0.9815903650107164,ade,ml
93,0.5883944051661633,ade,ml
94,1.2727020683445485,ade,ml
95,0.6142458403791378,ade,ml
96,0.1840558993667778,ade,ml
97,0.7601147621195999,ade,ml
98,0.4884671928031464,ade,ml
99,0.17631915679707696,ade,ml
100,0.8433846367067361,ade,ml
101,0.7357090283624835,ade,ml
102,2.602531026952789,ade,ml
103,1.0863928068885627,ade,ml
104,2.7237532010736873,ade,ml
105,2.251583272812453,ade,ml
106,1.3541276073108686,ade,ml
107,0.9318374701155682,ade,ml
108,0.7323467447037312,ade,ml
109,1.2474935844828563,ade,ml
110,0.6278114444260161,ade,ml
111,0.6802169373207075,ade,ml
112,0.6342713559131142,ade,ml
113,1.883188219880326,ade,ml
114,0.7846296406337737,ade,ml
115,0.18233246208973952,ade,ml
116,1.198276085134411,ade,ml
117,0.4320645848285009,ade,ml
118,0.1770813885704615,ade,ml
119,0.8862700703560082,ade,ml
120,0.7457645133470235,ade,ml
121,2.5196505626927355,ade,ml
122,1.1801177780589003,ade,ml
123,0.8343671951833574,ade,ml
124,1.102391381700606,ade,ml
125,0.44173426826021783,ade,ml
126,1.8234945486212142,ade,ml
127,0.9366179469773606,ade,ml
128,1.663018059408931,ade,ml
129,0.5829077638181531,ade,ml
130,0.7455639295304329,ade,ml
131,0.8876440762725227,ade,ml
132,1.917862131695325,ade,ml
133,0.8683997026582587,ade,ml
134,0.1828904594019426,ade,ml
135,0.6557672457356238,ade,ml
136,0.4766046731535665,ade,ml
137,0.1787243376985155,ade,ml
138,0.3731211158667003,ade,ml
139,1.3982871398141252,ade,ml
140,1.5304763741572873,ade,ml
141,1.1302045013550421,ade,ml
142,0.8122665671878885,ade,ml
143,0.8912255385262142,ade,ml
144,0.761007558599566,ade,ml
145,1.8736510175845424,ade,ml
146,1.2238399359685195,ade,ml
147,1.6589955555965543,ade,ml
148,0.1882180061770196,ade,ml
149,0.5777238549302851,ade,ml
150,1.58559291318958,ade,ml
151,1.98251099063327,ade,ml
152,0.9713539030688197,ade,ml
153,0.18219328603853358,ade,ml
154,1.2111530278754405,ade,ml
155,0.3765796325452883,ade,ml
156,0.1787243376985155,ade,ml
157,0.45100993463037903,ade,ml
158,1.622013401143062,ade,ml
159,1.462657942047257,ade,ml
160,1.1434417700089485,ade,ml
161,0.5603136623319068,ade,ml
162,0.48886282770940537,ade,ml
163,1.0534844116369053,ade,ml
164,1.8591701745910119,ade,ml
165,1.764754444727899,ade,ml
166,2.1769666889060137,ade,ml
167,0.4401748596550437,ade,ml
168,0.3223878886943536,ade,ml
169,0.5869001341143976,ade,ml
170,1.8368436946190532,ade,ml
171,2.4406361061672976,ade,ml
172,1.1767679878848758,ade,ml
173,0.18212143945227066,ade,ml
174,1.3421588047592372,ade,ml
175,0.4038602426247109,ade,ml
176,0.1787243376985155,ade,ml
177,0.18917274465624953,ade,ml
178,2.0076045398481748,ade,ml
179,1.8233392321476085,ade,ml
180,1.1755925761557562,ade,ml
181,1.2686372756660276,ade,ml
182,0.72155352118197,ade,ml
183,0.993315478239407,ade,ml
184,2.785620748079561,ade,ml
185,1.6976614932395881,ade,ml
186,2.2507672149564955,ade,ml
187,0.8139239486223975,ade,ml
188,1.4580738255173769,ade,ml
189,1.5116677531108174,ade,ml
190,1.3893737017633399,ade,ml
191,1.3544022456794558,ade,ml
192,0.6628471105797463,ade,ml
193,0.1809685814288412,ade,ml
194,0.6295292336921897,ade,ml
195,1.1119231407081829,ade,ml
196,0.1787243376985155,ade,ml
197,0.7271611198481857,ade,ml
198,1.1070320271442726,ade,ml
199,2.006884384391771,ade,ml
200,1.2367696787343878,ade,ml
201,2.130635451839893,ade,ml
202,0.9076537354403217,ade,ml
203,1.4901223428476245,ade,ml
204,2.540532714890254,ade,ml
205,1.019875533626159,ade,ml
206,1.3930442157117433,ade,ml
207,0.1743360962359962,ade,ml
208,2.2054078445547307,ade,ml
209,1.5423707498876038,ade,ml
210,1.198786863731099,ade,ml
211,1.8281606866960676,ade,ml
212,0.7084485255522224,ade,ml
213,0.18157575727384753,ade,ml
214,0.7032559749265318,ade,ml
215,1.2279027886915228,ade,ml
216,0.1787243376985155,ade,ml
217,0.8308742018871255,ade,ml
218,1.2562719498770465,ade,ml
219,2.1354593130960224,ade,ml
220,1.3710327810433356,ade,ml
221,1.5602527390793588,ade,ml
222,0.7000506948988677,ade,ml
223,1.6181194409058455,ade,ml
224,2.983125301600692,ade,ml
225,0.9613929427639597,ade,ml
226,1.382470928399302,ade,ml
227,0.14489937249169357,ade,ml
228,2.2492193579995052,ade,ml
229,1.0621071197922516,ade,ml
230,1.4977312702699102,ade,ml
231,1.7343026831758468,ade,ml
232,0.5937851063270609,ade,ml
233,0.1807792146031689,ade,ml
234,1.0024073607650048,ade,ml
235,0.9454849899088522,ade,ml
236,0.1787243376985155,ade,ml
237,0.34307419914950893,ade,ml
238,0.6089117454207855,ade,ml
239,1.4738138243163244,ade,ml
240,1.3317726073412774,ade,ml
241,1.0222086695786299,ade,ml
242,0.6197300382417542,ade,ml
243,0.21409919088217944,ade,ml
244,3.7352845231372585,ade,ml
245,1.1034901097136511,ade,ml
246,1.7993316817467626,ade,ml
247,0.12833395311254917,ade,ml
248,1.9690721356236958,ade,ml
249,2.1608233718440633,ade,ml
250,1.4233667508600278,ade,ml
251,1.3311344339339783,ade,ml
252,0.3501478490565734,ade,ml
253,0.18049015088760448,ade,ml
254,0.7117713125962729,ade,ml
255,0.9264662709447782,ade,ml
256,0.1787243376985155,ade,ml
257,0.6924815744854534,ade,ml
258,0.2613518924642954,ade,ml
259,1.5929343986117932,ade,ml
260,1.1786434664231833,ade,ml
261,1.1558088760896135,ade,ml
262,1.0207217988945825,ade,ml
263,1.0694508590516305,ade,ml
264,4.158296442732586,ade,ml
265,0.793260628130443,ade,ml
266,1.671968784921722,ade,ml
267,0.14409016284382017,ade,ml
268,2.329828956901001,ade,ml
269,2.4078967785163576,ade,ml
270,1.3666521732311978,ade,ml
271,1.6976397993961319,ade,ml
272,0.3089020480954886,ade,ml
273,0.17714956179173688,ade,ml
274,0.8597283366419682,ade,ml
275,0.9948799346100913,ade,ml
276,0.1787243376985155,ade,ml
277,1.1088091976282,ade,ml
278,0.41497716078103836,ade,ml
279,1.1997750176887632,ade,ml
280,1.0548105393303064,ade,ml
281,0.6250558753474522,ade,ml
282,0.9186710953001209,ade,ml
283,1.0951270927501984,ade,ml
284,5.023495169804464,ade,ml
285,0.8601961669302977,ade,ml
286,1.9494340161007617,ade,ml
287,0.17649643116372982,ade,ml
288,2.285288030892986,ade,ml
289,0.8611249295891681,ade,ml
290,1.056771520371394,ade,ml
291,1.1065908446646004,ade,ml
292,0.4534087200125498,ade,ml
293,0.17555213014405177,ade,ml
294,0.7239260112237765,ade,ml
295,0.5032855172320727,ade,ml
296,0.1787243376985155,ade,ml
297,1.4570341728629324,ade,ml
298,0.8122708457176007,ade,ml
299,1.767139486479576,ade,ml
300,1.3269696593599345,ade,ml
301,1.9281013435516545,ade,ml
302,0.8953191983137231,ade,ml
303,1.3338909623782218,ade,ml
304,4.951841471055242,ade,ml
305,0.8769000694803878,ade,ml
306,2.2119596129253627,ade,ml
307,0.2275523166245217,ade,ml
308,0.44450349261834465,ade,ml
309,1.309325646034632,ade,ml
310,0.8647714101135163,ade,ml
311,1.4221892175891526,ade,ml
312,0.26033863630625165,ade,ml
313,0.2305567417533759,ade,ml
314,0.8866318995063405,ade,ml
315,0.4960205234684782,ade,ml
316,0.1787243376985155,ade,ml
317,1.9309708418435996,ade,ml
318,0.8686071633053604,ade,ml
319,1.1403519652402339,ade,ml
320,1.3625432913018394,ade,ml
321,1.703037787596566,ade,ml
322,0.718439604008713,ade,ml
323,1.3641773987107821,ade,ml
324,5.339281205553211,ade,ml
325,0.9555184983452268,ade,ml
326,2.6611521363144734,ade,ml
327,0.2824271984627289,ade,ml
328,0.5605096841381515,ade,ml
329,1.3466613474875118,ade,ml
330,0.8283229219886,ade,ml
331,1.0844525198990784,ade,ml
332,0.1426008206936446,ade,ml
333,0.18191826652184137,ade,ml
334,0.5968931500451691,ade,ml
335,0.652195737152316,ade,ml
336,0.1787243376985155,ade,ml
337,1.8058555436010693,ade,ml
338,0.8150957470261181,ade,ml
339,1.4192380078940037,ade,ml
340,1.3126639674806264,ade,ml
341,1.7858449832931103,ade,ml
342,0.7598855393692124,ade,ml
343,1.313640143580631,ade,ml
344,5.251967509758896,ade,ml
345,0.9178208663652828,ade,ml
346,2.14720302929786,ade,ml
347,0.2508767938746301,ade,ml
348,0.5539118093891905,ade,ml
349,1.636075781881895,ade,ml
350,0.8334555595112594,ade,ml
351,0.715461854334909,ade,ml
352,0.14620654976862207,ade,ml
353,0.23261168277933608,ade,ml
354,0.2579381015531317,ade,ml
355,0.9815958327545724,ade,ml
356,0.1787243376985155,ade,ml
357,1.6335126772157522,ade,ml
358,0.7960912154930746,ade,ml
359,1.8913840748257733,ade,ml
360,1.059727851375776,ade,ml
361,1.9780036707523225,ade,ml
362,1.1402280776515823,ade,ml
363,1.3433910224815542,ade,ml
364,5.123685970353815,ade,ml
365,0.8435104208104057,ade,ml
366,1.671215238196237,ade,ml
367,0.25239251220408193,ade,ml
368,0.6093138833507143,ade,ml
369,1.8711796558700164,ade,ml
370,0.8278851469693892,ade,ml
371,0.649542634989631,ade,ml
372,0.3870244498003024,ade,ml
373,0.2352896416204134,ade,ml
374,0.29514708594372174,ade,ml
375,1.02248782652264,ade,ml
376,0.1787243376985155,ade,ml
377,2.3604085179714143,ade,ml
378,1.0454078532914908,ade,ml
379,1.4518500728226018,ade,ml
380,1.07737421651072,ade,ml
381,1.866892296408795,ade,ml
382,1.0785098220940883,ade,ml
383,1.2767287931692053,ade,ml
384,5.377056042265039,ade,ml
385,0.7962607207572795,ade,ml
386,1.859329866719485,ade,ml
387,0.3206054474442597,ade,ml
388,0.7056036408435377,ade,ml
389,1.156398264806436,ade,ml
390,1.576401624410426,ade,ml
391,1.2328470373291849,ade,ml
392,0.37061293419482616,ade,ml
393,0.23675225779161815,ade,ml
394,1.389582800794275,ade,ml
395,0.41720343525193,ade,ml
396,0.1787243376985155,ade,ml
397,1.4081339682235663,ade,ml
398,1.078963159156326,ade,ml
399,0.8171878980116052,ade,ml
400,1.0357015767122626,ade,ml
401,0.7184089730853446,ade,ml
402,0.422026008594136,ade,ml
403,0.6075587192655695,ade,ml
404,6.505512768051582,ade,ml
405,1.2955647064462494,ade,ml
406,3.0423238200444795,ade,ml
407,0.4883352994847006,ade,ml
408,0.4420935005437045,ade,ml
409,2.6704955331241855,ade,ml
410,1.118463143711734,ade,ml
411,1.376585509065121,ade,ml
412,1.1845912333855184,ade,ml
413,0.6229860216154574,ade,ml
414,0.23746986621853391,ade,ml
415,1.621254963429907,ade,ml
416,0.40170251395323087,ade,ml
417,0.1787243376985155,ade,ml
418,1.7664107240941662,ade,ml
419,0.9730876820914011,ade,ml
420,0.521175396426247,ade,ml
421,1.0415384369311098,ade,ml
422,0.5820269327836427,ade,ml
423,0.6270007212634597,ade,ml
424,0.6889589050272488,ade,ml
425,7.122916542524908,ade,ml
426,1.1497478669817023,ade,ml
427,3.421901908168953,ade,ml
428,0.7795077480250594,ade,ml
429,1.0032780952557565,ade,ml
430,1.6577059364585602,ade,ml
431,0.7321175560043439,ade,ml
432,0.5283614324558162,ade,ml
433,1.0578385455732604,ade,ml
434,0.8056679689140531,ade,ml
435,0.23365624259597229,ade,ml
436,1.3351628113872192,ade,ml
437,0.5203423038879446,ade,ml
438,0.1787243376985155,ade,ml
439,1.1106757166721521,ade,ml
440,0.5203045760923896,ade,ml
441,0.6004649953576986,ade,ml
442,1.071580361619259,ade,ml
443,0.8555828416081784,ade,ml
444,0.5354662184232015,ade,ml
445,0.17944324661216085,ade,ml
446,7.329762814570738,ade,ml
447,1.0142595782305548,ade,ml
448,3.268056775827105,ade,ml
449,0.8875217977695941,ade,ml
450,0.8651588930649607,ade,ml
451,1.0334846095373171,ade,ml
452,0.5020687619620444,ade,ml
453,0.6564473300700381,ade,ml
454,1.3631383417466516,ade,ml
455,0.9493347962463025,ade,ml
456,0.23263088498375684,ade,ml
457,0.8610852842804618,ade,ml
458,0.7252794548284656,ade,ml
459,0.1787243376985155,ade,ml
460,0.7796847485410355,ade,ml
461,0.5979874124795559,ade,ml
462,1.0882899464307838,ade,ml
463,1.1798530267848335,ade,ml
464,1.6802421049801548,ade,ml
465,0.48749035194065476,ade,ml
466,0.9207084006017681,ade,ml
467,7.533096523668571,ade,ml
468,0.8514129624531815,ade,ml
469,3.0679419352701394,ade,ml
470,1.148132441075207,ade,ml
471,0.5151038136763185,ade,ml
472,0.5019846711490447,ade,ml
473,0.8613436019955786,ade,ml
474,0.7639142433875188,ade,ml
475,1.392532018295273,ade,ml
476,1.2103718037557878,ade,ml
477,0.23477395414958377,ade,ml
478,0.8949294238026987,ade,ml
479,0.8036303716377144,ade,ml
480,0.1787243376985155,ade,ml
481,0.9267754024796834,ade,ml
482,0.2498538581915689,ade,ml
483,1.062825605143269,ade,ml
484,1.145853973708549,ade,ml
485,1.5642173166619953,ade,ml
486,0.4685028240909113,ade,ml
487,1.0418558529508315,ade,ml
488,7.853053676079394,ade,ml
489,0.8565873454001363,ade,ml
490,3.3163885890429605,ade,ml
491,1.5228427466889556,ade,ml
492,0.5430094100969658,ade,ml
493,0.5276369532228365,ade,ml
494,1.125354380675532,ade,ml
495,0.5179995613697838,ade,ml
496,1.4178657933789809,ade,ml
497,1.2882185993329098,ade,ml
498,0.1851673941783335,ade,ml
499,0.6161414123323589,ade,ml
500,0.4400668823559924,ade,ml
501,0.1787243376985155,ade,ml
502,0.2012428456563242,ade,ml
503,0.7985339201191982,ade,ml
504,0.8993718224190231,ade,ml
505,1.3214731689819217,ade,ml
506,1.3836779646700148,ade,ml
507,0.4009569685461609,ade,ml
508,0.8793542640785307,ade,ml
509,7.828004736356569,ade,ml
510,0.5886854680144357,ade,ml
511,3.3262671991836257,ade,ml
512,2.199536522208519,ade,ml
513,0.6752403488728945,ade,ml
514,0.3491923412184483,ade,ml
515,0.9209036279458175,ade,ml
516,0.6557682305444836,ade,ml
517,1.432534547619916,ade,ml
518,1.3565585600352794,ade,ml
519,0.17976616423866634,ade,ml
520,0.5877917118774107,ade,ml
521,0.5747821794780275,ade,ml
522,0.1787243376985155,ade,ml
523,0.25497394808849466,ade,ml
524,1.111109569272327,ade,ml
525,0.9657244462034096,ade,ml
526,1.3215300434911457,ade,ml
527,1.338088291619049,ade,ml
528,0.5534844711018921,ade,ml
529,0.9914167824447054,ade,ml
530,0.7908810960793043,ade,ml
531,4.901536231518428,ade,ml
532,0.6286163434148602,ade,ml
533,0.3217951896553987,ade,ml
534,1.15290606334296,ade,ml
535,0.9363623590590079,ade,ml
536,1.15177750879951,ade,ml
537,0.36982880848548333,ade,ml
538,0.17874673137709998,ade,ml
539,0.6659065968007729,ade,ml
540,0.7048494596221295,ade,ml
541,0.1787243376985155,ade,ml
542,0.21869913532348403,ade,ml
543,1.3125243295716933,ade,ml
544,1.3796282784431275,ade,ml
545,1.1772873536108923,ade,ml
546,1.8610445061405123,ade,ml
547,0.8304978345239586,ade,ml
548,1.0814102599233864,ade,ml
549,0.5846744835449886,ade,ml
550,4.69852600054351,ade,ml
551,0.21392578394500247,ade,ml
552,0.7962269299593799,ade,ml
553,0.9173592588591287,ade,ml
554,0.39751857134860974,ade,ml
555,1.1393901699291324,ade,ml
556,0.5062271126335535,ade,ml
557,0.1790364728597689,ade,ml
558,1.0053238797307895,ade,ml
559,0.7731202675109999,ade,ml
560,0.1787243376985155,ade,ml
561,0.5060394020569903,ade,ml
562,1.088303752689779,ade,ml
563,1.548267416739514,ade,ml
564,1.0668720804878695,ade,ml
565,1.9780178997990212,ade,ml
566,0.9106747646517199,ade,ml
567,0.8654847252808162,ade,ml
568,1.0366452867764009,ade,ml
569,4.79456753792052,ade,ml
570,1.1054953732715482,ade,ml
571,1.3739512606779052,ade,ml
572,2.67974774729806,ade,ml
573,1.531610807621256,ade,ml
574,0.4954250149826677,ade,ml
575,1.1965040402985476,ade,ml
576,1.16554660681633,ade,ml
577,0.2359072273433882,ade,ml
578,1.8960777541463354,ade,ml
579,1.0674107975205291,ade,ml
580,0.1787243376985155,ade,ml
581,0.5299299779956025,ade,ml
582,1.5169933122439438,ade,ml
583,1.7235342641645957,ade,ml
584,0.8313879997860502,ade,ml
585,1.9787605528534762,ade,ml
586,1.0174726982352884,ade,ml
587,1.0111039342666777,ade,ml
588,1.0366350306946635,ade,ml
589,4.722330395920629,ade,ml
590,1.1889978893586541,ade,ml
591,1.4607468642188015,ade,ml
592,1.2757733697463967,ade,ml
593,0.39492860263257284,ade,ml
594,0.4309063021751756,ade,ml
595,1.8538801710961195,ade,ml
596,1.1705304097208005,ade,ml
597,0.2391780097928393,ade,ml
598,1.4946521763443466,ade,ml
599,0.6312001513850225,ade,ml
600,0.1787243376985155,ade,ml
601,1.156136962467296,ade,ml
602,1.4897683715809844,ade,ml
603,0.2942121790462197,ade,ml
604,1.2194556586310912,ade,ml
605,0.5926700294194113,ade,ml
606,0.7072376190143416,ade,ml
607,1.4529799842391338,ade,ml
608,1.874477963089021,ade,ml
609,5.436563509866165,ade,ml
610,0.9423364236728071,ade,ml
611,0.31011766676508107,ade,ml
612,2.0200449619976104,ade,ml
613,1.0939558405988572,ade,ml
614,0.6446207879027955,ade,ml
615,1.869891173891382,ade,ml
616,2.1184857103550097,ade,ml
617,0.23732003891006578,ade,ml
618,1.074616191194788,ade,ml
619,1.0166934673928791,ade,ml
620,0.1787243376985155,ade,ml
621,1.021831648729581,ade,ml
622,1.197132581353604,ade,ml
623,0.6048660817911452,ade,ml
624,1.2738263271059589,ade,ml
625,0.4195364401091819,ade,ml
626,1.1025825144144068,ade,ml
627,2.0681490055950023,ade,ml
628,1.933562903961431,ade,ml
629,5.542944264833724,ade,ml
630,0.20369017232251965,ade,ml
631,0.23233192112599368,ade,ml
632,1.9789102723282612,ade,ml
633,0.8889332848464191,ade,ml
634,0.4647185964868838,ade,ml
635,0.3540533059562026,ade,ml
636,2.8431462927846822,ade,ml
637,0.2344973839415251,ade,ml
638,0.4110751508366854,ade,ml
639,0.2489522062484175,ade,ml
640,0.1787243376985155,ade,ml
641,0.9274230140363957,ade,ml
642,0.35438861534091703,ade,ml
643,0.3999345477582697,ade,ml
644,1.173143604441193,ade,ml
645,0.30924194431056146,ade,ml
646,1.0417027126553595,ade,ml
647,1.5464783466589622,ade,ml
648,1.4797457240307006,ade,ml
649,5.661517484753033,ade,ml
650,0.42446774747328564,ade,ml
651,0.40361302360899093,ade,ml
652,1.8019914789205445,ade,ml
653,0.5302622017592399,ade,ml
654,0.2065350432345976,ade,ml
655,0.48027411030317735,ade,ml
656,3.6512553858957078,ade,ml
657,0.17749431431836293,ade,ml
658,0.8585480745141298,ade,ml
659,0.2807152421006971,ade,ml
660,0.1787243376985155,ade,ml
661,0.9612527474173317,ade,ml
662,0.46360116558724657,ade,ml
663,0.42687997773618697,ade,ml
664,1.229434985223643,ade,ml
665,0.7245493834859328,ade,ml
666,0.9061522474458806,ade,ml
667,0.7796722646639238,ade,ml
668,0.9269120851597662,ade,ml
669,5.775624535622078,ade,ml
670,0.8139792828800266,ade,ml
671,0.7069780230535252,ade,ml
672,1.4491069797858518,ade,ml
673,1.2782103502539772,ade,ml
674,0.41093982974032217,ade,ml
675,0.09555555914240454,ade,ml
676,5.226101680257172,ade,ml
677,0.17991596174091176,ade,ml
678,0.991169540857643,ade,ml
679,0.43338612078020394,ade,ml
680,0.1787243376985155,ade,ml
681,1.241743244821347,ade,ml
682,0.2806165131585027,ade,ml
683,0.42461625300603084,ade,ml
684,1.270257140186642,ade,ml
685,0.38667888701631203,ade,ml
686,1.1045844108650382,ade,ml
687,0.8108528822388154,ade,ml
688,1.122037400453068,ade,ml
689,6.1454300025831055,ade,ml
690,0.5232726683447497,ade,ml
691,0.5718192297763742,ade,ml
692,1.7050201482645593,ade,ml
693,1.6867205753536574,ade,ml
694,1.0083608434976183,ade,ml
695,0.8518274327358767,ade,ml
696,0.6718279167979886,ade,ml
697,0.17078646053226296,ade,ml
698,0.9789215066005231,ade,ml
699,0.18593077285954648,ade,ml
700,0.1787243376985155,ade,ml
701,0.5313477642224308,ade,ml
702,0.8448956122351369,ade,ml
703,1.0184096411823098,ade,ml
704,1.1038679512440022,ade,ml
705,1.496823613898803,ade,ml
706,0.7168449792608399,ade,ml
707,0.5999998030347226,ade,ml
708,0.31564301065505945,ade,ml
709,5.315337231011763,ade,ml
710,2.681704800444098,ade,ml
711,1.17990192076856,ade,ml
712,0.60387758109944,ade,ml
713,0.7774473573500006,ade,ml
714,0.527443706866764,ade,ml
715,1.0641836856121938,ade,ml
716,1.5611092202249173,ade,ml
717,0.17541140357510657,ade,ml
718,1.139831680636296,ade,ml
719,0.1857830822534062,ade,ml
720,0.1787243376985155,ade,ml
721,0.42798848434070075,ade,ml
722,0.3077295680394522,ade,ml
723,1.562759660415061,ade,ml
724,1.0095011340290883,ade,ml
725,2.071277730160519,ade,ml
726,0.9517843300000765,ade,ml
727,1.0844521665533362,ade,ml
728,0.5480998824877376,ade,ml
729,4.776576588242497,ade,ml
730,3.0234455654710497,ade,ml
731,1.6417637175528021,ade,ml
732,0.9366027468269215,ade,ml
733,0.563523810798911,ade,ml
734,0.737858698452832,ade,ml
735,0.23380441296576318,ade,ml
736,1.8166724672060068,ade,ml
737,0.16346831004758414,ade,ml
738,0.7989378768472113,ade,ml
739,0.21561197395244716,ade,ml
740,0.1787243376985155,ade,ml
741,0.5218042639710024,ade,ml
742,0.3060602331535071,ade,ml
743,1.4122107790941107,ade,ml
744,0.8517876553788334,ade,ml
745,2.0828575022934466,ade,ml
746,0.8378522824136508,ade,ml
747,1.2564397683931143,ade,ml
748,0.17070183740203473,ade,ml
749,4.730322008511616,ade,ml
750,0.20593745929779525,ade,ml
751,0.1992371475074879,ade,ml
752,1.6646647818296365,ade,ml
753,0.4931895597645399,ade,ml
754,1.2605496287727733,ade,ml
755,1.0873214594877465,ade,ml
756,3.214800754451206,ade,ml
757,0.17940659985520221,ade,ml
758,1.096140013707937,ade,ml
759,0.25213102600954,ade,ml
760,0.1787243376985155,ade,ml
761,0.9138218358963709,ade,ml
762,0.3475216770425267,ade,ml
763,0.6124963993667084,ade,ml
764,0.9786551940809928,ade,ml
765,1.4375430442477768,ade,ml
766,0.292033166684695,ade,ml
767,0.7830476326285726,ade,ml
768,1.7805362267202127,ade,ml
769,5.193651259577496,ade,ml
770,0.7845948596973797,ade,ml
771,0.6010537848990073,ade,ml
772,2.8773392799204323,ade,ml
773,0.7916710098678927,ade,ml
774,0.5048769181318856,ade,ml
775,2.896576673925267,ade,ml
776,3.36675077435288,ade,ml
777,1.9451979001864155,ade,ml
778,0.16612584523454124,ade,ml
779,0.19843218901208556,ade,ml
780,0.22327466692167094,ade,ml
781,0.1379381547798522,ade,ml
782,0.47185105582538384,ade,ml
783,1.1272668838534756,ade,ml
784,1.074953983504309,ade,ml
785,0.1770381420882924,ade,ml
786,1.1046716775018697,ade,ml
787,0.8626772520528663,ade,ml
788,1.4836562096459278,ade,ml
789,0.24097361733173164,ade,ml
790,0.20216810327584264,ade,ml
791,0.17565599940983065,ade,ml
792,0.2723106098497898,ade,ml
793,0.14652530491743224,ade,ml
794,0.4585807926181995,ade,ml
795,0.933928374589556,ade,ml
796,1.870480296755263,ade,ml
797,0.20322261566822064,ade,ml
798,1.3417462363811368,ade,ml
799,0.5544206149297551,ade,ml
800,1.1836963090219053,ade,ml
801,0.24642863085908953,ade,ml
802,0.19922436190850076,ade,ml
803,0.1505522419106243,ade,ml
804,0.26619667127831625,ade,ml
805,0.18001562573400376,ade,ml
806,0.4412522845599467,ade,ml
807,1.1063726450208904,ade,ml
808,0.46972131170315823,ade,ml
809,0.20068335760558167,ade,ml
810,1.689259904921297,ade,ml
811,1.613763159099855,ade,ml
812,0.8691888394383387,ade,ml
813,0.41371416885555545,ade,ml
814,0.1902753705881555,ade,ml
815,0.11304107633483966,ade,ml
816,0.25021119326651403,ade,ml
817,0.22622996533710812,ade,ml
818,0.39747043629307877,ade,ml
819,1.1475080591445892,ade,ml
820,0.7455114183587467,ade,ml
821,0.192677483891775,ade,ml
822,1.5325963177717206,ade,ml
823,1.6516779990376074,ade,ml
824,0.5197276146647967,ade,ml
825,0.3562044095110762,ade,ml
826,0.18365578331951196,ade,ml
827,0.11405362297148493,ade,ml
828,0.2531673751042401,ade,ml
829,0.2503844545692547,ade,ml
830,0.40501903423623736,ade,ml
831,1.2179460492190242,ade,ml
832,0.7528123489048721,ade,ml
833,0.18801293232437422,ade,ml
834,0.7711676390365056,ade,ml
835,2.034378611353222,ade,ml
836,0.5760126059669273,ade,ml
837,0.6625185766297159,ade,ml
838,0.1864248423951548,ade,ml
839,0.20055234986399795,ade,ml
840,0.22914202292017036,ade,ml
841,0.2892910575660294,ade,ml
842,0.6411928317636931,ade,ml
843,0.9494004032573136,ade,ml
844,0.7568499275174569,ade,ml
845,0.18562757158659549,ade,ml
846,0.5253045303601181,ade,ml
847,2.3321155052092446,ade,ml
848,0.623576129162522,ade,ml
849,1.0986513453698399,ade,ml
850,0.1872596899256462,ade,ml
851,0.22033511344468018,ade,ml
852,0.23114591885734212,ade,ml
853,0.32193263096822633,ade,ml
854,0.672338003867795,ade,ml
855,1.1407928520070614,ade,ml
856,0.6403139435949082,ade,ml
857,0.1864971736789817,ade,ml
858,0.9927061097491178,ade,ml
859,2.166769377467387,ade,ml
860,0.46608882541799973,ade,ml
861,0.5137393347897817,ade,ml
862,0.18858346950395263,ade,ml
863,0.19632219915249582,ade,ml
864,0.21612543699552342,ade,ml
865,0.2378469304951559,ade,ml
866,0.2341221209805886,ade,ml
867,1.0190982455373228,ade,ml
868,0.4824957206324842,ade,ml
869,0.1881412650267561,ade,ml
870,1.6881423238909186,ade,ml
871,1.9005473880983852,ade,ml
872,0.6528886380118625,ade,ml
873,0.8066007809776409,ade,ml
874,0.18850079527488717,ade,ml
875,0.16154960561576967,ade,ml
876,0.2060258155810717,ade,ml
877,0.10009927334115705,ade,ml
878,0.4790992624123533,ade,ml
879,1.1270232708736017,ade,ml
880,0.487730421809053,ade,ml
881,0.18799474336590674,ade,ml
882,2.0800344849157657,ade,ml
883,1.709655837546011,ade,ml
884,0.8198282878550485,ade,ml
885,0.9135503697468508,ade,ml
886,0.18508626442795692,ade,ml
887,0.16329449397224194,ade,ml
888,0.30716758352799983,ade,ml
889,0.06860971517398702,ade,ml
890,0.8613771842879786,ade,ml
891,1.1009233426081428,ade,ml
892,0.9062383399890924,ade,ml
893,0.1898886580855965,ade,ml
894,1.3219461719350616,ade,ml
895,1.7057433859968232,ade,ml
896,0.47684549870613857,ade,ml
897,1.1266551031219227,ade,ml
898,0.17902983861924995,ade,ml
899,0.18518673837060384,ade,ml
900,0.49568661298320627,ade,ml
901,0.18444159871434615,ade,ml
902,0.31847093868790083,ade,ml
903,1.1666478792551613,ade,ml
904,0.6987114582027929,ade,ml
905,0.18976580418167258,ade,ml
906,4.032884341845223,ade,ml
907,1.434286772569581,ade,ml
908,1.6359047623770817,ade,ml
909,0.6348768174936277,ade,ml
910,1.2565069516395433,ade,ml
911,0.16808097598950425,ade,ml
912,0.20553231145102793,ade,ml
913,0.7564157935935967,ade,ml
914,0.2708995894798866,ade,ml
915,0.5442607086787978,ade,ml
916,1.1158842696244082,ade,ml
917,1.4728484032561615,ade,ml
918,0.18977193796340672,ade,ml
919,2.6763357326699233,ade,ml
920,1.2001119524092854,ade,ml
921,1.7322763017000646,ade,ml
922,0.6598770961263808,ade,ml
923,1.1103540507120702,ade,ml
924,0.1608699594692007,ade,ml
925,0.23199655412479184,ade,ml
926,1.016815552770306,ade,ml
927,0.34052008748268675,ade,ml
928,0.7649279949820066,ade,ml
929,1.0992479768668983,ade,ml
930,0.5973518337497397,ade,ml
931,0.18977287113058683,ade,ml
932,2.3790599558530037,ade,ml
933,0.9154449905543328,ade,ml
934,2.1583333985672764,ade,ml
935,1.0356998689930503,ade,ml
936,0.8178960693748295,ade,ml
937,0.15023354031177363,ade,ml
938,0.2642274755676333,ade,ml
939,1.298025734434936,ade,ml
940,0.5557368790246895,ade,ml
941,0.9906059548285858,ade,ml
942,1.0911397956027984,ade,ml
943,0.30737800506715945,ade,ml
944,0.18977729544120184,ade,ml
945,2.6898631768247028,ade,ml
946,0.9574859191345714,ade,ml
947,2.4319337804792274,ade,ml
948,1.1629795401036034,ade,ml
949,0.8796052710563961,ade,ml
950,0.13763714118524029,ade,ml
951,0.3000111806700907,ade,ml
952,1.5851599924637998,ade,ml
953,0.7562154441485612,ade,ml
954,1.2263369907432955,ade,ml
955,1.0357616752323298,ade,ml
956,1.240894078045573,ade,ml
957,0.18977605572358325,ade,ml
958,2.866151765969903,ade,ml
959,1.6881716267323628,ade,ml
960,1.492783785700323,ade,ml
961,0.49946165897647843,ade,ml
962,1.3500987800886597,ade,ml
963,0.17846981473794984,ade,ml
964,0.23042966287391764,ade,ml
965,1.0768101251248803,ade,ml
966,0.2778004311859737,ade,ml
967,3.165631477233004,ade,ml
968,1.1562233010671592,ade,ml
969,0.5231737512558561,ade,ml
970,0.1900828559388779,ade,ml
971,2.1683902734097114,ade,ml
972,1.7336056568522282,ade,ml
973,1.452216513285692,ade,ml
974,0.6262500506674713,ade,ml
975,1.1451793256943972,ade,ml
976,0.18477126573600933,ade,ml
977,0.23052158184208804,ade,ml
978,0.89629171725826,ade,ml
979,0.29746677163259133,ade,ml
980,2.873289789015613,ade,ml
981,1.1909024224652593,ade,ml
982,1.4805680835099737,ade,ml
983,0.18993364824224254,ade,ml
984,2.144839340039028,ade,ml
985,1.6114918843144377,ade,ml
986,1.8479194529422218,ade,ml
987,0.7159486308362718,ade,ml
988,1.0079576069578262,ade,ml
989,0.19217822172830104,ade,ml
990,0.21783471528216614,ade,ml
991,0.18692211208283616,ade,ml
992,0.22232320231126304,ade,ml
993,0.6275153967116799,ade,ml
994,1.1841538137640422,ade,ml
995,0.7020748855030262,ade,ml
996,0.18987007162925015,ade,ml
997,2.04893682410826,ade,ml
998,1.3027347328819239,ade,ml
999,2.552728657706909,ade,ml
1000,1.1451721646734379,ade,ml
1001,0.714224199747281,ade,ml
1002,0.19673755727118236,ade,ml
1003,0.19576140406530773,ade,ml
1004,0.5003905776550591,ade,ml
1005,0.17145476695742526,ade,ml
1006,0.342411626129376,ade,ml
1007,1.094247110582755,ade,ml
1008,0.1921283932531647,ade,ml
1009,0.18983323851087372,ade,ml
1010,1.9493792433047705,ade,ml
1011,1.530796010276717,ade,ml
1012,2.608707892006381,ade,ml
1013,1.6622940433135085,ade,ml
1014,1.181073038219181,ade,ml
1015,0.20629225835775522,ade,ml
1016,0.16275683907303387,ade,ml
1017,0.5363972400961909,ade,ml
1018,0.17459233487819156,ade,ml
1019,0.35876561406513524,ade,ml
1020,1.0703558027367992,ade,ml
1021,0.2176346252313619,ade,ml
1022,0.18981463365369508,ade,ml
1023,1.5846550380942583,ade,ml
1024,1.5346325424563771,ade,ml
1025,2.172218742620857,ade,ml
1026,1.0833152349410697,ade,ml
1027,0.7652676979690972,ade,ml
1028,0.23586269078599909,ade,ml
1029,0.12443047861524544,ade,ml
1030,0.3067889149514809,ade,ml
1031,0.15202387609150977,ade,ml
1032,0.20093390008924483,ade,ml
1033,1.3548454504544678,ade,ml
1034,0.14793378636318041,ade,ml
1035,0.189796905213103,ade,ml
1036,2.42388153777252,ade,ml
1037,1.5899825996873391,ade,ml
1038,1.9105535577832955,ade,ml
1039,1.1283470939454652,ade,ml
1040,0.9629811834184997,ade,ml
1041,0.26223263351956416,ade,ml
1042,0.088114388860513,ade,ml
1043,0.27443702543945475,ade,ml
1044,0.10253442716820754,ade,ml
1045,0.182409956147262,ade,ml
1046,1.4019797260935052,ade,ml
1047,0.1452321058062801,ade,ml
1048,0.189791752709934,ade,ml
1049,2.5956933985141912,ade,ml
1050,1.651450606461557,ade,ml
1051,1.9829405322121192,ade,ml
1052,0.35047770821413105,ade,ml
1053,1.2184836783729336,ade,ml
1054,0.2329908291863894,ade,ml
1055,0.11771054860232522,ade,ml
1056,0.27492690906615297,ade,ml
1057,0.11985352296599437,ade,ml
1058,0.17349811043498095,ade,ml
1059,1.3211629512104066,ade,ml
1060,0.15315463834576282,ade,ml
1061,0.1895623313781233,ade,ml
1062,2.3786627901344235,ade,ml
1063,1.874111775685839,ade,ml
1064,2.0377756206511806,ade,ml
1065,0.6169567283503253,ade,ml
1066,1.6330789782317527,ade,ml
1067,0.17858358562246268,ade,ml
1068,0.1789942103872638,ade,ml
1069,0.27990869013881325,ade,ml
1070,0.15444231103979755,ade,ml
1071,0.16366989622896963,ade,ml
1072,1.164452246152129,ade,ml
1073,0.14607671581652074,ade,ml
1074,0.18942904087901155,ade,ml
1075,1.9911319353870889,ade,ml
1076,1.9337084581424466,ade,ml
1077,1.8933358207744941,ade,ml
1078,0.7878873858976124,ade,ml
1079,2.0298461444996794,ade,ml
1080,0.1565243645142289,ade,ml
1081,0.19811979545105018,ade,ml
1082,0.23923351977037757,ade,ml
1083,0.1518556154932905,ade,ml
1084,0.17299218226779503,ade,ml
1085,1.1437469477126454,ade,ml
1086,0.14397587116027508,ade,ml
1087,0.18959384320579573,ade,ml
1088,1.645471789703671,ade,ml
1089,1.893222911819531,ade,ml
1090,1.4115231850304986,ade,ml
1091,0.7218531544188087,ade,ml
1092,1.1008070543141326,ade,ml
1093,0.13383018266702035,ade,ml
1094,0.19983764690268588,ade,ml
1095,0.18463288251857046,ade,ml
1096,0.1584661463511852,ade,ml
1097,0.16093050498269768,ade,ml
1098,0.8390016756298277,ade,ml
1099,0.17834280845952177,ade,ml
1100,0.1897884076054607,ade,ml
1101,1.617952606349171,ade,ml
1102,1.5974761760056853,ade,ml
1103,1.3127118547356147,ade,ml
1104,0.5429606939474706,ade,ml
1105,0.9537852094144258,ade,ml
1106,0.12504726421993315,ade,ml
1107,0.21714247880583307,ade,ml
1108,0.1350612537014752,ade,ml
1109,0.1583364219598825,ade,ml
1110,0.1597718604314319,ade,ml
1111,0.7689265792017933,ade,ml
1112,0.18548382861082166,ade,ml
1113,0.18978656014504594,ade,ml
1114,1.6621232288670085,ade,ml
1115,1.495832113931175,ade,ml
1116,1.5936032884590559,ade,ml
1117,0.8813238377027114,ade,ml
1118,0.6958310702142243,ade,ml
1119,0.14528616385431517,ade,ml
1120,0.19379445465851067,ade,ml
1121,0.1555057764746646,ade,ml
1122,0.14970816520769645,ade,ml
1123,0.15564485361442712,ade,ml
1124,1.0095860870045341,ade,ml
1125,0.18318578187877252,ade,ml
1126,0.1899958454831098,ade,ml
1127,1.5044649824865577,ade,ml
1128,1.1979200305330089,ade,ml
1129,2.2537137905364752,ade,ml
1130,1.6934553343170637,ade,ml
1131,0.6109188629858412,ade,ml
1132,0.21397319089567404,ade,ml
1133,0.15537447856444395,ade,ml
1134,0.20501040346492397,ade,ml
1135,0.14935418301043965,ade,ml
1136,0.1586392815764256,ade,ml
1137,1.1704014255471271,ade,ml
1138,0.17655132052150777,ade,ml
1139,0.19009347518898748,ade,ml
1140,1.6826199717240626,ade,ml
1141,7.2875261778483695,ade,ml
1142,2.3703876876895795,ade,ml
1143,2.6481765541517297,ade,ml
1144,2.6905048208010585,ade,ml
1145,3.3588383550800636,ade,ml
1146,2.6616833602372125,ade,ml
1147,0.9464366816968136,ade,ml
1148,1.6096973574501094,ade,ml
1149,0.801479048053484,ade,ml
1150,2.7522975129369396,ade,ml
1151,0.17877104093373167,ade,ml
1152,0.32843611398326594,ade,ml
1153,0.17790609525651982,ade,ml
1154,0.1698129361454611,ade,ml
1155,0.18672892720618808,ade,ml
1156,3.651733490927286,ade,ml
1157,0.3032597689962539,ade,ml
1158,0.22192937492981837,ade,ml
1159,0.11380392538561634,ade,ml
1160,2.234143351427013,ade,ml
1161,2.741157748749058,ade,ml
1162,1.2538509986345783,ade,ml
1163,1.4818339234370255,ade,ml
1164,0.17343971317978743,ade,ml
1165,3.721752882935919,ade,ml
1166,1.0602280210486867,ade,ml
1167,0.34729933181686773,ade,ml
1168,0.46813257625930893,ade,ml
1169,0.6481113844951337,ade,ml
1170,0.958815334215493,ade,ml
1171,0.48683768408759537,ade,ml
1172,1.3368550533830135,ade,ml
1173,1.2984032849643425,ade,ml
1174,0.7723006185643838,ade,ml
1175,0.3404406804764137,ade,ml
1176,0.20811181722030045,ade,ml
1177,0.45053842877693334,ade,ml
1178,0.20557069658891403,ade,ml
1179,0.2634944057343267,ade,ml
1180,0.28805036031392645,ade,ml
1181,3.502372508844946,ade,ml
1182,0.3895615464748237,ade,ml
1183,0.2689074633100909,ade,ml
1184,0.157716785014882,ade,ml
1185,1.0594622748664093,ade,ml
1186,1.0775860694725352,ade,ml
1187,0.9310605540458742,ade,ml
1188,0.17027735191496704,ade,ml
1189,1.4530017153741135,ade,ml
1190,0.21373470263030916,ade,ml
1191,0.5647943978411111,ade,ml
1192,0.20627892155348704,ade,ml
1193,0.6061818173903095,ade,ml
1194,0.7488310234183239,ade,ml
1195,0.5376071511106358,ade,ml
1196,1.5991024710593094,ade,ml
1197,1.504447904152632,ade,ml
1198,0.8379324293980978,ade,ml
1199,0.8086760144017386,ade,ml
1200,0.1850427493027481,ade,ml
1201,0.2564293474076665,ade,ml
1202,0.19362994078677867,ade,ml
1203,0.1755009490604226,ade,ml
1204,0.1742071792199461,ade,ml
1205,2.159235537171796,ade,ml
1206,0.29178571531459296,ade,ml
1207,0.20807981848558965,ade,ml
1208,0.1706149811936417,ade,ml
1209,0.7206188596450214,ade,ml
1210,0.49133153508478383,ade,ml
1211,1.1367739991124752,ade,ml
1212,0.18085077669100988,ade,ml
1213,0.6077956570033632,ade,ml
1214,0.6490373702418586,ade,ml
1215,1.7555091716619773,ade,ml
1216,0.4875308992066812,ade,ml
1217,1.0687768488540503,ade,ml
1218,0.8367980702481758,ade,ml
1219,1.8165841371393512,ade,ml
1220,2.002607337771036,ade,ml
1221,1.498889245070728,ade,ml
1222,0.8848644718170298,ade,ml
1223,1.2052159131596232,ade,ml
1224,0.15237361681912018,ade,ml
1225,0.2986266543037275,ade,ml
1226,0.18018424253312648,ade,ml
1227,0.2670071021677198,ade,ml
1228,0.22847347321591505,ade,ml
1229,1.1218396112507953,ade,ml
1230,0.13229392257987632,ade,ml
1231,0.15224373780122857,ade,ml
1232,0.20292060679946788,ade,ml
1233,1.4855461056187702,ade,ml
1234,1.6655243761315004,ade,ml
1235,1.1846295624968644,ade,ml
1236,0.19361195903300688,ade,ml
1237,0.4248017639495288,ade,ml
1238,0.5526742139379244,ade,ml
1239,1.4183979123337718,ade,ml
1240,0.8299571210979398,ade,ml
1241,2.174170370692424,ade,ml
1242,0.4476691425977502,ade,ml
1243,1.327516427162438,ade,ml
1244,1.2234726668332423,ade,ml
1245,1.5997199103580428,ade,ml
1246,1.789589104272759,ade,ml
1247,1.6674027835229392,ade,ml
1248,0.9843414058229992,ade,ml
1249,1.221916623188005,ade,ml
1250,0.13835414490786838,ade,ml
1251,0.35446864183195465,ade,ml
1252,0.1759658027437859,ade,ml
1253,0.2626009188518405,ade,ml
1254,0.17744611258239606,ade,ml
1255,1.7406445189997666,ade,ml
1256,0.1017897136450792,ade,ml
1257,0.14567453903894378,ade,ml
1258,0.2729450589231374,ade,ml
1259,1.3146988316304025,ade,ml
1260,1.9403735400684896,ade,ml
1261,0.18534970157702932,ade,ml
1262,0.5050213741210251,ade,ml
1263,0.9383888672866728,ade,ml
1264,0.5626186168968349,ade,ml
1265,0.9100269616781532,ade,ml
1266,0.49588057601698976,ade,ml
1267,0.6636435539184232,ade,ml
1268,0.897828992524715,ade,ml
1269,1.4221803912946938,ade,ml
1270,0.4886471047917548,ade,ml
1271,0.8650690709073966,ade,ml
1272,0.6253186454734351,ade,ml
1273,1.0864799807192722,ade,ml
1274,0.4650285734673749,ade,ml
1275,0.15143552617569242,ade,ml
1276,0.14708949999562135,ade,ml
1277,0.17196996014065644,ade,ml
1278,0.17929039961214685,ade,ml
1279,0.1990504253136348,ade,ml
1280,0.7081447255874328,ade,ml
1281,0.1805804345872114,ade,ml
1282,0.14881041806977904,ade,ml
1283,0.36320920381989935,ade,ml
1284,0.8456324659518452,ade,ml
1285,1.305851055291405,ade,ml
1286,0.229713654007027,ade,ml
1287,0.16231149834241723,ade,ml
1288,1.579685937144711,ade,ml
1289,0.9805813572419328,ade,ml
1290,0.5704517940626074,ade,ml
1291,0.9128553398092549,ade,ml
1292,1.1109968416239207,ade,ml
1293,1.5581435589154278,ade,ml
1294,2.1321659174376717,ade,ml
1295,0.6226934498849315,ade,ml
1296,0.36563798792422597,ade,ml
1297,1.2340759429192678,ade,ml
1298,0.2399804089687303,ade,ml
1299,0.14979987761262023,ade,ml
1300,0.1282292284137849,ade,ml
1301,0.16780888976820466,ade,ml
1302,0.17354550355911744,ade,ml
1303,0.17813112606369838,ade,ml
1304,1.0559016856878618,ade,ml
1305,0.17335637840827448,ade,ml
1306,0.15348962041756753,ade,ml
1307,0.5584491991838031,ade,ml
1308,0.2983174301858405,ade,ml
1309,1.1618018510984396,ade,ml
1310,0.24512101255293803,ade,ml
1311,0.18044709091827785,ade,ml
1312,1.7937275694193344,ade,ml
1313,0.7588103093360093,ade,ml
1314,0.26078418401892084,ade,ml
1315,0.6274439736570696,ade,ml
1316,0.7015891084962189,ade,ml
1317,2.0511117733390574,ade,ml
1318,0.603831568273085,ade,ml
1319,0.9067246219403394,ade,ml
1320,1.1368850093261278,ade,ml
1321,0.4185251260265306,ade,ml
1322,0.16851354958785802,ade,ml
1323,0.14060616025665199,ade,ml
1324,0.1681707738108471,ade,ml
1325,0.1929327118161731,ade,ml
1326,0.16782897774672934,ade,ml
1327,0.8869408592789215,ade,ml
1328,0.16494199925216504,ade,ml
1329,0.17683787208437154,ade,ml
1330,0.6382386189709112,ade,ml
1331,0.4026127047363624,ade,ml
1332,0.7409937175216706,ade,ml
1333,0.224044444028383,ade,ml
1334,0.11832749056741178,ade,ml
1335,1.52351127893567,ade,ml
1336,0.8181673279099592,ade,ml
1337,0.26940046774009524,ade,ml
1338,0.559410420543795,ade,ml
1339,0.5109662086662299,ade,ml
1340,1.9623620209300732,ade,ml
1341,0.8007325978791608,ade,ml
1342,1.2783737944312892,ade,ml
1343,0.9844791126668281,ade,ml
1344,0.7937067009059144,ade,ml
1345,0.19359026622903594,ade,ml
1346,0.17511929785145586,ade,ml
1347,0.16906814211777987,ade,ml
1348,0.25518972963617576,ade,ml
1349,0.17323308423573622,ade,ml
1350,1.1745851460073087,ade,ml
1351,0.13151969110517472,ade,ml
1352,0.2101470060624764,ade,ml
1353,0.7350674644572592,ade,ml
1354,0.6026765269930997,ade,ml
1355,0.5430921931233498,ade,ml
1356,0.1911836957607362,ade,ml
1357,0.17728290759117368,ade,ml
1358,1.2324935342323393,ade,ml
1359,0.3859473912757649,ade,ml
1360,0.5527321792947698,ade,ml
1361,0.9189709811883895,ade,ml
1362,1.005675677269851,ade,ml
1363,2.0516129950647923,ade,ml
1364,0.9470233229904275,ade,ml
1365,1.687226483315249,ade,ml
1366,0.9488375816090325,ade,ml
1367,1.0804402132333968,ade,ml
1368,0.20956682574740615,ade,ml
1369,0.19222505024870362,ade,ml
1370,0.169301102971725,ade,ml
1371,0.2939051271666038,ade,ml
1372,0.19872190806608134,ade,ml
1373,1.5947405803133867,ade,ml
1374,0.1475055706894091,ade,ml
1375,0.22955482054755302,ade,ml
1376,1.0703596020464388,ade,ml
1377,0.6458145771423344,ade,ml
1378,0.18831068324964959,ade,ml
1379,0.16303460076299095,ade,ml
1380,1.0814112453448164,ade,ml
1381,0.9052882285322995,ade,ml
1382,0.3098848168360116,ade,ml
1383,0.6285203695388952,ade,ml
1384,1.0080473867978021,ade,ml
1385,1.690368811856075,ade,ml
1386,1.316754958938992,ade,ml
1387,1.586325552755256,ade,ml
1388,0.7775763605164349,ade,ml
1389,1.1437271328313108,ade,ml
1390,0.18677019339101356,ade,ml
1391,0.21295022045461945,ade,ml
1392,0.17987641114346983,ade,ml
1393,0.1815000426060788,ade,ml
1394,0.20142291131485165,ade,ml
1395,0.7046918140442487,ade,ml
1396,0.19130406610569117,ade,ml
1397,0.1770028793208703,ade,ml
1398,1.2788837186694815,ade,ml
1399,0.7774453250700494,ade,ml
1400,0.23291374891930203,ade,ml
1401,0.3367869233875387,ade,ml
1402,1.3636854650213088,ade,ml
1403,0.6621055219554746,ade,ml
1404,0.7201979106618305,ade,ml
1405,0.6627761000597093,ade,ml
1406,1.2197940553281592,ade,ml
1407,1.8517086431959424,ade,ml
1408,1.1879996911599602,ade,ml
1409,1.5921960713676506,ade,ml
1410,0.6764930382056261,ade,ml
1411,1.1509365019310984,ade,ml
1412,0.18978208067267932,ade,ml
1413,0.22924321502068087,ade,ml
1414,0.17961725807845083,ade,ml
1415,0.26737274111418774,ade,ml
1416,0.22261287757937212,ade,ml
1417,0.44711204907070773,ade,ml
1418,0.24600989307196397,ade,ml
1419,0.17051716219032284,ade,ml
1420,1.7486367748817513,ade,ml
1421,0.9149138060003157,ade,ml
1422,0.2532350121122993,ade,ml
1423,0.40542570266457245,ade,ml
1424,1.478396889310759,ade,ml
1425,0.7099393603392102,ade,ml
1426,0.5830088245889905,ade,ml
1427,0.7735788120428969,ade,ml
1428,0.966280170950269,ade,ml
1429,1.7973775363239184,ade,ml
1430,1.443697349232348,ade,ml
1431,1.6160246293848495,ade,ml
1432,0.6888362310535369,ade,ml
1433,1.0726457169800803,ade,ml
1434,0.1823689924539084,ade,ml
1435,0.21116218524394512,ade,ml
1436,0.17518293841045174,ade,ml
1437,0.18553463118749644,ade,ml
1438,0.19209628718648997,ade,ml
1439,0.5633783374260618,ade,ml
1440,0.16505338753513907,ade,ml
1441,0.2170481851673727,ade,ml
1442,0.3897241201891968,ade,ml
1443,0.9392238039179327,ade,ml
1444,0.17391244341244236,ade,ml
1445,0.6278743015161309,ade,ml
1446,1.327802151086732,ade,ml
1447,0.08604943359884455,ade,ml
1448,0.9435661735002784,ade,ml
1449,0.7972751659483395,ade,ml
1450,0.4382395201754738,ade,ml
1451,1.7057647512131784,ade,ml
1452,1.6321537376109276,ade,ml
1453,1.4431104495956912,ade,ml
1454,0.8168021194020758,ade,ml
1455,1.0498631763547277,ade,ml
1456,0.1746943078155765,ade,ml
1457,0.19218923970910132,ade,ml
1458,0.17094525593321652,ade,ml
1459,0.2048850740152729,ade,ml
1460,0.17083600661057766,ade,ml
1461,0.45575709739349907,ade,ml
1462,0.23813721555833792,ade,ml
1463,0.21584764457335,ade,ml
1464,1.7588682065070114,ade,ml
1465,0.866848412308521,ade,ml
1466,0.1343610595581007,ade,ml
1467,0.981828211911752,ade,ml
1468,1.1677478433733872,ade,ml
1469,0.8318416047690044,ade,ml
1470,1.2533497987691273,ade,ml
1471,0.9177093811271759,ade,ml
1472,0.4477891383489177,ade,ml
1473,1.8402021430901738,ade,ml
1474,1.6652036019280345,ade,ml
1475,1.4923948301365957,ade,ml
1476,0.7779157836095658,ade,ml
1477,1.0189751768704767,ade,ml
1478,0.17456669063084973,ade,ml
1479,0.19491162970567155,ade,ml
1480,0.170821429670322,ade,ml
1481,0.25186365871526545,ade,ml
1482,0.17589681827858392,ade,ml
1483,0.6269613330382002,ade,ml
1484,0.3729749676683011,ade,ml
1485,0.21818673403093483,ade,ml
1486,1.2547662192940663,ade,ml
1487,0.9470048675667032,ade,ml
1488,0.12583928872112224,ade,ml
1489,1.2563301415850283,ade,ml
1490,1.1772037708289014,ade,ml
1491,0.9079868834593245,ade,ml
1492,1.0286917372552464,ade,ml
1493,0.3944507268512241,ade,ml
1494,0.9416226081999913,ade,ml
1495,2.6803140577365103,ade,ml
1496,0.6622979702160011,ade,ml
1497,0.4882772953910212,ade,ml
1498,0.7816818545923109,ade,ml
1499,0.4518705492349975,ade,ml
1500,0.18397095310712674,ade,ml
1501,0.176169165613245,ade,ml
1502,0.18780826282373764,ade,ml
1503,0.13882840817708553,ade,ml
1504,0.19509022218351715,ade,ml
1505,1.1406288636848185,ade,ml
1506,0.17848840926513468,ade,ml
1507,0.2562821282904452,ade,ml
1508,0.8486970767898804,ade,ml
1509,0.9316964656022769,ade,ml
1510,0.20421992686417886,ade,ml
1511,0.2502661178501911,ade,ml
1512,1.4840929959900848,ade,ml
1513,0.8161705214306955,ade,ml
1514,1.501821778410167,ade,ml
1515,0.5136960174216864,ade,ml
1516,1.0690631073797527,ade,ml
1517,3.1971636776621573,ade,ml
1518,0.48301262983426607,ade,ml
1519,0.3096111414643346,ade,ml
1520,0.759165971869251,ade,ml
1521,0.42190595790489555,ade,ml
1522,0.18658579353899,ade,ml
1523,0.16376659297512317,ade,ml
1524,0.19065145111935422,ade,ml
1525,0.14623307716490175,ade,ml
1526,0.1992219352346343,ade,ml
1527,1.6669075988356046,ade,ml
1528,0.1776585486573361,ade,ml
1529,0.21681536872068027,ade,ml
1530,0.9672858650203991,ade,ml
1531,0.21706356035118002,ade,ml
1532,0.5565749575436616,ade,ml
1533,1.5525918003294341,ade,ml
1534,1.044544245402338,ade,ml
1535,0.5320285807855284,ade,ml
1536,0.1629070738618832,ade,ml
1537,0.97794804530569,ade,ml
1538,2.940612735400304,ade,ml
1539,0.9413280535265777,ade,ml
1540,0.7102303439461263,ade,ml
1541,0.7945617447816704,ade,ml
1542,0.2297202001630914,ade,ml
1543,0.18545240659007955,ade,ml
1544,0.15853380497002106,ade,ml
1545,0.1796901970888171,ade,ml
1546,0.17055215691279335,ade,ml
1547,0.16125499063415363,ade,ml
1548,1.9281586725917788,ade,ml
1549,0.17277500594354364,ade,ml
1550,0.2015261463077357,ade,ml
1551,0.8763713630162582,ade,ml
1552,0.21732604622002394,ade,ml
1553,0.502502885136233,ade,ml
1554,1.4889782841855144,ade,ml
1555,0.3894504863324009,ade,ml
1556,1.124998781040406,ade,ml
1557,0.5629094995048675,ade,ml
1558,0.7635497733755544,ade,ml
1559,2.638860757260814,ade,ml
1560,1.3051323180895649,ade,ml
1561,0.9843601732250221,ade,ml
1562,0.8614681802167347,ade,ml
1563,0.476621509840168,ade,ml
1564,0.18173931117447792,ade,ml
1565,0.15241497348233168,ade,ml
1566,0.16601340315264235,ade,ml
1567,0.20686930104891177,ade,ml
1568,0.11725863421089865,ade,ml
1569,3.525913632746409,ade,ml
1570,0.20048420241481105,ade,ml
1571,0.18190070013437099,ade,ml
1572,0.8782803797374162,ade,ml
1573,0.2127194496682837,ade,ml
1574,0.8228043193439585,ade,ml
1575,1.519359841402648,ade,ml
1576,0.14286175684609284,ade,ml
1577,1.441063042125694,ade,ml
1578,0.7878339641358633,ade,ml
1579,0.9138463803470461,ade,ml
1580,2.560063157767837,ade,ml
1581,1.5355996725529237,ade,ml
1582,0.9204957975403506,ade,ml
1583,0.8762803682483802,ade,ml
1584,0.5839271951686494,ade,ml
1585,0.17653122657216228,ade,ml
1586,0.1427760065860731,ade,ml
1587,0.166579785172109,ade,ml
1588,0.22609325362884225,ade,ml
1589,0.11129600332352863,ade,ml
1590,3.2878640146725595,ade,ml
1591,0.21144942820173207,ade,ml
1592,0.18143744859935906,ade,ml
1593,0.4689277889209729,ade,ml
1594,0.213193881465869,ade,ml
1595,1.1884797632783086,ade,ml
1596,1.119362341563192,ade,ml
1597,0.14682724355620383,ade,ml
1598,0.5415135500232011,ade,ml
1599,0.8264381375958502,ade,ml
1600,0.8020483973257185,ade,ml
1601,2.508822422823232,ade,ml
1602,1.6574366694605296,ade,ml
1603,0.6127408267371096,ade,ml
1604,0.7310251937277211,ade,ml
1605,0.8912980199726994,ade,ml
1606,0.17452807181295907,ade,ml
1607,0.16958278977150867,ade,ml
1608,0.18123458432733283,ade,ml
1609,0.1554358727883514,ade,ml
1610,0.1738855216743458,ade,ml
1611,2.739946370354366,ade,ml
1612,0.16696061323135936,ade,ml
1613,0.19923116881621242,ade,ml
1614,0.26123000175921635,ade,ml
1615,0.17826091638440067,ade,ml
1616,0.972314222245736,ade,ml
1617,1.6040679346841207,ade,ml
1618,0.13908486348851215,ade,ml
1619,0.9527924670527375,ade,ml
1620,1.0789717593511563,ade,ml
1621,1.1135003954837983,ade,ml
1622,2.2476171697749874,ade,ml
1623,2.0336119161687143,ade,ml
1624,0.6002630323526833,ade,ml
1625,0.7251545215155845,ade,ml
1626,1.172123261994268,ade,ml
1627,0.16887405751606913,ade,ml
1628,0.17935733882960406,ade,ml
1629,0.18684569878675136,ade,ml
1630,0.15998085678524718,ade,ml
1631,0.19157643343020156,ade,ml
1632,0.1552148853643047,ade,ml
1633,0.19874114460208522,ade,ml
1634,0.6175838172048106,ade,ml
1635,0.1581762441902902,ade,ml
1636,1.343038527994536,ade,ml
1637,1.5563193261938115,ade,ml
1638,0.2881997539317874,ade,ml
1639,0.23807657144686542,ade,ml
1640,0.7354411015767047,ade,ml
1641,0.6304388091345993,ade,ml
1642,2.5390303788928925,ade,ml
1643,1.1237638594232013,ade,ml
1644,0.761520482614564,ade,ml
1645,0.8137066924229194,ade,ml
1646,0.7451395296726591,ade,ml
1647,0.16361044586307796,ade,ml
1648,0.19828070663623398,ade,ml
1649,0.1888253427906906,ade,ml
1650,0.1570043365213857,ade,ml
1651,0.1842838558430863,ade,ml
1652,0.19604647018529978,ade,ml
1653,0.1853773119616647,ade,ml
1654,0.6374179501394842,ade,ml
1655,0.1557637917434047,ade,ml
1656,1.050436920193193,ade,ml
1657,1.4454445042989459,ade,ml
1658,0.5123423807039251,ade,ml
1659,0.9903208321353367,ade,ml
1660,0.6781580923137719,ade,ml
1661,0.908652308924314,ade,ml
1662,2.8496615719865352,ade,ml
1663,0.5210472592605058,ade,ml
1664,1.2899377884748695,ade,ml
1665,0.9421777643220502,ade,ml
1666,0.5850239516947199,ade,ml
1667,0.16091163132205996,ade,ml
1668,0.22938942985706146,ade,ml
1669,0.18949299574391054,ade,ml
1670,0.1608995573185072,ade,ml
1671,0.16896901083521088,ade,ml
1672,0.2586526643006797,ade,ml
1673,0.1643696934226446,ade,ml
1674,1.170469462145994,ade,ml
1675,0.15761474832311215,ade,ml
1676,0.6187105365212103,ade,ml
1677,1.625856188807811,ade,ml
1678,0.6945818306757543,ade,ml
1679,1.1166641232894152,ade,ml
1680,0.7613901519210423,ade,ml
1681,0.734130267903538,ade,ml
1682,3.030627422001721,ade,ml
1683,0.5233992658581643,ade,ml
1684,1.3367365706879184,ade,ml
1685,1.0257359505193602,ade,ml
1686,0.7812018691510932,ade,ml
1687,0.15985447480472978,ade,ml
1688,0.26051645415085495,ade,ml
1689,0.1938303344651691,ade,ml
1690,0.1656811889916786,ade,ml
1691,0.17426056346327345,ade,ml
1692,0.2876558021138105,ade,ml
1693,0.15804494899425553,ade,ml
1694,1.369908790235553,ade,ml
1695,0.15616895842390308,ade,ml
1696,0.6844893811929603,ade,ml
1697,1.7458132451313109,ade,ml
1698,0.982390040192219,ade,ml
1699,0.5805212394431734,ade,ml
1700,1.3992575389388915,ade,ml
1701,1.1951717626230023,ade,ml
1702,2.4109126423313767,ade,ml
1703,1.1401573738601913,ade,ml
1704,1.3194669444245235,ade,ml
1705,0.9145656493111658,ade,ml
1706,0.6906884235425285,ade,ml
1707,0.20407868853659272,ade,ml
1708,0.23100393411300088,ade,ml
1709,0.18095770681786347,ade,ml
1710,0.17352058987116584,ade,ml
1711,0.1499951484009726,ade,ml
1712,0.20778275359956558,ade,ml
1713,0.17162009336682957,ade,ml
1714,0.5265795775406815,ade,ml
1715,0.20324931742355323,ade,ml
1716,1.1796357088894325,ade,ml
1717,1.2129341046299527,ade,ml
1718,0.8558150981750049,ade,ml
1719,4.055859771942639,ade,ml
1720,2.174222861727698,ade,ml
1721,3.3003523355034363,ade,ml
1722,0.8725073813004484,ade,ml
1723,1.5318383618135918,ade,ml
1724,0.2228097113631402,ade,ml
1725,1.8423454823083567,ade,ml
1726,0.16828193749469175,ade,ml
1727,2.877496727650218,ade,ml
1728,0.6984216157785362,ade,ml
1729,0.8614327758775571,ade,ml
1730,0.17101273571039236,ade,ml
1731,1.1518316264845831,ade,ml
1732,1.0821680586290603,ade,ml
1733,1.0110510005834954,ade,ml
1734,0.6101882452474395,ade,ml
1735,1.2291896432506557,ade,ml
1736,0.643225089308071,ade,ml
1737,1.5063331066653438,ade,ml
1738,1.1942106689624161,ade,ml
1739,0.738300398683522,ade,ml
1740,0.2475789338145792,ade,ml
1741,0.776874617962692,ade,ml
1742,0.1763516679591295,ade,ml
1743,0.5766767125638085,ade,ml
1744,0.4707987915311167,ade,ml
1745,2.087383421584843,ade,ml
1746,0.19584280426411302,ade,ml
1747,0.6098182928236618,ade,ml
1748,1.0225714864017084,ade,ml
1749,0.8995391788497257,ade,ml
1750,0.861929245136963,ade,ml
1751,1.2922600514438956,ade,ml
1752,0.4935714957358803,ade,ml
1753,1.4709935522967228,ade,ml
1754,1.4358618629890572,ade,ml
1755,1.0300196417411593,ade,ml
1756,0.2486102863806066,ade,ml
1757,0.9100338007374319,ade,ml
1758,0.1737750106976386,ade,ml
1759,0.333791344406196,ade,ml
1760,0.3970258847359807,ade,ml
1761,1.9101317413173307,ade,ml
1762,0.18761245515527203,ade,ml
1763,1.1290335120910648,ade,ml
1764,1.0288253265879914,ade,ml
1765,0.9689361407636126,ade,ml
1766,0.6973433982627761,ade,ml
1767,1.2429229488553315,ade,ml
1768,0.40846262361088764,ade,ml
1769,1.6717830232611897,ade,ml
1770,1.7534070524880707,ade,ml
1771,1.074167620816809,ade,ml
1772,0.1893272463382453,ade,ml
1773,1.0018218204712344,ade,ml
1774,0.18103987256085485,ade,ml
1775,0.6064971869369253,ade,ml
1776,0.586349008870846,ade,ml
1777,1.9343060868841384,ade,ml
1778,0.17956524406606209,ade,ml
1779,1.6141984263842888,ade,ml
1780,1.110132067816612,ade,ml
1781,1.0879302519750256,ade,ml
1782,1.0942582861405332,ade,ml
1783,1.7810401684697457,ade,ml
1784,0.7424177255371552,ade,ml
1785,1.97357973093517,ade,ml
1786,2.275137124633311,ade,ml
1787,1.3376011808642005,ade,ml
1788,0.18269831316443988,ade,ml
1789,1.3066590612512445,ade,ml
1790,0.17645396492480306,ade,ml
1791,0.5668708743757439,ade,ml
1792,0.15899976441961713,ade,ml
1793,1.4932122343347516,ade,ml
1794,0.17725827551193993,ade,ml
1795,1.8410218700300005,ade,ml
1796,1.137896094240807,ade,ml
1797,1.1422415033507283,ade,ml
1798,0.9361393341094274,ade,ml
1799,0.8530234414975824,ade,ml
1800,1.799797638070121,ade,ml
1801,0.9779018423656213,ade,ml
1802,1.7502201001953954,ade,ml
1803,0.24910356573698836,ade,ml
1804,0.18177079741445532,ade,ml
1805,1.4481129172060416,ade,ml
1806,0.1816596077431992,ade,ml
1807,1.334932993133128,ade,ml
1808,0.2971479615380933,ade,ml
1809,1.989483525060825,ade,ml
1810,0.17480192959333565,ade,ml
1811,1.0318810978137305,ade,ml
1812,1.0682534175622518,ade,ml
1813,1.0474333036950012,ade,ml
1814,0.8233389296800931,ade,ml
1815,1.1696993160934,ade,ml
1816,2.760942104433561,ade,ml
1817,0.17484217565131877,ade,ml
1818,2.5275600440972137,ade,ml
1819,0.18987018817151283,ade,ml
1820,0.18132308204181433,ade,ml
1821,1.3884179825519583,ade,ml
1822,0.1639074932522038,ade,ml
1823,1.470214166952527,ade,ml
1824,0.14092173348717654,ade,ml
1825,1.87665973456735,ade,ml
1826,0.1770372721667782,ade,ml
1827,1.1496692623771911,ade,ml
1828,1.0247977477036312,ade,ml
1829,1.1192598896608703,ade,ml
1830,0.5653184774973924,ade,ml
1831,1.2536576685701855,ade,ml
1832,3.138072639463348,ade,ml
1833,0.3633997805767573,ade,ml
1834,2.1630270285134485,ade,ml
1835,0.3326889920016348,ade,ml
1836,0.18457930362736188,ade,ml
1837,1.4932001846475689,ade,ml
1838,0.14517557503725323,ade,ml
1839,0.8302271914385172,ade,ml
1840,0.12645600165306367,ade,ml
1841,1.8141057297815004,ade,ml
1842,0.17772174467047339,ade,ml
1843,1.2846551754117541,ade,ml
1844,1.0031001127644787,ade,ml
1845,1.1122944683450002,ade,ml
1846,0.7187829589332718,ade,ml
1847,2.163881223823951,ade,ml
1848,3.901915821823872,ade,ml
1849,2.0078511331985585,ade,ml
1850,1.6732291537080215,ade,ml
1851,0.8331075366880755,ade,ml
1852,0.18565287390046611,ade,ml
1853,1.263127904313866,ade,ml
1854,0.16833926240297437,ade,ml
1855,1.156014607266615,ade,ml
1856,0.2745027221988559,ade,ml
1857,1.3182280248202856,ade,ml
1858,0.17709727232485287,ade,ml
1859,1.5585501125287122,ade,ml
1860,1.049340558712589,ade,ml
1861,1.1937620280758328,ade,ml
1862,0.9850579997231704,ade,ml
1863,2.3525852884077794,ade,ml
1864,1.9324436117304888,ade,ml
1865,6.492799796982408,ade,ml
1866,2.2145003965998207,ade,ml
1867,2.342452923004307,ade,ml
1868,0.7015567240770162,ade,ml
1869,0.18677190260233204,ade,ml
1870,1.392849287038423,ade,ml
1871,0.464449397964069,ade,ml
1872,1.154117229006725,ade,ml
1873,0.4185901508779602,ade,ml
1874,1.457589384200111,ade,ml
1875,0.17870665744779468,ade,ml
1876,1.493513808528072,ade,ml
1877,1.0437029215094435,ade,ml
1878,1.2226679366656301,ade,ml
1879,1.121803121729015,ade,ml
1880,0.7033963304197005,ade,ml
1881,0.9517583170238888,ade,ml
1882,3.6791898721354976,ade,ml
1883,1.851403189352066,ade,ml
1884,1.2732608668989602,ade,ml
1885,0.5309245540005071,ade,ml
1886,0.19347495542392154,ade,ml
1887,1.537652458324322,ade,ml
1888,1.0446493427541261,ade,ml
1889,0.7494058573965092,ade,ml
1890,0.987176481035588,ade,ml
1891,1.3525461396324259,ade,ml
1892,0.17828580470687636,ade,ml
1893,0.5672251192068792,ade,ml
1894,0.9995629808922876,ade,ml
1895,1.0526907325291923,ade,ml
1896,1.3892132595448572,ade,ml
1897,0.449592154029002,ade,ml
1898,1.0643050807688692,ade,ml
1899,1.557404834805374,ade,ml
1900,5.461708823101389,ade,ml
1901,2.5538474505603284,ade,ml
1902,0.156603416727284,ade,ml
1903,0.8233321378106435,ade,ml
1904,0.6946287622745618,ade,ml
1905,4.462790183908542,ade,ml
1906,1.1286090053197972,ade,ml
1907,0.1904537413752044,ade,ml
1908,0.5247006958208938,ade,ml
1909,0.5670725979914543,ade,ml
1910,4.401649582704775,ade,ml
1911,1.005779349335805,ade,ml
1912,0.18829002986342216,ade,ml
1913,0.2711638675390728,ade,ml
1914,0.8439354339795271,ade,ml
1915,4.597845823785811,ade,ml
1916,1.1948043447895607,ade,ml
1917,0.1823968972067603,ade,ml
1918,0.612933303305191,ade,ml
1919,1.526309677455601,ade,ml
1920,5.595310659703357,ade,ml
1921,1.7392606784379296,ade,ml
1922,0.17762094386009766,ade,ml
1923,0.6042774601084265,ade,ml
1924,0.39122822565373694,ade,ml
1925,5.564128195777029,ade,ml
1926,1.0478589300501935,ade,ml
1927,0.17900565734251003,ade,ml
1928,0.3115091831531408,ade,ml
1929,0.46717674765587897,ade,ml
1930,5.888318434777907,ade,ml
1931,1.1003148288002282,ade,ml
1932,0.177426296685028,ade,ml
1933,0.4015420612948666,ade,ml
1934,0.5623197458610145,ade,ml
1935,4.992751027248496,ade,ml
1936,0.9426909634312642,ade,ml
1937,0.17562293946041563,ade,ml
1938,0.30217896588827037,ade,ml
1939,0.7163907213181209,ade,ml
1940,6.358400068786648,ade,ml
1941,0.8411612945999359,ade,ml
1942,0.17835810527337956,ade,ml
1943,0.19777496396410535,ade,ml
1944,0.9431408053650047,ade,ml
1945,6.752250659480772,ade,ml
1946,0.17837842194201747,ade,ml
1947,0.4958653150450587,ade,ml
1948,0.2810429644421737,ade,ml
1949,6.905347488845462,ade,ml
1950,0.17822810519155807,ade,ml
1951,0.5899417815453148,ade,ml
1952,0.36966859572024974,ade,ml
1953,7.162898679088179,ade,ml
1954,0.17819502329281525,ade,ml
1955,0.17335853337335105,ade,ml
1956,0.34267825232823196,ade,ml
1957,7.340095475317859,ade,ml
1958,0.1790443504157905,ade,ml
1959,0.8886433998647852,ade,ml
1960,1.215245031958845,ade,ml
1961,7.912965930900359,ade,ml
1962,0.17722740448085172,ade,ml
1963,1.2319552783365157,ade,ml
1964,1.6392416169049422,ade,ml
1965,8.502519534744037,ade,ml
1966,0.17758780616799352,ade,ml
1967,0.5827062663719694,ade,ml
1968,0.2684446887593683,ade,ml
1969,8.2634141619922,ade,ml
1970,0.17556700943264814,ade,ml
1971,3.185220536860097,ade,ml
1972,0.637630670248056,ade,ml
1973,0.0851372427979293,ade,ml
1974,8.772305676832929,ade,ml
1975,0.17779367677797173,ade,ml
1976,2.0706012323563576,ade,ml
1977,0.1748475555013319,ade,ml
1978,0.1646209266541932,ade,ml
1979,8.496653431772557,ade,ml
1980,0.17830599436855787,ade,ml
1981,1.4148837853282341,ade,ml
1982,0.7372057262445525,ade,ml
1983,0.409469746116425,ade,ml
1984,8.301516798027476,ade,ml
1985,0.17687821094823078,ade,ml
1986,1.2761457656761686,ade,ml
1987,0.8641694207727939,ade,ml
1988,0.144559926076566,ade,ml
1989,7.670736916096403,ade,ml
1990,0.17712149833396085,ade,ml
1991,1.2980911816842624,ade,ml
1992,0.27520416249252944,ade,ml
1993,0.24096275978685075,ade,ml
1994,7.550231991101744,ade,ml
1995,0.17662532353433025,ade,ml
1996,1.06910881098736,ade,ml
1997,0.3308676502876251,ade,ml
1998,0.23143257122111185,ade,ml
1999,7.030002657176624,ade,ml
2000,0.17807656979540654,ade,ml
2001,1.1438420212989162,ade,ml
2002,0.16887477759480626,ade,ml
2003,0.19459181199586736,ade,ml
2004,7.176553777220985,ade,ml
2005,0.17914545165464388,ade,ml
2006,1.287221196679001,ade,ml
2007,0.44070542141115543,ade,ml
2008,0.5112719874717805,ade,ml
2009,6.583424201566184,ade,ml
2010,0.1761781280493635,ade,ml
2011,1.0312761235168637,ade,ml
2012,0.6139132359196869,ade,ml
2013,0.7422347207662056,ade,ml
2014,6.397688234702547,ade,ml
2015,0.1761219010564666,ade,ml
2016,0.8402634714688646,ade,ml
2017,0.36405512322778527,ade,ml
2018,0.7459491966946032,ade,ml
2019,6.58832252678534,ade,ml
2020,0.17921861650654658,ade,ml
2021,1.5316628039193263,ade,ml
2022,0.748991123956937,ade,ml
2023,1.203171159585816,ade,ml
2024,6.488054584734779,ade,ml
2025,0.17884001194396196,ade,ml
2026,1.9502655763632533,ade,ml
2027,0.14564570585449857,ade,ml
2028,0.43193033295824274,ade,ml
2029,5.187551398124046,ade,ml
2030,0.1790443504157905,ade,ml
2031,1.5421470467181102,ade,ml
2032,0.30161800319809173,ade,ml
2033,0.2103645281438522,ade,ml
2034,3.506433091073159,ade,ml
2035,0.1790443504157905,ade,ml
2036,0.9534346293075053,ade,ml
2037,0.7870484904167917,ade,ml
2038,0.48460535823200557,ade,ml
2039,1.8292616511743454,ade,ml
2040,0.17810503363803154,ade,ml
2041,0.9357839349792315,ade,ml
2042,0.34274486053718234,ade,ml
2043,0.3241882961401704,ade,ml
2044,2.4290606140315583,ade,ml
2045,0.17558187160604385,ade,ml
2046,1.0553006230975035,ade,ml
2047,1.0537555814264443,ade,ml
2048,1.0198800069068386,ade,ml
2049,0.8520961925560592,ade,ml
2050,0.17762498258462334,ade,ml
2051,0.45948153158386457,ade,ml
2052,0.3037882049053047,ade,ml
2053,0.2586608802264632,ade,ml
2054,0.7215113369512389,ade,ml
2055,0.1771254799555613,ade,ml
2056,0.9967224285957728,ade,ml
2057,0.21776475674128648,ade,ml
2058,0.18563837166111866,ade,ml
2059,1.1014397112024492,ade,ml
2060,0.17695366178258065,ade,ml
2061,1.8250933094652677,ade,ml
2062,2.449184614665665,ade,ml
2063,0.45346890430743986,ade,ml
2064,0.7005242734256637,ade,ml
2065,0.6059899639850276,ade,ml
2066,1.9848090409427277,ade,ml
2067,2.192013790046511,ade,ml
2068,2.465228633545779,ade,ml
2069,1.8793467489761053,ade,ml
2070,2.5398623302558403,ade,ml
2071,0.8621437291926863,ade,ml
2072,0.179330120417744,ade,ml
2073,0.8071490541277392,ade,ml
2074,3.4022229657195635,ade,ml
2075,0.1730372678167773,ade,ml
2076,0.3696918337494224,ade,ml
2077,0.1602989815507058,ade,ml
2078,2.398256533352803,ade,ml
2079,2.7827124596877666,ade,ml
2080,2.632294618170175,ade,ml
2081,4.242078138769898,ade,ml
2082,0.16296142641640607,ade,ml
2083,1.3593662536402178,ade,ml
2084,2.2065413522822155,ade,ml
2085,1.1187311822017516,ade,ml
2086,1.9434530470963958,ade,ml
2087,1.5235342920354527,ade,ml
2088,0.8340288730711052,ade,ml
2089,3.4269665688440534,ade,ml
2090,0.5643707033911474,ade,ml
2091,0.381863179533575,ade,ml
2092,0.562152054029152,ade,ml
2093,2.8857361585437005,ade,ml
2094,0.21395378606163662,ade,ml
2095,2.7217988394716683,ade,ml
2096,0.2315186159105063,ade,ml
2097,0.5844281094213039,ade,ml
2098,0.19161605377461202,ade,ml
2099,0.7408417734547547,ade,ml
2100,0.9534788840437001,ade,ml
2101,0.7571114331717506,ade,ml
2102,2.430876556672779,ade,ml
2103,0.18296304456867762,ade,ml
2104,1.5579583793013565,ade,ml
2105,1.9919046853959579,ade,ml
2106,1.3014942781113132,ade,ml
2107,2.1894667511579127,ade,ml
2108,1.844489994359708,ade,ml
2109,0.5546152137354716,ade,ml
2110,1.7433570228617767,ade,ml
2111,0.30649938555870226,ade,ml
2112,0.6037725334232097,ade,ml
2113,0.6106555083116862,ade,ml
2114,2.9404964783751386,ade,ml
2115,0.21574568962862908,ade,ml
2116,2.667638086322659,ade,ml
2117,0.2075263008187257,ade,ml
2118,0.7069753772174897,ade,ml
2119,0.19114489494576323,ade,ml
2120,0.3358984764277262,ade,ml
2121,0.46101694955791256,ade,ml
2122,0.2265082651170757,ade,ml
2123,1.9722165833865155,ade,ml
2124,0.16236980999892908,ade,ml
2125,1.2085840780615975,ade,ml
2126,1.4697832701222175,ade,ml
2127,1.9194776577717196,ade,ml
2128,3.0003728055282775,ade,ml
2129,2.7092226900820644,ade,ml
2130,1.1082546746486273,ade,ml
2131,1.4492978812965813,ade,ml
2132,0.7984783833313736,ade,ml
2133,1.4286856128798808,ade,ml
2134,1.2122727666287996,ade,ml
2135,3.476757756614869,ade,ml
2136,0.20939396888933695,ade,ml
2137,1.8958600514708424,ade,ml
2138,0.18187558076671592,ade,ml
2139,0.8783303312691677,ade,ml
2140,0.18549003887313784,ade,ml
2141,0.5490754077316536,ade,ml
2142,0.46630129554929783,ade,ml
2143,0.7302224012267581,ade,ml
2144,1.2125007256159488,ade,ml
2145,0.14254721805067502,ade,ml
2146,0.6870080766362173,ade,ml
2147,2.797798521396802,ade,ml
2148,1.6798381092738621,ade,ml
2149,2.8561276754756904,ade,ml
2150,2.4642958782785658,ade,ml
2151,0.3713032968590942,ade,ml
2152,1.3965958130732063,ade,ml
2153,1.0989893182825543,ade,ml
2154,1.2650897172558038,ade,ml
2155,3.1694418002421063,ade,ml
2156,0.21576249535870914,ade,ml
2157,1.8635668340275713,ade,ml
2158,0.18052690589262874,ade,ml
2159,1.197942380492644,ade,ml
2160,0.1781972382209641,ade,ml
2161,0.22371732531664534,ade,ml
2162,0.2553855520388424,ade,ml
2163,0.39628530786520294,ade,ml
2164,1.788134481282615,ade,ml
2165,0.15624030036380412,ade,ml
2166,0.9366536844648093,ade,ml
2167,1.2680221815827302,ade,ml
2168,0.683508339327092,ade,ml
2169,1.3380256505419699,ade,ml
2170,1.8791553229894469,ade,ml
2171,0.24030609130653136,ade,ml
2172,1.3617097110774772,ade,ml
2173,0.9598222832975876,ade,ml
2174,0.5053167062277744,ade,ml
2175,2.0647202163507514,ade,ml
2176,0.22893069146103703,ade,ml
2177,0.9647001548548798,ade,ml
2178,0.18566852857076896,ade,ml
2179,1.153209481285485,ade,ml
2180,0.17910713777140533,ade,ml
2181,0.28954419046489965,ade,ml
2182,0.21714830315800296,ade,ml
2183,0.40623010363616635,ade,ml
2184,2.248686403683527,ade,ml
2185,0.2318786029080576,ade,ml
2186,0.9583302010615506,ade,ml
2187,3.002928846975523,ade,ml
2188,0.7674768767562563,ade,ml
2189,1.8890127849305598,ade,ml
2190,0.7978796633862979,ade,ml
2191,1.7028031947105902,ade,ml
2192,1.6690130645538812,ade,ml
2193,0.7344600669150156,ade,ml
2194,1.0407680743924115,ade,ml
2195,0.425905216448272,ade,ml
2196,0.3090276277273762,ade,ml
2197,0.23358357079191325,ade,ml
2198,1.4415180566390557,ade,ml
2199,0.22785861777049843,ade,ml
2200,1.406989061191145,ade,ml
2201,0.1751937810267068,ade,ml
2202,0.7213237588514052,ade,ml
2203,0.4413414456004267,ade,ml
2204,0.965091494136887,ade,ml
2205,2.7565194714040593,ade,ml
2206,0.2797769545786994,ade,ml
2207,1.1023784364885836,ade,ml
2208,2.106160623883293,ade,ml
2209,0.4702096641249203,ade,ml
2210,0.8718108841142537,ade,ml
2211,1.1495125939610829,ade,ml
2212,1.9043014823345736,ade,ml
2213,1.0264261598768138,ade,ml
2214,0.12337386010923128,ade,ml
2215,1.5116710022402495,ade,ml
2216,0.733635753054993,ade,ml
2217,0.5902277622818124,ade,ml
2218,0.23196688308865063,ade,ml
2219,1.5016434267569645,ade,ml
2220,0.3454519285130491,ade,ml
2221,1.019552778963558,ade,ml
2222,0.18036951034993678,ade,ml
2223,0.42975588166038703,ade,ml
2224,0.3151624459733909,ade,ml
2225,0.37487330367227645,ade,ml
2226,2.1752993455296843,ade,ml
2227,0.25929465622417164,ade,ml
2228,0.9324905084718242,ade,ml
2229,0.9480102630655712,ade,ml
2230,0.1050524079606574,ade,ml
2231,0.4812685805138197,ade,ml
2232,1.3680027200704628,ade,ml
2233,1.9262301277427891,ade,ml
2234,1.0696057891371191,ade,ml
2235,0.629804313366621,ade,ml
2236,2.018083481254129,ade,ml
2237,0.9548797967472474,ade,ml
2238,0.9017040766826946,ade,ml
2239,0.21519059028766188,ade,ml
2240,1.3110377994066418,ade,ml
2241,0.5316953638500299,ade,ml
2242,0.2675762848705718,ade,ml
2243,0.18323847751251277,ade,ml
2244,0.4299458698925877,ade,ml
2245,0.7768757173789136,ade,ml
2246,0.13980038036645248,ade,ml
2247,1.7101618534784333,ade,ml
2248,0.20617012054167275,ade,ml
2249,0.7556587852736986,ade,ml
2250,0.919922121640289,ade,ml
2251,0.12373857076430957,ade,ml
2252,0.8203579934502169,ade,ml
2253,1.5281261535616848,ade,ml
2254,2.600510734933978,ade,ml
2255,1.4422460224824063,ade,ml
2256,0.6108636135768539,ade,ml
2257,1.9030410280771417,ade,ml
2258,1.0515771081375969,ade,ml
2259,1.1773527024213297,ade,ml
2260,0.22672878750002431,ade,ml
2261,2.550222892254315,ade,ml
2262,0.8017550417935405,ade,ml
2263,0.11840629601731922,ade,ml
2264,0.17956617017630427,ade,ml
2265,0.5146600837897349,ade,ml
2266,1.2701409568398858,ade,ml
2267,0.20450624758774258,ade,ml
2268,1.7391402654868322,ade,ml
2269,0.19572515037050517,ade,ml
2270,0.6272439933007349,ade,ml
2271,1.6779413496101654,ade,ml
2272,0.5955205724689586,ade,ml
2273,0.14881206656953572,ade,ml
2274,1.243333927391076,ade,ml
2275,1.2681842210664624,ade,ml
2276,1.382015118376594,ade,ml
2277,0.5074173738937244,ade,ml
2278,1.0381331774081317,ade,ml
2279,0.8202449818167944,ade,ml
2280,0.6731366105962063,ade,ml
2281,0.22963501978293466,ade,ml
2282,0.45657014740856655,ade,ml
2283,0.9849648932481364,ade,ml
2284,0.24397197435808837,ade,ml
2285,0.17605593066879086,ade,ml
2286,0.4538531242052088,ade,ml
2287,0.577990752539761,ade,ml
2288,0.2162696306096282,ade,ml
2289,2.087504516784564,ade,ml
2290,0.18559265089492397,ade,ml
2291,0.7306360364346762,ade,ml
2292,1.1795945574195164,ade,ml
2293,0.3621944346605301,ade,ml
2294,0.26560801905418996,ade,ml
2295,1.6780972810890364,ade,ml
2296,2.3947698840694067,ade,ml
2297,1.85077033597113,ade,ml
2298,1.167901400953516,ade,ml
2299,1.778993082585554,ade,ml
2300,1.1688902913795267,ade,ml
2301,1.0824591992708719,ade,ml
2302,0.1691043916601175,ade,ml
2303,1.1520589503059415,ade,ml
2304,1.3324713225598834,ade,ml
2305,0.17728310110528855,ade,ml
2306,0.17642439071699523,ade,ml
2307,0.7757558724766142,ade,ml
2308,1.3283533104718828,ade,ml
2309,0.3926920514598944,ade,ml
2310,1.6305955235920535,ade,ml
2311,0.16650225906534963,ade,ml
2312,0.6480801073012787,ade,ml
2313,1.7753877712008446,ade,ml
2314,0.5138099189343944,ade,ml
2315,0.5781374339533115,ade,ml
2316,1.298509932392408,ade,ml
2317,1.8730385345762002,ade,ml
2318,0.9613334167064509,ade,ml
2319,0.25468651075898974,ade,ml
2320,1.577170282022001,ade,ml
2321,0.545502478780105,ade,ml
2322,0.46529867719226164,ade,ml
2323,0.17661412597316262,ade,ml
2324,0.4985175883084174,ade,ml
2325,1.1676092182689275,ade,ml
2326,0.133346598211762,ade,ml
2327,0.17388067158879603,ade,ml
2328,0.3539331578766112,ade,ml
2329,0.2578739373711787,ade,ml
2330,0.18141826534390648,ade,ml
2331,1.9289903684993661,ade,ml
2332,0.15406261186901526,ade,ml
2333,0.9289249770725291,ade,ml
2334,1.338709821686168,ade,ml
2335,0.3645961524793853,ade,ml
2336,0.7335050104109492,ade,ml
2337,1.5248981459291702,ade,ml
2338,1.9154412160897778,ade,ml
2339,0.4610997450290583,ade,ml
2340,0.5402469223506746,ade,ml
2341,1.46531128668806,ade,ml
2342,0.2794241445458698,ade,ml
2343,0.1379650438422254,ade,ml
2344,0.18457440421708937,ade,ml
2345,0.2530754166634047,ade,ml
2346,0.7331468186968184,ade,ml
2347,0.24320693247738376,ade,ml
2348,0.17387108383393635,ade,ml
2349,0.7808449330838739,ade,ml
2350,0.9161056339593029,ade,ml
2351,0.39994218898158773,ade,ml
2352,2.1430969389488665,ade,ml
2353,0.1481177630722715,ade,ml
2354,1.1350593873235284,ade,ml
2355,1.2892577112895693,ade,ml
2356,0.37759218141806455,ade,ml
2357,1.0214739923510034,ade,ml
2358,2.0604596706702805,ade,ml
2359,2.849699237951407,ade,ml
2360,0.946583471910546,ade,ml
2361,0.630574603146007,ade,ml
2362,2.1311176717201863,ade,ml
2363,0.1434413886373922,ade,ml
2364,0.2144176013865898,ade,ml
2365,0.1913320529479029,ade,ml
2366,0.6232482629137691,ade,ml
2367,0.8255492710021244,ade,ml
2368,0.20838836352618462,ade,ml
2369,0.17461181813311363,ade,ml
2370,1.128180715977291,ade,ml
2371,0.6645626378343771,ade,ml
2372,0.5096350007526429,ade,ml
2373,2.242897477366561,ade,ml
2374,0.1806769783583415,ade,ml
2375,1.2723383147205836,ade,ml
2376,1.4309514396020455,ade,ml
2377,1.4421665503398617,ade,ml
2378,0.5785736307241743,ade,ml
2379,1.3680229342454393,ade,ml
2380,0.31234040944043606,ade,ml
2381,1.7603403047702064,ade,ml
2382,0.8345440106008516,ade,ml
2383,0.7662594200292162,ade,ml
2384,0.9569994434790398,ade,ml
2385,1.0390391593690704,ade,ml
2386,0.24165927881790125,ade,ml
2387,0.2133282358895837,ade,ml
2388,0.6915935310280661,ade,ml
2389,0.18220999922543016,ade,ml
2390,0.1729901883691061,ade,ml
2391,0.3562481609855834,ade,ml
2392,0.2330304690414425,ade,ml
2393,0.5250778785891935,ade,ml
2394,2.4048652208576615,ade,ml
2395,0.15781155470859326,ade,ml
2396,0.687104465678246,ade,ml
2397,1.7277881015249836,ade,ml
2398,0.5016850550578303,ade,ml
2399,0.7334920350075672,ade,ml
2400,2.224261528937105,ade,ml
2401,1.5311673483157646,ade,ml
2402,2.020840745822516,ade,ml
2403,0.9743350107119354,ade,ml
2404,0.9089495617513638,ade,ml
2405,1.2050249891892528,ade,ml
2406,1.6021454858563986,ade,ml
2407,0.24590925471457173,ade,ml
2408,0.1699947333118378,ade,ml
2409,0.42971633155499545,ade,ml
2410,0.15641060722671818,ade,ml
2411,0.17678353967187696,ade,ml
2412,0.5001043903942514,ade,ml
2413,0.2662530001427795,ade,ml
2414,0.712581899657413,ade,ml
2415,2.3853670368347344,ade,ml
2416,0.17435778322394954,ade,ml
2417,0.6910520686015283,ade,ml
2418,2.2562641117136244,ade,ml
2419,0.2747444287118455,ade,ml
2420,0.5688088539780111,ade,ml
2421,0.31000675891857227,ade,ml
2422,0.4244185523135158,ade,ml
2423,1.8588372546448346,ade,ml
2424,0.6622916390064825,ade,ml
2425,0.717765855943666,ade,ml
2426,1.2155513999052134,ade,ml
2427,1.321575833650086,ade,ml
2428,0.2391357642106721,ade,ml
2429,0.14830058139661143,ade,ml
2430,0.3725605004110299,ade,ml
2431,0.16812720267806147,ade,ml
2432,0.1734082359365873,ade,ml
2433,0.22452829716831046,ade,ml
2434,0.24094552168523176,ade,ml
2435,0.2721669176404566,ade,ml
2436,3.6024396317568925,ade,ml
2437,0.2035167798213938,ade,ml
2438,0.6843320352917225,ade,ml
2439,2.1373364431593473,ade,ml
2440,0.46742024093685464,ade,ml
2441,0.8883690117454753,ade,ml
2442,0.32518756850073305,ade,ml
2443,0.18584991610767454,ade,ml
2444,1.7578948624597206,ade,ml
2445,0.7287483215543143,ade,ml
2446,0.6076910897809676,ade,ml
2447,1.5874666500158943,ade,ml
2448,1.3545620993193042,ade,ml
2449,0.22802441477121385,ade,ml
2450,0.14859874968031897,ade,ml
2451,0.2538691275023828,ade,ml
2452,0.2012588149991327,ade,ml
2453,0.17495406501850283,ade,ml
2454,0.3565803698453625,ade,ml
2455,0.9303856012749789,ade,ml
2456,0.256223936198912,ade,ml
2457,2.317846489411826,ade,ml
2458,0.25395754189640457,ade,ml
2459,0.6405790823001988,ade,ml
2460,2.5313048076333327,ade,ml
2461,0.40751081304215536,ade,ml
2462,0.688800355780795,ade,ml
2463,0.5188418640324083,ade,ml
2464,0.17304336103863147,ade,ml
2465,1.8536264574770211,ade,ml
2466,0.7219904641045204,ade,ml
2467,0.7473846397763229,ade,ml
2468,1.5963936461004558,ade,ml
2469,1.3111436665202267,ade,ml
2470,0.1586937154202531,ade,ml
2471,0.15779507251094657,ade,ml
2472,0.22535742122391023,ade,ml
2473,0.21289899304845136,ade,ml
2474,0.17524295389608932,ade,ml
2475,0.19233099709474466,ade,ml
2476,0.5661108155965099,ade,ml
2477,0.1254312798098092,ade,ml
2478,1.6972613182250178,ade,ml
2479,0.30825909255419326,ade,ml
2480,0.7453243419946384,ade,ml
2481,2.860392823434912,ade,ml
2482,0.5805624070287211,ade,ml
2483,0.7653628048178378,ade,ml
2484,0.18141036479954967,ade,ml
2485,0.18383757776383433,ade,ml
2486,0.8771301874351862,ade,ml
2487,0.8472830895036917,ade,ml
2488,0.7160715977262382,ade,ml
2489,0.5408734835854695,ade,ml
2490,0.617440631171579,ade,ml
2491,0.14603933113372214,ade,ml
2492,0.17814013682512464,ade,ml
2493,0.16773026980477126,ade,ml
2494,0.17827321064056253,ade,ml
2495,0.16970714107041387,ade,ml
2496,0.32763199499560164,ade,ml
2497,0.42176437637379705,ade,ml
2498,0.20956181625511874,ade,ml
2499,2.7537799963626544,ade,ml
2500,0.20655159392280545,ade,ml
2501,0.7829617114316508,ade,ml
2502,1.9043067353890368,ade,ml
2503,1.6792577794100925,ade,ml
2504,0.8665386529286131,ade,ml
2505,0.1814369848871816,ade,ml
2506,0.19907719769716814,ade,ml
2507,0.4865849188498821,ade,ml
2508,0.9557160564591127,ade,ml
2509,0.9505662593700931,ade,ml
2510,0.5464728923468266,ade,ml
2511,0.6040918094280868,ade,ml
2512,0.15713572998241146,ade,ml
2513,0.17770080707212968,ade,ml
2514,0.2199510240855617,ade,ml
2515,0.17715966054328094,ade,ml
2516,0.17257371071182145,ade,ml
2517,0.3598196194200494,ade,ml
2518,0.5910297603743484,ade,ml
2519,0.3422090430258001,ade,ml
2520,2.892809876089594,ade,ml
2521,0.20113128804968836,ade,ml
2522,0.765966658177685,ade,ml
2523,2.4536108555280096,ade,ml
2524,1.1024198752448329,ade,ml
2525,0.23253698513811868,ade,ml
2526,0.20164050889695784,ade,ml
2527,0.19238805566898307,ade,ml
2528,1.3672422891026157,ade,ml
2529,1.2792474328470247,ade,ml
2530,0.5366895585615524,ade,ml
2531,1.176658977602833,ade,ml
2532,0.7441832019419067,ade,ml
2533,0.22973614070486312,ade,ml
2534,0.1785863379257319,ade,ml
2535,0.18303956809886066,ade,ml
2536,0.17024841297695495,ade,ml
2537,0.170596959814899,ade,ml
2538,0.835216952975923,ade,ml
2539,0.29389320062303537,ade,ml
2540,0.49029641815920666,ade,ml
2541,2.0956929596923426,ade,ml
2542,0.1991376651492507,ade,ml
2543,0.6365565054633794,ade,ml
2544,3.4569571496066493,ade,ml
2545,0.49974347828006493,ade,ml
2546,0.43923188180253864,ade,ml
2547,0.23886716271362388,ade,ml
2548,0.180284817513049,ade,ml
2549,1.7792052019941937,ade,ml
2550,1.3168027099709023,ade,ml
2551,0.7071605629581469,ade,ml
2552,1.4919962288411497,ade,ml
2553,0.7026044605693494,ade,ml
2554,0.27732822783355043,ade,ml
2555,0.1823989796613498,ade,ml
2556,0.2354812528855357,ade,ml
2557,0.16272463826735092,ade,ml
2558,0.17073190179660883,ade,ml
2559,0.7893381461981152,ade,ml
2560,0.41803081635062717,ade,ml
2561,0.6746221198209792,ade,ml
2562,1.8084887568876393,ade,ml
2563,0.19209446700400176,ade,ml
2564,0.6682697753719387,ade,ml
2565,3.8171965435726585,ade,ml
2566,1.335058664390929,ade,ml
2567,4.245861207114939,ade,ml
2568,0.7586309885800384,ade,ml
2569,0.2614739758842753,ade,ml
2570,0.17975207736401924,ade,ml
2571,2.07432017415178,ade,ml
2572,1.7607027516394187,ade,ml
2573,0.9335029098517834,ade,ml
2574,1.8428775382302458,ade,ml
2575,0.6318740617599751,ade,ml
2576,0.31101934631245925,ade,ml
2577,0.18218084567659323,ade,ml
2578,0.26192902572407306,ade,ml
2579,0.15763928103682734,ade,ml
2580,0.17658029750575333,ade,ml
2581,1.109917396299738,ade,ml
2582,0.7693643749487249,ade,ml
2583,1.0510095987681354,ade,ml
2584,1.6362628830656567,ade,ml
2585,0.18080565251405908,ade,ml
2586,0.9188734520729026,ade,ml
2587,5.313567328010417,ade,ml
2588,1.5443190130858235,ade,ml
2589,1.9625874598521573,ade,ml
2590,0.36888219528100086,ade,ml
2591,0.1797428664822631,ade,ml
2592,0.19426348688877218,ade,ml
2593,0.841603858693885,ade,ml
2594,1.0280605689326954,ade,ml
2595,0.4073915115278022,ade,ml
2596,0.15991727671141423,ade,ml
2597,0.2662987006608146,ade,ml
2598,0.15474635925847394,ade,ml
2599,0.1823629016809564,ade,ml
2600,0.2183975588126528,ade,ml
2601,0.14961963587474167,ade,ml
2602,0.17735368172357058,ade,ml
2603,0.5425804593647224,ade,ml
2604,1.1111779622449722,ade,ml
2605,1.0962896191612168,ade,ml
2606,3.593464971612517,ade,ml
2607,0.16496591226344495,ade,ml
2608,0.4191449386888668,ade,ml
2609,1.3568081446403724,ade,ml
2610,0.6906451464244201,ade,ml
2611,2.5449078701608148,ade,ml
2612,0.7368569360377446,ade,ml
2613,0.1837531564501598,ade,ml
2614,0.19424074182018844,ade,ml
2615,0.9776449260422523,ade,ml
2616,0.47228769774010876,ade,ml
2617,0.7445778389749051,ade,ml
2618,0.1820510600989047,ade,ml
2619,0.28518337630453644,ade,ml
2620,0.20089625876876005,ade,ml
2621,0.17882210018000202,ade,ml
2622,0.22247420712620022,ade,ml
2623,0.1462475442120922,ade,ml
2624,0.17853431514097196,ade,ml
2625,0.6021656760051108,ade,ml
2626,1.0201933929702662,ade,ml
2627,1.0064797605736053,ade,ml
2628,3.6507865844097744,ade,ml
2629,0.15033918421818454,ade,ml
2630,0.2805176430822395,ade,ml
2631,3.6779620632832284,ade,ml
2632,0.5256815799041243,ade,ml
2633,2.337462286102546,ade,ml
2634,0.5385715345768025,ade,ml
2635,0.1889641108038472,ade,ml
2636,0.19095235218515685,ade,ml
2637,1.4042379751888827,ade,ml
2638,1.4156532913312223,ade,ml
2639,0.47208180731533034,ade,ml
2640,0.693860989619164,ade,ml
2641,0.30505835340589754,ade,ml
2642,0.20961570246122266,ade,ml
2643,0.17431195540774122,ade,ml
2644,0.1655974563827136,ade,ml
2645,0.1592681366407244,ade,ml
2646,0.1821275515466637,ade,ml
2647,0.4491421250697179,ade,ml
2648,0.34305878373269544,ade,ml
2649,0.5467080820505031,ade,ml
2650,3.1985595125964656,ade,ml
2651,0.1576903455427293,ade,ml
2652,0.2307825612179192,ade,ml
2653,2.6713568761428026,ade,ml
2654,0.328590632608367,ade,ml
2655,1.625480813771823,ade,ml
2656,0.8490055148604512,ade,ml
2657,0.21531259041384965,ade,ml
2658,0.18209115040499782,ade,ml
2659,1.7401394132296033,ade,ml
2660,2.029750645389765,ade,ml
2661,0.15208848429526503,ade,ml
2662,1.147601141021238,ade,ml
2663,0.4623709462382944,ade,ml
2664,0.1784260660489919,ade,ml
2665,0.17406553621529133,ade,ml
2666,0.15025784608072473,ade,ml
2667,0.1789534739955858,ade,ml
2668,0.1858034354723689,ade,ml
2669,0.4417130426361389,ade,ml
2670,0.970128660304112,ade,ml
2671,0.25694151510450963,ade,ml
2672,2.75711719119418,ade,ml
2673,0.17405793396196192,ade,ml
2674,0.19796890851655438,ade,ml
2675,1.752427567680846,ade,ml
2676,0.9453539503787397,ade,ml
2677,1.3316107951959346,ade,ml
2678,2.8666936107336656,ade,ml
2679,0.20579497485978857,ade,ml
2680,2.0695505427665153,ade,ml
2681,0.15801636778636388,ade,ml
2682,3.7736340440476877,ade,ml
2683,0.17933128532216622,ade,ml
2684,0.1882716375851572,ade,ml
2685,2.6929859395672655,ade,ml
2686,1.463287776922473,ade,ml
2687,2.5440930202902727,ade,ml
2688,9.460574215222346,ade,ml
2689,1.4331952419441842,ade,ml
2690,0.8584973473139731,ade,ml
2691,3.8334300080237433,ade,ml
2692,1.4466051732588856,ade,ml
2693,3.603177080859197,ade,ml
2694,0.26228052188879625,ade,ml
2695,1.2911209620458788,ade,ml
2696,0.213953965610716,ade,ml
2697,1.8969158662366976,ade,ml
2698,0.21395480926381202,ade,ml
2699,0.22016373448445256,ade,ml
2700,1.349713716372175,ade,ml
2701,0.6791364265455444,ade,ml
2702,2.570387947855579,ade,ml
2703,6.976323189096462,ade,ml
2704,0.5964298103700991,ade,ml
2705,0.7748210431246608,ade,ml
2706,2.0450815189529297,ade,ml
2707,0.23816848855425765,ade,ml
2708,2.7842575848560203,ade,ml
2709,0.20466169327558803,ade,ml
2710,0.9954203428478948,ade,ml
2711,0.21574571204424794,ade,ml
2712,1.213515556510848,ade,ml
2713,0.2157466826026576,ade,ml
2714,0.22386612123208713,ade,ml
2715,1.1631840684081192,ade,ml
2716,1.2492665332255497,ade,ml
2717,0.7092127942598639,ade,ml
2718,5.995244813434652,ade,ml
2719,0.6633138824375783,ade,ml
2720,0.8059616737313343,ade,ml
2721,1.4167603306190433,ade,ml
2722,0.32751483659613134,ade,ml
2723,1.3117671557595292,ade,ml
2724,0.13968644806580274,ade,ml
2725,0.34640602976897866,ade,ml
2726,0.2093942565782553,ade,ml
2727,0.18677577887092692,ade,ml
2728,0.2093951189691092,ade,ml
2729,0.21654531964504833,ade,ml
2730,1.941861778356919,ade,ml
2731,2.157927769448595,ade,ml
2732,1.0122010881019439,ade,ml
2733,6.610731698560728,ade,ml
2734,0.784006176727396,ade,ml
2735,0.8148849826139383,ade,ml
2736,1.3403456037387371,ade,ml
2737,0.2202690139447928,ade,ml
2738,0.6188834948818589,ade,ml
2739,2.242777548442788,ade,ml
2740,2.799210987121023,ade,ml
2741,0.22587152927611495,ade,ml
2742,0.6096943714831246,ade,ml
2743,0.20394557142479744,ade,ml
2744,0.8221723533206012,ade,ml
2745,0.20394638625004657,ade,ml
2746,0.205713244257002,ade,ml
2747,2.5595235618781587,ade,ml
2748,1.5429811553677981,ade,ml
2749,0.3273471183313439,ade,ml
2750,5.871065558072864,ade,ml
2751,0.671015818426724,ade,ml
2752,1.0183880214814964,ade,ml
2753,1.6068675731691835,ade,ml
2754,0.4083180238617623,ade,ml
2755,0.442863788115529,ade,ml
2756,1.3723856589602823,ade,ml
2757,0.4612564982218859,ade,ml
2758,0.34196174445378386,ade,ml
2759,0.201597116428874,ade,ml
2760,0.848656731223699,ade,ml
2761,0.20159791699088955,ade,ml
2762,0.18931998002795378,ade,ml
2763,1.049035461342079,ade,ml
2764,2.283206008400232,ade,ml
2765,1.5151832538282255,ade,ml
2766,5.415767884795241,ade,ml
2767,0.5557305393147306,ade,ml
2768,0.6266710659993588,ade,ml
2769,1.2682915594323247,ade,ml
2770,0.4305921552924043,ade,ml
2771,0.3772275551600785,ade,ml
2772,0.8649692990119761,ade,ml
2773,0.8254894679765213,ade,ml
2774,0.6148905869237119,ade,ml
2775,0.20188634595546376,ade,ml
2776,0.805106076476587,ade,ml
2777,0.20188706893391992,ade,ml
2778,0.17856518661248158,ade,ml
2779,0.7735739349928732,ade,ml
2780,1.8471257822503169,ade,ml
2781,0.6374724786087594,ade,ml
2782,4.834480691289752,ade,ml
2783,0.4508600157304567,ade,ml
2784,0.7640620886718604,ade,ml
2785,1.4432575639269425,ade,ml
2786,0.7311409250530946,ade,ml
2787,0.4951600863772961,ade,ml
2788,0.4388989367261362,ade,ml
2789,1.3661671423982664,ade,ml
2790,0.9374860304621158,ade,ml
2791,0.20358161352650184,ade,ml
2792,0.8629788932438044,ade,ml
2793,0.2035825739997522,ade,ml
2794,0.18422182034597737,ade,ml
2795,0.5750809104192661,ade,ml
2796,0.8228123188855547,ade,ml
2797,0.4010939382529544,ade,ml
2798,4.519933316514515,ade,ml
2799,0.3936984148987361,ade,ml
2800,0.781752863131306,ade,ml
2801,1.4515432009168834,ade,ml
2802,0.6310047745000215,ade,ml
2803,0.6012365112563315,ade,ml
2804,0.563257745584702,ade,ml
2805,2.114903625859744,ade,ml
2806,1.6858841195757535,ade,ml
2807,0.20358161352650184,ade,ml
2808,0.5943383309239055,ade,ml
2809,0.2035825739997522,ade,ml
2810,0.19575763309487035,ade,ml
2811,0.9285061556606719,ade,ml
2812,0.4178682430571257,ade,ml
2813,0.41600908588422997,ade,ml
2814,4.835597778882407,ade,ml
2815,0.14273321605329983,ade,ml
2816,0.8239918713734365,ade,ml
2817,1.9791593221896389,ade,ml
2818,0.8258141085599694,ade,ml
2819,0.5077129356076135,ade,ml
2820,0.8940364518947597,ade,ml
2821,3.2069605486830146,ade,ml
2822,1.5806430003911724,ade,ml
2823,0.20358161352650184,ade,ml
2824,0.7756394971415005,ade,ml
2825,0.2035825739997522,ade,ml
2826,0.17214484062898325,ade,ml
2827,0.930720222740311,ade,ml
2828,0.43983160989194986,ade,ml
2829,0.8477573933700547,ade,ml
2830,4.502872131097322,ade,ml
2831,0.29500254472863535,ade,ml
2832,0.9310228595251554,ade,ml
2833,1.9435025410513438,ade,ml
2834,0.5791240004301381,ade,ml
2835,0.7686759839255716,ade,ml
2836,1.4245691550658204,ade,ml
2837,2.617488921565442,ade,ml
2838,0.7709231849350436,ade,ml
2839,0.20358161352650184,ade,ml
2840,0.6419326886677571,ade,ml
2841,0.2035825739997522,ade,ml
2842,0.17412701861108434,ade,ml
2843,0.6956433009592371,ade,ml
2844,2.266465597907111,ade,ml
2845,1.6919134424380682,ade,ml
2846,3.980102035547215,ade,ml
2847,0.5245086452376283,ade,ml
2848,0.6533550634079018,ade,ml
2849,1.658161239362676,ade,ml
2850,0.6055404226282214,ade,ml
2851,1.3028358865744105,ade,ml
2852,1.381967581609101,ade,ml
2853,3.6356535002710184,ade,ml
2854,0.6171934943831511,ade,ml
2855,0.20358161352650184,ade,ml
2856,0.49210253236374407,ade,ml
2857,0.2035825739997522,ade,ml
2858,0.1856593046818015,ade,ml
2859,0.8596114861999941,ade,ml
2860,2.3504476940612737,ade,ml
2861,1.4796764556992923,ade,ml
2862,3.6536917592520894,ade,ml
2863,0.6771098105888268,ade,ml
2864,0.7429764892580074,ade,ml
2865,1.652611391320919,ade,ml
2866,0.3807931449624366,ade,ml
2867,2.0534813482043757,ade,ml
2868,0.8678743398711877,ade,ml
2869,3.3136592539950804,ade,ml
2870,1.2042441061823397,ade,ml
2871,0.20358161352650184,ade,ml
2872,0.7838039208779194,ade,ml
2873,0.2035825739997522,ade,ml
2874,0.22101282587826096,ade,ml
2875,0.5601437051311914,ade,ml
2876,1.7724721155293695,ade,ml
2877,0.9189189958624174,ade,ml
2878,3.8766162470921777,ade,ml
2879,0.4245333391722835,ade,ml
2880,0.7498496928340982,ade,ml
2881,1.9287419968964084,ade,ml
2882,0.16483772220715553,ade,ml
2883,1.5578801676275609,ade,ml
2884,0.5884049339675321,ade,ml
2885,2.141938150579807,ade,ml
2886,1.5519667078806194,ade,ml
2887,0.20358161352650184,ade,ml
2888,1.2322305397476458,ade,ml
2889,0.2035825739997522,ade,ml
2890,0.3481567640011112,ade,ml
2891,0.7462465839098344,ade,ml
2892,1.6419204969040129,ade,ml
2893,0.899310938470799,ade,ml
2894,5.075820079400548,ade,ml
2895,0.6059120737434324,ade,ml
2896,0.7253745644179187,ade,ml
2897,1.8667057244749603,ade,ml
2898,0.49878065835043256,ade,ml
2899,1.1319941646620075,ade,ml
2900,1.2244578480529016,ade,ml
2901,3.580242061512426,ade,ml
2902,1.7149405771463384,ade,ml
2903,0.20358161352650184,ade,ml
2904,1.541850543819803,ade,ml
2905,0.21632979168337915,ade,ml
2906,0.5985516833736172,ade,ml
2907,1.1480286262109913,ade,ml
2908,1.3778638262034064,ade,ml
2909,0.925981966858107,ade,ml
2910,4.997069913801777,ade,ml
2911,0.5627609893599702,ade,ml
2912,0.7803761376613046,ade,ml
2913,2.1210941101833876,ade,ml
2914,0.3364294047936514,ade,ml
2915,1.458460949434938,ade,ml
2916,0.5838131612370075,ade,ml
2917,0.6562631649697597,ade,ml
2918,1.2307118310063914,ade,ml
2919,0.20358161352650184,ade,ml
2920,0.7728044526640886,ade,ml
2921,0.17397363313992117,ade,ml
2922,0.5583407578085662,ade,ml
2923,0.7061406110404533,ade,ml
2924,1.8921654747406285,ade,ml
2925,1.646882608822259,ade,ml
2926,3.719243095903441,ade,ml
2927,1.3066617827996438,ade,ml
2928,0.8028621989521213,ade,ml
2929,1.7493159103294442,ade,ml
2930,0.735704145949811,ade,ml
2931,1.5583102524202728,ade,ml
2932,3.086765992987118,ade,ml
2933,0.34180764113809947,ade,ml
2934,1.3118302119184113,ade,ml
2935,1.267115724149506,ade,ml
2936,0.20358161352650184,ade,ml
2937,0.4666755878521018,ade,ml
2938,0.17954588643172187,ade,ml
2939,0.8128227453150028,ade,ml
2940,0.8827308894425346,ade,ml
2941,1.6957558192935256,ade,ml
2942,1.3082901295452165,ade,ml
2943,4.072130607515123,ade,ml
2944,1.1401191201915941,ade,ml
2945,0.8598714957042312,ade,ml
2946,1.9606933763571002,ade,ml
2947,0.6259838400079599,ade,ml
2948,2.3185407715715134,ade,ml
2949,1.9472142064950158,ade,ml
2950,0.7572924597072594,ade,ml
2951,0.595311465029169,ade,ml
2952,0.6017046374562997,ade,ml
2953,0.20358161352650184,ade,ml
2954,0.42184867723110314,ade,ml
2955,0.17962947848818647,ade,ml
2956,0.8060136729528159,ade,ml
2957,1.0604691016983345,ade,ml
2958,1.9596837234489568,ade,ml
2959,1.4074028744816882,ade,ml
2960,3.8524196676865015,ade,ml
2961,1.2561301360163328,ade,ml
2962,0.7684407769109606,ade,ml
2963,1.8200787602629223,ade,ml
2964,0.49226126686001015,ade,ml
2965,2.0466823197026813,ade,ml
2966,1.1406325500703185,ade,ml
2967,1.2875678352415423,ade,ml
2968,0.28378666375669703,ade,ml
2969,0.7044393791889906,ade,ml
2970,0.21639478032085155,ade,ml
2971,0.5040615831841212,ade,ml
2972,0.17951945212583387,ade,ml
2973,0.5324910622534026,ade,ml
2974,1.3037056656719836,ade,ml
2975,2.0970145201191146,ade,ml
2976,1.367942539105851,ade,ml
2977,3.7342804781558026,ade,ml
2978,1.2903257939892425,ade,ml
2979,0.7452045288711385,ade,ml
2980,1.8033678210386788,ade,ml
2981,0.6038805700021,ade,ml
2982,1.1318364376573868,ade,ml
2983,0.6900828859953091,ade,ml
2984,1.6384782150836088,ade,ml
2985,0.559211243955093,ade,ml
2986,0.8329724788377232,ade,ml
2987,0.1728582370132281,ade,ml
2988,0.61182005303017,ade,ml
2989,0.1795939353793531,ade,ml
2990,0.5364486441090714,ade,ml
2991,1.8337840645282701,ade,ml
2992,2.3050601641963753,ade,ml
2993,1.2634089465337675,ade,ml
2994,3.802151953737244,ade,ml
2995,1.3595756970595627,ade,ml
2996,0.8029555010130925,ade,ml
2997,0.5619491327634644,ade,ml
2998,1.0634638137818475,ade,ml
2999,0.705986008453764,ade,ml
3000,0.7697249019796176,ade,ml
3001,0.6216364469456458,ade,ml
3002,1.1061013778067845,ade,ml
3003,0.17948248962598945,ade,ml
3004,1.2854014190022498,ade,ml
3005,0.17975265693907846,ade,ml
3006,0.5622322554738112,ade,ml
3007,1.306937224209675,ade,ml
3008,0.33926933562775125,ade,ml
3009,0.6953064113220839,ade,ml
3010,5.0044869569670665,ade,ml
3011,0.26588390466861395,ade,ml
3012,0.8846669923540341,ade,ml
3013,1.5756287444927926,ade,ml
3014,0.4617647162122078,ade,ml
3015,1.3627571533569032,ade,ml
3016,1.1342381034333242,ade,ml
3017,1.1645846865510026,ade,ml
3018,1.2033067269007869,ade,ml
3019,0.17967618962088974,ade,ml
3020,1.9208738343009328,ade,ml
3021,0.1791028473035816,ade,ml
3022,0.5533559077817541,ade,ml
3023,1.3493616646870843,ade,ml
3024,1.0570519793281477,ade,ml
3025,0.46047055836697476,ade,ml
3026,5.198542987077729,ade,ml
3027,0.601798636904205,ade,ml
3028,0.9899438612713317,ade,ml
3029,1.8169001104877534,ade,ml
3030,0.6242607985426097,ade,ml
3031,2.002761589433353,ade,ml
3032,1.2449766327824454,ade,ml
3033,0.46159562584166935,ade,ml
3034,0.4775629207760017,ade,ml
3035,0.2314278502559992,ade,ml
3036,1.7119744736195859,ade,ml
3037,0.17917736192838485,ade,ml
3038,0.3417197466854071,ade,ml
3039,0.44839430682781173,ade,ml
3040,1.6016703929660145,ade,ml
3041,0.5575233601889015,ade,ml
3042,4.89024076496154,ade,ml
3043,0.11957588632679889,ade,ml
3044,0.9185342150858647,ade,ml
3045,1.0513697075511315,ade,ml
3046,0.3929849207647598,ade,ml
3047,1.8530709928493898,ade,ml
3048,1.4526915601837809,ade,ml
3049,0.10546619352972397,ade,ml
3050,0.6707751463251183,ade,ml
3051,0.2172027623192533,ade,ml
3052,1.442317206885378,ade,ml
3053,0.17898691024061816,ade,ml
3054,0.04706582663356542,ade,ml
3055,0.6438470443636855,ade,ml
3056,1.8056950158649474,ade,ml
3057,0.8504559091769085,ade,ml
3058,4.61801901778315,ade,ml
3059,0.2654302146558541,ade,ml
3060,0.883824567285879,ade,ml
3061,0.28962477234407447,ade,ml
3062,1.0737486058640424,ade,ml
3063,1.4615218322964239,ade,ml
3064,1.735219655654136,ade,ml
3065,0.27081224488198,ade,ml
3066,0.6503342433435629,ade,ml
3067,0.212228248162326,ade,ml
3068,1.3815670918496543,ade,ml
3069,0.1788092648650745,ade,ml
3070,0.0797250690612018,ade,ml
3071,0.7904320100608425,ade,ml
3072,1.930132281328686,ade,ml
3073,0.7520260456279169,ade,ml
3074,4.572400466616557,ade,ml
3075,0.3434519029561523,ade,ml
3076,0.8989520521559967,ade,ml
3077,0.4025805569544476,ade,ml
3078,0.7457705340574429,ade,ml
3079,1.3067789722311476,ade,ml
3080,1.683311189067781,ade,ml
3081,0.254863991174673,ade,ml
3082,0.6591267312525046,ade,ml
3083,0.22495415564412324,ade,ml
3084,1.2001789186094773,ade,ml
3085,0.17823901866567848,ade,ml
3086,0.39503901135665803,ade,ml
3087,0.5341454221392335,ade,ml
3088,1.7518567248426127,ade,ml
3089,0.9126744089827793,ade,ml
3090,4.633528993523551,ade,ml
3091,0.4153303198824887,ade,ml
3092,0.7083836116477826,ade,ml
3093,0.26884985034522724,ade,ml
3094,1.0502844089803915,ade,ml
3095,1.3706721799351005,ade,ml
3096,2.02757814566054,ade,ml
3097,0.41924774081452004,ade,ml
3098,0.4432274530819391,ade,ml
3099,0.2347758154094207,ade,ml
3100,0.8464657312295336,ade,ml
3101,0.17849004867931764,ade,ml
3102,0.49738440312681775,ade,ml
3103,0.8138229643076419,ade,ml
3104,1.9440284849369578,ade,ml
3105,0.9779865775451292,ade,ml
3106,4.167659019610737,ade,ml
3107,0.624121909978769,ade,ml
3108,0.9742527875213008,ade,ml
3109,0.27567964299573017,ade,ml
3110,0.9891086455052293,ade,ml
3111,1.1636728854705556,ade,ml
3112,1.9008957279264915,ade,ml
3113,0.4359741216896828,ade,ml
3114,0.6984990191053501,ade,ml
3115,0.23533349316572041,ade,ml
3116,0.6128452144504439,ade,ml
3117,0.1778782929662436,ade,ml
3118,0.23838311773852425,ade,ml
3119,0.5704046695591546,ade,ml
3120,1.1126536657006687,ade,ml
3121,0.9394547052318692,ade,ml
3122,4.112599791834957,ade,ml
3123,0.46711406015887086,ade,ml
3124,0.786433708591356,ade,ml
3125,0.4785147700467598,ade,ml
3126,1.0679461935545607,ade,ml
3127,1.0699961573268257,ade,ml
3128,1.8620917322860244,ade,ml
3129,0.5651448979004959,ade,ml
3130,0.8355754333125415,ade,ml
3131,0.17602144172042375,ade,ml
3132,0.35839765432621223,ade,ml
3133,0.17785133493099836,ade,ml
3134,0.28325701318028346,ade,ml
3135,0.9023377378337076,ade,ml
3136,1.341929772988932,ade,ml
3137,1.0789395048505845,ade,ml
3138,4.105084142668583,ade,ml
3139,0.3343077841969251,ade,ml
3140,1.1367987946362528,ade,ml
3141,0.5787284737985352,ade,ml
3142,1.3642749901985247,ade,ml
3143,0.9844279491392313,ade,ml
3144,2.512525344398307,ade,ml
3145,0.21632775663518009,ade,ml
3146,1.5217613222040856,ade,ml
3147,0.1779529049907221,ade,ml
3148,0.44263719041641986,ade,ml
3149,0.17886096073750077,ade,ml
3150,0.19537908751849098,ade,ml
3151,1.067457189296096,ade,ml
3152,0.8342269725466617,ade,ml
3153,0.692951756388669,ade,ml
3154,4.310026248997869,ade,ml
3155,0.20831356651266889,ade,ml
3156,1.2629481889803922,ade,ml
3157,1.0132712361910503,ade,ml
3158,0.5289761962051232,ade,ml
3159,1.1565062805522004,ade,ml
3160,2.4581975482563525,ade,ml
3161,0.7055620249445772,ade,ml
3162,0.9912672915043558,ade,ml
3163,0.17584495555163326,ade,ml
3164,0.6061613264225175,ade,ml
3165,0.1765054506136389,ade,ml
3166,0.37266817395671636,ade,ml
3167,0.41876771123444945,ade,ml
3168,1.6876418556256203,ade,ml
3169,1.0630822705041765,ade,ml
3170,3.85479888963811,ade,ml
3171,0.41526934505548585,ade,ml
3172,0.6603986528245783,ade,ml
3173,0.2515370537641916,ade,ml
3174,0.48113765431947814,ade,ml
3175,0.7927525268266646,ade,ml
3176,3.6768592770714505,ade,ml
3177,0.10071058693977793,ade,ml
3178,1.347860355523322,ade,ml
3179,0.7160574406582989,ade,ml
3180,0.1581500819525958,ade,ml
3181,0.1802890151513393,ade,ml
3182,2.2690720386002137,ade,ml
3183,0.17120150117299993,ade,ml
3184,1.4723295279203608,ade,ml
3185,4.282718070769495,ade,ml
3186,1.5798325445405714,ade,ml
3187,1.632466633462175,ade,ml
3188,0.21146512512369645,ade,ml
3189,5.44710735320599,ade,ml
3190,0.2327955316397662,ade,ml
3191,2.077248842444136,ade,ml
3192,0.16419704512388647,ade,ml
3193,0.16456207127409603,ade,ml
3194,2.8203410928782335,ade,ml
3195,1.9285302176720844,ade,ml
3196,0.8898882466514003,ade,ml
3197,0.11900266348159604,ade,ml
3198,1.2368412957653712,ade,ml
3199,0.631296569144104,ade,ml
3200,0.191462744862538,ade,ml
3201,0.21159430961459466,ade,ml
3202,0.7647618739312326,ade,ml
3203,0.19279039907344253,ade,ml
3204,1.3912808557505605,ade,ml
3205,0.8656609181992962,ade,ml
3206,0.5182392831228122,ade,ml
3207,1.8559274517076132,ade,ml
3208,0.20079206950608186,ade,ml
3209,1.019831866675206,ade,ml
3210,0.1866575964242336,ade,ml
3211,0.1838883118370581,ade,ml
3212,1.970846984528715,ade,ml
3213,0.33607584477930624,ade,ml
3214,0.40198868793041737,ade,ml
3215,0.102871123283989,ade,ml
3216,1.240853492030274,ade,ml
3217,0.7580020878439074,ade,ml
3218,0.18746744697526893,ade,ml
3219,0.19105317120212947,ade,ml
3220,0.24513646865437733,ade,ml
3221,0.19071515331309205,ade,ml
3222,1.1340522180355797,ade,ml
3223,1.551263565366014,ade,ml
3224,1.3936529817554668,ade,ml
3225,2.1145167541497227,ade,ml
3226,0.19839430631601898,ade,ml
3227,0.864070609331864,ade,ml
3228,0.18258827571229017,ade,ml
3229,0.18282857150252543,ade,ml
3230,0.7737385577688873,ade,ml
3231,0.14704351988717793,ade,ml
3232,0.2383190349270237,ade,ml
3233,0.1835957173771935,ade,ml
3234,1.25520589021306,ade,ml
3235,0.7907235914038823,ade,ml
3236,0.18110664574661742,ade,ml
3237,0.17166685627384867,ade,ml
3238,0.5599379724012404,ade,ml
3239,0.18441208536858386,ade,ml
3240,0.796165812188203,ade,ml
3241,1.7974317966234883,ade,ml
3242,1.754953188651836,ade,ml
3243,1.9232568645323829,ade,ml
3244,0.19352008817582975,ade,ml
3245,0.9664790643105347,ade,ml
3246,0.1782618861033741,ade,ml
3247,0.1784586382600191,ade,ml
3248,0.3438000403237438,ade,ml
3249,0.1966776840470427,ade,ml
3250,0.25538811137757594,ade,ml
3251,0.17783946619508528,ade,ml
3252,1.2500270407837877,ade,ml
3253,0.8129138990871829,ade,ml
3254,0.17724548407073767,ade,ml
3255,0.16755219270720467,ade,ml
3256,0.618198792816274,ade,ml
3257,0.1775825288819599,ade,ml
3258,0.6584266544384959,ade,ml
3259,1.8535369507834556,ade,ml
3260,1.783287646177062,ade,ml
3261,1.74678687183694,ade,ml
3262,0.19129777807900247,ade,ml
3263,1.1732192731452857,ade,ml
3264,0.17381028645077992,ade,ml
3265,0.17390460031791208,ade,ml
3266,0.5337138368591702,ade,ml
3267,0.4697771269345479,ade,ml
3268,0.3078790892461027,ade,ml
3269,0.17712943493398633,ade,ml
3270,1.0749177620319483,ade,ml
3271,0.786182844914728,ade,ml
3272,0.17075230292671073,ade,ml
3273,0.18905810976229434,ade,ml
3274,0.7820148702141626,ade,ml
3275,0.174533539286545,ade,ml
3276,0.8368770402644268,ade,ml
3277,0.7201192701993525,ade,ml
3278,1.0657877493496788,ade,ml
3279,1.4209368055190665,ade,ml
3280,0.18816573293494845,ade,ml
3281,0.8128624961477082,ade,ml
3282,0.17287744444211284,ade,ml
3283,0.17293975845560475,ade,ml
3284,0.5295023547293266,ade,ml
3285,2.4586450907923556,ade,ml
3286,0.7042458671086466,ade,ml
3287,0.1814343665638728,ade,ml
3288,0.831637873360383,ade,ml
3289,0.8061946546100757,ade,ml
3290,0.17696134678804398,ade,ml
3291,0.18716079171091368,ade,ml
3292,1.5131769384685871,ade,ml
3293,0.17542403751352995,ade,ml
3294,0.9292249292070789,ade,ml
3295,0.41748717263053753,ade,ml
3296,0.6821296736616099,ade,ml
3297,0.9229598718530335,ade,ml
3298,0.1897285727564262,ade,ml
3299,1.1030132680893712,ade,ml
3300,0.1743092096244686,ade,ml
3301,0.1743756078209613,ade,ml
3302,0.9706619293768549,ade,ml
3303,2.682938109968236,ade,ml
3304,0.4102087878609735,ade,ml
3305,0.16888766643223627,ade,ml
3306,0.6209088583428487,ade,ml
3307,0.7654569615429829,ade,ml
3308,0.17799653480023606,ade,ml
3309,0.17006921969448552,ade,ml
3310,1.052471276653865,ade,ml
3311,0.17652092585385507,ade,ml
3312,1.1422075222287777,ade,ml
3313,0.5407920709128686,ade,ml
3314,0.7635954513473012,ade,ml
3315,1.3626937726608626,ade,ml
3316,0.18901212080963256,ade,ml
3317,0.8296754297293131,ade,ml
3318,0.1758667435214117,ade,ml
3319,0.17594469722386732,ade,ml
3320,0.822516078084999,ade,ml
3321,1.7312215209371102,ade,ml
3322,0.23009815979834305,ade,ml
3323,0.1628472553094007,ade,ml
3324,0.4542196970725594,ade,ml
3325,0.72010851694468,ade,ml
3326,0.1779936536525865,ade,ml
3327,0.1608201441847541,ade,ml
3328,0.6808954360159586,ade,ml
3329,0.17670039289650938,ade,ml
3330,1.4148058955214655,ade,ml
3331,0.5117299877492109,ade,ml
3332,0.7394896631490955,ade,ml
3333,1.4418583284214066,ade,ml
3334,0.1883350003117378,ade,ml
3335,0.7690460885502629,ade,ml
3336,0.17526199814692434,ade,ml
3337,0.17575302528363834,ade,ml
3338,0.8074673955886559,ade,ml
3339,1.1659791071200611,ade,ml
3340,0.3587580898519855,ade,ml
3341,0.1879041450719431,ade,ml
3342,0.6309384189956867,ade,ml
3343,0.17691889496825253,ade,ml
3344,0.1971817542285583,ade,ml
3345,0.8039273925936617,ade,ml
3346,0.1774424462854116,ade,ml
3347,1.9136182883560309,ade,ml
3348,0.5068909978153946,ade,ml
3349,0.8057749271490994,ade,ml
3350,1.582579123683499,ade,ml
3351,0.1911342752491821,ade,ml
3352,0.6287020102273049,ade,ml
3353,0.17653375097484533,ade,ml
3354,0.17649539063071237,ade,ml
3355,0.5653781073314375,ade,ml
3356,1.0319874904242747,ade,ml
3357,0.5551239000434113,ade,ml
3358,0.20316331895363193,ade,ml
3359,0.8137333785416745,ade,ml
3360,0.1748925279865314,ade,ml
3361,0.2322733649387797,ade,ml
3362,0.2705807966289404,ade,ml
3363,0.17579123158183077,ade,ml
3364,0.7396841458758598,ade,ml
3365,1.529554543466138,ade,ml
3366,1.1914004715425277,ade,ml
3367,1.6362855653181503,ade,ml
3368,0.18905631867211128,ade,ml
3369,0.7419024009096499,ade,ml
3370,0.17321234816570794,ade,ml
3371,0.17311970354253248,ade,ml
3372,1.0528424844010191,ade,ml
3373,0.4923525443516868,ade,ml
3374,0.679477429351285,ade,ml
3375,0.23791022768424228,ade,ml
3376,0.9132216666767867,ade,ml
3377,0.1770407068681508,ade,ml
3378,0.25344700823234123,ade,ml
3379,0.36696381328286587,ade,ml
3380,0.1808627118357156,ade,ml
3381,0.9659526681138951,ade,ml
3382,1.6343882652908313,ade,ml
3383,0.18995404360699664,ade,ml
3384,0.7275248097770515,ade,ml
3385,0.1759535308472976,ade,ml
3386,0.17583663258299312,ade,ml
3387,0.5072531759325981,ade,ml
3388,0.42219541103932784,ade,ml
3389,0.37263565108801383,ade,ml
3390,0.23053985745166972,ade,ml
3391,0.8611437138595136,ade,ml
3392,0.1764427720933913,ade,ml
3393,0.23320137721494394,ade,ml
3394,0.5192155666684805,ade,ml
3395,0.18869046985481516,ade,ml
3396,0.8812482131561038,ade,ml
3397,1.1773382504047862,ade,ml
3398,0.19069070874850222,ade,ml
3399,0.8972904167932163,ade,ml
3400,0.17380730345206655,ade,ml
3401,0.17367305616783976,ade,ml
3402,1.2664870081558275,ade,ml
3403,1.2373253690021815,ade,ml
3404,0.29216438551168056,ade,ml
3405,0.2105957234323708,ade,ml
3406,0.8083818667081489,ade,ml
3407,0.1764207750064232,ade,ml
3408,0.20220788351291893,ade,ml
3409,1.018961210299177,ade,ml
3410,0.20290122068417152,ade,ml
3411,0.7445864997718696,ade,ml
3412,1.0305792734391406,ade,ml
3413,0.1898051123037696,ade,ml
3414,1.0086670195995209,ade,ml
3415,0.17321730906614452,ade,ml
3416,0.1730738942193497,ade,ml
3417,1.7067859675885872,ade,ml
3418,1.6057688224120437,ade,ml
3419,0.6382049311505773,ade,ml
3420,0.2180548633968559,ade,ml
3421,0.856675274303382,ade,ml
3422,0.17807876358361338,ade,ml
3423,0.19591647367718137,ade,ml
3424,2.566956271656251,ade,ml
3425,0.21257831349199832,ade,ml
3426,0.5794839571071485,ade,ml
3427,0.9347356503776947,ade,ml
3428,0.19073199502691326,ade,ml
3429,0.9986311515177073,ade,ml
3430,0.17489457962210173,ade,ml
3431,0.17480325784693762,ade,ml
3432,1.2940726917626129,ade,ml
3433,1.4116721463364694,ade,ml
3434,1.682665011791511,ade,ml
3435,0.11922249113379858,ade,ml
3436,0.8565638400754771,ade,ml
3437,0.17581050539320517,ade,ml
3438,0.19022340224219234,ade,ml
3439,1.789103728164467,ade,ml
3440,0.21089891399535643,ade,ml
3441,0.3642833387627791,ade,ml
3442,1.6137273708928008,ade,ml
3443,0.18666044862485578,ade,ml
3444,0.9200074832877091,ade,ml
3445,0.17308585332444326,ade,ml
3446,0.17296488829201362,ade,ml
3447,1.3953128965146042,ade,ml
3448,1.485640696693956,ade,ml
3449,2.488561679364332,ade,ml
3450,0.1940114426935272,ade,ml
3451,0.9123332797069539,ade,ml
3452,0.1784593557952083,ade,ml
3453,0.19232728463011664,ade,ml
3454,1.4827612044538476,ade,ml
3455,0.2081615536187916,ade,ml
3456,0.1065925952093278,ade,ml
3457,1.5327286586230018,ade,ml
3458,0.19080609667402482,ade,ml
3459,0.9794294097614301,ade,ml
3460,0.17474460206985162,ade,ml
3461,0.17466996493266543,ade,ml
3462,1.072364702046726,ade,ml
3463,1.3125494766856924,ade,ml
3464,2.6834725106932775,ade,ml
3465,0.2203994740306688,ade,ml
3466,0.7123016031114972,ade,ml
3467,0.17765141179990732,ade,ml
3468,0.20612356763576078,ade,ml
3469,1.1979401803236251,ade,ml
3470,0.16572465541643527,ade,ml
3471,0.08217937561388157,ade,ml
3472,1.7781753982513242,ade,ml
3473,0.1899265571513364,ade,ml
3474,0.7366304939151048,ade,ml
3475,0.1748684548675192,ade,ml
3476,0.1748203453703389,ade,ml
3477,1.015291666815423,ade,ml
3478,1.0843743126594592,ade,ml
3479,1.9031230479103698,ade,ml
3480,0.26735731672973756,ade,ml
3481,0.4678747187374214,ade,ml
3482,0.17828050348697422,ade,ml
3483,0.23236294865504306,ade,ml
3484,1.3984005076512835,ade,ml
3485,0.15731480747135293,ade,ml
3486,0.07745533077992647,ade,ml
3487,1.1721829738645255,ade,ml
3488,0.19157247951978187,ade,ml
3489,0.9501420147614231,ade,ml
3490,0.17510965513316243,ade,ml
3491,0.17507124379905034,ade,ml
3492,1.329788950144816,ade,ml
3493,1.4071324863549803,ade,ml
3494,0.1302231869104157,ade,ml
3495,0.0917087135789819,ade,ml
3496,0.4923853904349966,ade,ml
3497,0.16299015689107355,ade,ml
3498,3.025323706193344,ade,ml
3499,0.5498030352272867,ade,ml
3500,0.14824811438539423,ade,ml
3501,3.137949050797975,ade,ml
3502,0.15402671985034636,ade,ml
3503,1.3606986881690817,ade,ml
3504,0.14207649197552522,ade,ml
3505,0.12870820790361873,ade,ml
3506,0.1371722683540808,ade,ml
3507,0.15987477251491058,ade,ml
3508,1.2065397916485336,ade,ml
3509,0.17184388488764848,ade,ml
3510,1.5818104377181716,ade,ml
3511,0.8368447252670994,ade,ml
3512,0.18707009535889366,ade,ml
3513,2.1228479907594653,ade,ml
3514,0.15977052051986307,ade,ml
3515,0.9855504105739984,ade,ml
3516,0.12212272415204184,ade,ml
3517,0.13691480454135418,ade,ml
3518,0.16354439375254506,ade,ml
3519,0.13645070910264603,ade,ml
3520,1.3665305316455523,ade,ml
3521,0.16051245236707465,ade,ml
3522,0.8361491497653066,ade,ml
3523,0.7378959117700061,ade,ml
3524,0.20409190279542191,ade,ml
3525,1.5404019583942652,ade,ml
3526,0.14956547153069757,ade,ml
3527,1.2859999545845948,ade,ml
3528,0.14654472909852884,ade,ml
3529,0.190288653963833,ade,ml
3530,0.1914403891144485,ade,ml
3531,0.19603093873040603,ade,ml
3532,1.2364208653887026,ade,ml
3533,0.1457121619796893,ade,ml
3534,2.04945323780376,ade,ml
3535,0.5889719253981606,ade,ml
3536,0.22311441758904083,ade,ml
3537,1.2338050270284502,ade,ml
3538,0.13547572666302896,ade,ml
3539,1.6127816907797985,ade,ml
3540,0.21347818250471054,ade,ml
3541,0.2614164277858429,ade,ml
3542,0.1975426318484632,ade,ml
3543,0.22779462970820105,ade,ml
3544,1.0985414117108765,ade,ml
3545,0.13973719371670346,ade,ml
3546,2.443564379112752,ade,ml
3547,0.6027608663666454,ade,ml
3548,0.252305190933049,ade,ml
3549,1.2853132148896333,ade,ml
3550,0.16536365557932833,ade,ml
3551,2.4056555199612357,ade,ml
3552,0.2523121901068443,ade,ml
3553,0.2814207762294986,ade,ml
3554,0.1588020792821642,ade,ml
3555,0.23707192652076461,ade,ml
3556,1.264789495382516,ade,ml
3557,0.15613331491887764,ade,ml
3558,2.204775191105481,ade,ml
3559,0.86030552292136,ade,ml
3560,0.23462653194097016,ade,ml
3561,0.9915088068538845,ade,ml
3562,0.2770110039987137,ade,ml
3563,2.301534465297884,ade,ml
3564,0.1987955008160102,ade,ml
3565,0.15384089356500266,ade,ml
3566,0.1633209657051702,ade,ml
3567,0.289071284718121,ade,ml
3568,1.1316169650527514,ade,ml
3569,0.16616253801315703,ade,ml
3570,2.4132123593480936,ade,ml
3571,0.9780571358027478,ade,ml
3572,0.2518953846369281,ade,ml
3573,1.2672099278768976,ade,ml
3574,0.46321412327306993,ade,ml
3575,3.4313276688620387,ade,ml
3576,0.2547882546314953,ade,ml
3577,0.13431324058566552,ade,ml
3578,0.18753295069120432,ade,ml
3579,0.26132457278863097,ade,ml
3580,1.5211665826378846,ade,ml
3581,0.18305327350316047,ade,ml
3582,2.373219675202718,ade,ml
3583,1.373274018980437,ade,ml
3584,0.2113844842514747,ade,ml
3585,0.9188601373606619,ade,ml
3586,0.8213237093729159,ade,ml
3587,3.5244705453965754,ade,ml
3588,0.23766290128607656,ade,ml
3589,0.1480752879980416,ade,ml
3590,0.2230675714307114,ade,ml
3591,0.20340196232005733,ade,ml
3592,1.6693071343863461,ade,ml
3593,0.20338746389525275,ade,ml
3594,2.252092041143707,ade,ml
3595,1.7448359763403234,ade,ml
3596,0.16533444217555882,ade,ml
3597,0.8700512840293803,ade,ml
3598,1.3617641634274602,ade,ml
3599,3.491724343951678,ade,ml
3600,0.14845706740894327,ade,ml
3601,0.2029386704961749,ade,ml
3602,0.24613223711614796,ade,ml
3603,0.18565468390503562,ade,ml
3604,2.0489048976373527,ade,ml
3605,0.22887017114207922,ade,ml
3606,2.1918925880670557,ade,ml
3607,2.4752740922425294,ade,ml
3608,0.16599242248738774,ade,ml
3609,0.5561147613801367,ade,ml
3610,2.130153364228723,ade,ml
3611,5.319708414046025,ade,ml
3612,0.15041725263489306,ade,ml
3613,0.2700680234007048,ade,ml
3614,0.20776014821538466,ade,ml
3615,0.1636683583551782,ade,ml
3616,0.29055141371301724,ade,ml
3617,0.21350737872002878,ade,ml
3618,2.8094306397501936,ade,ml
3619,1.0835827707408103,ade,ml
3620,0.1649920595917501,ade,ml
3621,1.3953538252343012,ade,ml
3622,2.352659822620826,ade,ml
3623,0.6911043050436492,ade,ml
3624,0.24504142078036603,ade,ml
3625,0.20501768295419076,ade,ml
3626,2.52107175789653,ade,ml
3627,2.1092377750081224,ade,ml
3628,0.20600099230243396,ade,ml
3629,0.15036433335268765,ade,ml
3630,0.23191771851033904,ade,ml
3631,0.22475846457051188,ade,ml
3632,3.2549584437524133,ade,ml
3633,1.1952965849121482,ade,ml
3634,0.18689132955641719,ade,ml
3635,1.5989686744505418,ade,ml
3636,3.228050919519596,ade,ml
3637,1.4022262144708033,ade,ml
3638,0.2838929732729973,ade,ml
3639,0.2377641924122964,ade,ml
3640,1.3859307351440473,ade,ml
3641,1.4271762092372058,ade,ml
3642,0.18491421272027483,ade,ml
3643,0.16104252326316748,ade,ml
3644,0.5802447989685102,ade,ml
3645,0.22459621974912,ade,ml
3646,3.402686701547676,ade,ml
3647,1.3786477509531474,ade,ml
3648,0.1721129864600608,ade,ml
3649,1.5305835963123549,ade,ml
3650,2.706864418950294,ade,ml
3651,0.8482027243931957,ade,ml
3652,0.3106982489271995,ade,ml
3653,0.1904805670697576,ade,ml
3654,0.8687560211888564,ade,ml
3655,0.30322492246859406,ade,ml
3656,0.15556122188879665,ade,ml
3657,0.23466317374331114,ade,ml
3658,1.518426609845071,ade,ml
3659,0.21771947655594162,ade,ml
3660,3.0331574944807542,ade,ml
3661,1.3826318624346348,ade,ml
3662,0.2189417417089287,ade,ml
3663,0.836211460846319,ade,ml
3664,0.8393883006163003,ade,ml
3665,2.5345176341748523,ade,ml
3666,0.2794578893661424,ade,ml
3667,0.18760629298020484,ade,ml
3668,0.32479017529533416,ade,ml
3669,1.3165999145468719,ade,ml
3670,0.141380844825301,ade,ml
3671,0.3039350318368563,ade,ml
3672,0.21521985143569555,ade,ml
3673,3.1221113620973338,ade,ml
3674,1.5857715757041129,ade,ml
3675,0.2689979028659582,ade,ml
3676,0.7481187575944728,ade,ml
3677,2.2795408827007613,ade,ml
3678,2.6997732629669886,ade,ml
3679,0.29568841824267017,ade,ml
3680,0.21460714131708536,ade,ml
3681,0.31160763290784854,ade,ml
3682,1.2732727855962434,ade,ml
3683,0.1565247487019338,ade,ml
3684,0.13911672114491655,ade,ml
3685,0.14417599722851634,ade,ml
3686,2.86575550805429,ade,ml
3687,0.9591137892898316,ade,ml
3688,0.2489282469797934,ade,ml
3689,0.3965575452591386,ade,ml
3690,0.5856456515488259,ade,ml
3691,2.325244917246664,ade,ml
3692,0.14437555484529,ade,ml
3693,0.13627206829898267,ade,ml
3694,0.25597268087343944,ade,ml
3695,1.342383336924173,ade,ml
3696,0.1435641636201527,ade,ml
3697,0.11419686454565965,ade,ml
3698,0.1781112810885349,ade,ml
3699,2.8937491854066,ade,ml
3700,1.2636092290568868,ade,ml
3701,0.2805686604644581,ade,ml
3702,0.5944210638202407,ade,ml
3703,1.6804229209698098,ade,ml
3704,1.9752328904049772,ade,ml
3705,0.10280183473235509,ade,ml
3706,0.13682974266603412,ade,ml
3707,0.3263681102514635,ade,ml
3708,1.0082349249829332,ade,ml
3709,0.13844776129562267,ade,ml
3710,0.13450549834294825,ade,ml
3711,0.12130563502959106,ade,ml
3712,3.255627347163093,ade,ml
3713,1.2402540200388128,ade,ml
3714,0.21861520098872592,ade,ml
3715,0.43651080405831255,ade,ml
3716,1.8724761759537565,ade,ml
3717,1.75087368563762,ade,ml
3718,0.10724597571213408,ade,ml
3719,0.191278576378479,ade,ml
3720,0.5642195487582947,ade,ml
3721,0.4912170746063565,ade,ml
3722,0.14196941042476555,ade,ml
3723,0.18484634480118656,ade,ml
3724,0.14614806945842046,ade,ml
3725,4.063430673741475,ade,ml
3726,1.2564614889300216,ade,ml
3727,0.12286134478725745,ade,ml
3728,0.30856776049914214,ade,ml
3729,2.334711832886418,ade,ml
3730,1.7526468233553523,ade,ml
3731,0.1242423873744647,ade,ml
3732,0.2649142797349525,ade,ml
3733,1.0491529273227815,ade,ml
3734,0.43924346032023004,ade,ml
3735,0.14515984545034755,ade,ml
3736,0.22558468609891266,ade,ml
3737,0.1696991713557484,ade,ml
3738,4.666368483256243,ade,ml
3739,1.0312517520976776,ade,ml
3740,0.10327054716358786,ade,ml
3741,0.4104127845166506,ade,ml
3742,2.8019473786041176,ade,ml
3743,2.1065994777430235,ade,ml
3744,0.13646085660586926,ade,ml
3745,0.3109898065663364,ade,ml
3746,0.7655628189749839,ade,ml
3747,0.9348824070568664,ade,ml
3748,0.16894587448814555,ade,ml
3749,0.31841998649801867,ade,ml
3750,0.17890822901912337,ade,ml
3751,4.207167761268648,ade,ml
3752,1.1783315105754708,ade,ml
3753,0.16860347250441307,ade,ml
3754,0.5101874086312477,ade,ml
3755,0.945876520411451,ade,ml
3756,2.6306874963982434,ade,ml
3757,0.1468528476486063,ade,ml
3758,0.2303178927992775,ade,ml
3759,0.5972525649130095,ade,ml
3760,0.6512403432396817,ade,ml
3761,0.7998325847499012,ade,ml
3762,0.77655428876996,ade,ml
3763,0.5595289697844193,ade,ml
3764,0.6909227591951473,ade,ml
3765,2.6571848920932086,ade,ml
3766,5.634671744973534,ade,ml
3767,0.21977462502791711,ade,ml
3768,0.1703128585108099,ade,ml
3769,0.1447242555910352,ade,ml
3770,0.4133252038865806,ade,ml
3771,0.28762615181589246,ade,ml
3772,0.16832205984439405,ade,ml
3773,1.2450642543697341,ade,ml
3774,1.0903988099473154,ade,ml
3775,2.0082599271520927,ade,ml
3776,1.2462321985777967,ade,ml
3777,0.7336116104944592,ade,ml
3778,3.6374729446565355,ade,ml
3779,0.2800762820393546,ade,ml
3780,0.13436377287100165,ade,ml
3781,0.14764064855620415,ade,ml
3782,0.6968856606507924,ade,ml
3783,0.4947730218431127,ade,ml
3784,0.1900247326146803,ade,ml
3785,1.2128247986754543,ade,ml
3786,0.47213511223986276,ade,ml
3787,1.8753707730891263,ade,ml
3788,0.7103498671664438,ade,ml
3789,0.7976000424692331,ade,ml
3790,2.8249878956447305,ade,ml
3791,0.2225160865446316,ade,ml
3792,0.1295602301647054,ade,ml
3793,0.15041235813432233,ade,ml
3794,0.45823149997426,ade,ml
3795,0.4300079731452693,ade,ml
3796,0.18440673427105292,ade,ml
3797,1.2116916353087923,ade,ml
3798,0.2823403308797863,ade,ml
3799,1.4713965625025127,ade,ml
3800,0.5002444817570755,ade,ml
3801,1.1018443075249802,ade,ml
3802,2.6922006361452575,ade,ml
3803,0.15294129745879612,ade,ml
3804,0.12762646711551462,ade,ml
3805,0.15745407998734604,ade,ml
3806,0.4466440410541514,ade,ml
3807,0.5617872692350755,ade,ml
3808,0.1781421502206517,ade,ml
3809,0.6349536398595147,ade,ml
3810,0.6915278487537594,ade,ml
3811,1.4158302788438062,ade,ml
3812,0.3918430281470025,ade,ml
3813,1.6680588207135194,ade,ml
3814,3.264848237467161,ade,ml
3815,0.16680913964840693,ade,ml
3816,0.10018310120890873,ade,ml
3817,0.15096288954546133,ade,ml
3818,0.42538069632752956,ade,ml
3819,0.5117409046829947,ade,ml
3820,0.17700975964972723,ade,ml
3821,1.6833140394544668,ade,ml
3822,0.8528564935919586,ade,ml
3823,1.4220042914622155,ade,ml
3824,1.3438883943123319,ade,ml
3825,0.5245494319178066,ade,ml
3826,2.532459667202224,ade,ml
3827,0.11906763399324753,ade,ml
3828,0.15068769649195224,ade,ml
3829,0.19729545683624972,ade,ml
3830,0.3663954659841157,ade,ml
3831,0.42768287442834874,ade,ml
3832,0.17313434519156354,ade,ml
3833,1.4117069581887487,ade,ml
3834,0.6022370183964009,ade,ml
3835,1.4058633532481253,ade,ml
3836,1.0970916060500502,ade,ml
3837,0.4514647430899099,ade,ml
3838,0.22494525146229696,ade,ml
3839,0.2768948899181443,ade,ml
3840,0.21744649205443323,ade,ml
3841,0.3137592450203011,ade,ml
3842,0.35885669310876844,ade,ml
3843,0.177209021847051,ade,ml
3844,1.671845302841292,ade,ml
3845,1.0296866807625382,ade,ml
3846,1.632722959492577,ade,ml
3847,1.25991442117334,ade,ml
3848,0.32984491367972596,ade,ml
3849,0.2693805193593361,ade,ml
3850,0.3736070216132464,ade,ml
3851,0.21725731722593866,ade,ml
3852,0.41551569650678327,ade,ml
3853,0.513715475602627,ade,ml
3854,0.17779274217514004,ade,ml
3855,1.6632164769509592,ade,ml
3856,1.4182069528533594,ade,ml
3857,1.5607880488839363,ade,ml
3858,1.2448694201668429,ade,ml
3859,0.5740508458546414,ade,ml
3860,0.3412395007476743,ade,ml
3861,0.47306660229938413,ade,ml
3862,0.21670141937229767,ade,ml
3863,0.3859846490861109,ade,ml
3864,0.5817065083188139,ade,ml
3865,0.17824115983499136,ade,ml
3866,1.968914069202197,ade,ml
3867,1.5904212089920786,ade,ml
3868,2.0342633468796922,ade,ml
3869,1.3991171985321735,ade,ml
3870,0.5701385316253941,ade,ml
3871,0.4616310424773163,ade,ml
3872,0.6362045587694362,ade,ml
3873,0.21917289050018254,ade,ml
3874,0.4380439751959251,ade,ml
3875,0.6599375410617193,ade,ml
3876,0.17975931311024748,ade,ml
3877,0.4428989242173875,ade,ml
3878,0.6988001768312652,ade,ml
3879,1.651397886493319,ade,ml
3880,0.5091026555015009,ade,ml
3881,0.8315013129532755,ade,ml
3882,0.4791240518517889,ade,ml
3883,0.3107623072129895,ade,ml
3884,0.16201181700420916,ade,ml
3885,0.25604998808659996,ade,ml
3886,0.18140115421080563,ade,ml
3887,0.17821135710259103,ade,ml
3888,0.3799707611147503,ade,ml
3889,0.8343054210691224,ade,ml
3890,2.038781114528508,ade,ml
3891,0.40579675388244585,ade,ml
3892,1.008948337715237,ade,ml
3893,0.6536451250729141,ade,ml
3894,0.29653812264692736,ade,ml
3895,0.12598249180215262,ade,ml
3896,0.3010633446905529,ade,ml
3897,0.23080079134542864,ade,ml
3898,0.17980558183321638,ade,ml
3899,0.7619268272836118,ade,ml
3900,0.8722804634837641,ade,ml
3901,1.7925007916888653,ade,ml
3902,0.7673731153726556,ade,ml
3903,0.9642798737167567,ade,ml
3904,0.594639273929812,ade,ml
3905,0.33772030853895335,ade,ml
3906,0.10397919361893986,ade,ml
3907,0.37664540207765246,ade,ml
3908,0.2952768503169851,ade,ml
3909,0.20358151723913964,ade,ml
3910,1.0147219163309906,ade,ml
3911,0.7933349495559817,ade,ml
3912,1.4194200262287542,ade,ml
3913,1.0764985989699145,ade,ml
3914,1.0116032379508313,ade,ml
3915,0.4341185229355429,ade,ml
3916,0.3887678050557846,ade,ml
3917,0.12724707166449273,ade,ml
3918,0.5143091293299936,ade,ml
3919,0.3523058497712684,ade,ml
3920,0.20358151723913964,ade,ml
3921,1.2378021870669516,ade,ml
3922,1.0364781123142912,ade,ml
3923,2.013878393639036,ade,ml
3924,1.3706640349502572,ade,ml
3925,0.8950576321747555,ade,ml
3926,0.4009636341914989,ade,ml
3927,0.374920026517458,ade,ml
3928,0.22661496196660724,ade,ml
3929,0.584169860937806,ade,ml
3930,0.43561762300924856,ade,ml
3931,0.20358151723913964,ade,ml
3932,0.8654891247311741,ade,ml
3933,1.046215502218963,ade,ml
3934,1.5912327616975401,ade,ml
3935,0.445214460918661,ade,ml
3936,1.0464161991624599,ade,ml
3937,0.3721848822565475,ade,ml
3938,0.3527798724697908,ade,ml
3939,0.4106491676056308,ade,ml
3940,0.1148180053512794,ade,ml
3941,0.4017800388211182,ade,ml
3942,0.20358151723913964,ade,ml
3943,1.2371997569550204,ade,ml
3944,1.162168583315669,ade,ml
3945,1.980624218104957,ade,ml
3946,0.7720221569094825,ade,ml
3947,0.9172889690107491,ade,ml
3948,0.27158300716553313,ade,ml
3949,0.2923296139719838,ade,ml
3950,0.6230639031991331,ade,ml
3951,0.11971596101287103,ade,ml
3952,0.49367095017380436,ade,ml
3953,0.20358151723913964,ade,ml
3954,0.6062958697586746,ade,ml
3955,0.6578047718032545,ade,ml
3956,1.0067818382955642,ade,ml
3957,0.7269375778382158,ade,ml
3958,0.9309995039747299,ade,ml
3959,0.15195719989424347,ade,ml
3960,0.19403887130289355,ade,ml
3961,0.668745811487453,ade,ml
3962,0.33787487719606446,ade,ml
3963,0.4183025245705907,ade,ml
3964,0.20358151723913964,ade,ml
3965,1.193499167465136,ade,ml
3966,1.0042084516157328,ade,ml
3967,0.48564169984199684,ade,ml
3968,1.3984754146008693,ade,ml
3969,0.49391183742509526,ade,ml
3970,0.1735079825864753,ade,ml
3971,0.161687527755258,ade,ml
3972,0.6896366010018392,ade,ml
3973,0.8708864088948235,ade,ml
3974,0.6069241278873395,ade,ml
3975,0.20358151723913964,ade,ml
3976,1.981126363860905,ade,ml
3977,1.0495787170580224,ade,ml
3978,0.597247705776281,ade,ml
3979,0.18927985312397946,ade,ml
3980,1.2512714973296903,ade,ml
3981,0.5982228791010414,ade,ml
3982,0.4084864263910195,ade,ml
3983,0.33984885948266275,ade,ml
3984,0.9418212009401822,ade,ml
3985,0.8140972611398327,ade,ml
3986,0.5751907383862386,ade,ml
3987,0.20358151723913964,ade,ml
3988,1.8425784448704559,ade,ml
3989,1.6278143164766208,ade,ml
3990,1.5428665449382553,ade,ml
3991,1.3501518271929356,ade,ml
3992,1.4522811315805788,ade,ml
3993,0.41057875078383294,ade,ml
3994,0.15504159123832018,ade,ml
3995,0.19796884015192398,ade,ml
3996,1.000391309203513,ade,ml
3997,0.35811795081945674,ade,ml
3998,0.455304448147784,ade,ml
3999,0.20358151723913964,ade,ml
4000,1.4198237743900863,ade,ml
4001,1.3684837383387796,ade,ml
4002,1.284734748852894,ade,ml
4003,1.1389367363811969,ade,ml
4004,1.8744541330138553,ade,ml
4005,0.20715098315278857,ade,ml
4006,0.2357214327911892,ade,ml
4007,1.293466297037883,ade,ml
4008,0.359034616176032,ade,ml
4009,0.42321815613610786,ade,ml
4010,0.20358151723913964,ade,ml
4011,1.535170774745082,ade,ml
4012,1.163087292551563,ade,ml
4013,1.0169976311504616,ade,ml
4014,0.9785563084084825,ade,ml
4015,2.038260997777479,ade,ml
4016,0.18328287996289291,ade,ml
4017,0.21880774748490564,ade,ml
4018,1.156453143394584,ade,ml
4019,0.3816254387133375,ade,ml
4020,0.23183853695265724,ade,ml
4021,0.20358151723913964,ade,ml
4022,1.1435371428959646,ade,ml
4023,0.5625495547239093,ade,ml
4024,0.3838058477278347,ade,ml
4025,0.9198954239783999,ade,ml
4026,2.4806900638979865,ade,ml
4027,0.15042808642363611,ade,ml
4028,0.1688264511219976,ade,ml
4029,0.8886519355436097,ade,ml
4030,0.4404007208959588,ade,ml
4031,0.1758152594392507,ade,ml
4032,0.20358151723913964,ade,ml
4033,1.0436630833867784,ade,ml
4034,0.36211830984403764,ade,ml
4035,0.416352099341967,ade,ml
4036,0.9568800504310421,ade,ml
4037,0.18181709751806308,ade,ml
4038,0.1669891627558381,ade,ml
4039,0.9956091992152937,ade,ml
4040,0.4283456300949902,ade,ml
4041,0.1791079314458883,ade,ml
4042,0.20358151723913964,ade,ml
4043,0.6650538763245654,ade,ml
4044,0.6497033330280562,ade,ml
4045,1.3509983527531555,ade,ml
4046,0.9166900926874129,ade,ml
4047,0.1545441633941511,ade,ml
4048,0.18741291992019504,ade,ml
4049,0.9188426092286134,ade,ml
4050,0.45052381250873336,ade,ml
4051,0.6350495573744518,ade,ml
4052,0.20358151723913964,ade,ml
4053,0.8724982404255939,ade,ml
4054,0.8316857686582951,ade,ml
4055,1.4948639781986695,ade,ml
4056,0.6471375641183553,ade,ml
4057,0.1750334578067533,ade,ml
4058,0.19833405388286673,ade,ml
4059,0.9196220998252809,ade,ml
4060,0.48597232293869647,ade,ml
4061,0.6394634395889298,ade,ml
4062,0.20358151723913964,ade,ml
4063,1.095531202312624,ade,ml
4064,0.43707213332191835,ade,ml
4065,1.346911010482086,ade,ml
4066,1.1048944889343775,ade,ml
4067,0.17515694205833032,ade,ml
4068,0.18503006054220825,ade,ml
4069,0.8787872188120501,ade,ml
4070,0.4261841798414283,ade,ml
4071,0.5249188465276823,ade,ml
4072,0.20358151723913964,ade,ml
4073,0.955624405774245,ade,ml
4074,0.744435597060554,ade,ml
4075,1.0910628536276723,ade,ml
4076,1.1596304981296288,ade,ml
4077,0.17847257527877217,ade,ml
4078,0.1652183364417921,ade,ml
4079,0.8482955406113621,ade,ml
4080,0.3443357891985393,ade,ml
4081,0.41695565573860094,ade,ml
4082,0.20358151723913964,ade,ml
4083,0.6542633556683902,ade,ml
4084,0.8985886602894202,ade,ml
4085,0.8812395579604075,ade,ml
4086,1.031303024282342,ade,ml
4087,0.1931635503389102,ade,ml
4088,0.16210206672385322,ade,ml
4089,0.8885265521803962,ade,ml
4090,0.38323725247909596,ade,ml
4091,0.20358151723913964,ade,ml
4092,0.9257543202874862,ade,ml
4093,0.6647762617063205,ade,ml
4094,1.2144180905557695,ade,ml
4095,1.1016895028811264,ade,ml
4096,0.20656611183969076,ade,ml
4097,0.18775817865837255,ade,ml
4098,0.9830576093867999,ade,ml
4099,0.37577741397116954,ade,ml
4100,0.20358151723913964,ade,ml
4101,0.7484202623150571,ade,ml
4102,3.257800771438305,ade,ml
4103,4.875157663015917,ade,ml
4104,1.0501320151390474,ade,ml
4105,2.278316994363515,ade,ml
4106,1.7262883178658452,ade,ml
4107,2.8210995900887093,ade,ml
4108,1.5209675645806335,ade,ml
4109,0.7167060643703668,ade,ml
4110,3.388032599666323,ade,ml
4111,0.218198128081583,ade,ml
4112,4.9117783739363,ade,ml
4113,3.0275354599344255,ade,ml
4114,3.0157257768775056,ade,ml
4115,2.0140948603246858,ade,ml
4116,1.6754566932382555,ade,ml
4117,2.460908503098459,ade,ml
4118,2.673577220156266,ade,ml
4119,4.583382757295972,ade,ml
4120,6.7644808877291425,ade,ml
4121,2.222916859234061,ade,ml
4122,0.6778965530348922,ade,ml
4123,1.2550204129631963,ade,ml
4124,0.48562465788293235,ade,ml
4125,3.034195313615921,ade,ml
4126,0.14462796900982233,ade,ml
4127,1.408992124774424,ade,ml
4128,1.1085024190157047,ade,ml
4129,0.2427580361011422,ade,ml
4130,2.7561042679705334,ade,ml
4131,1.1062756554347384,ade,ml
4132,1.9083732467824923,ade,ml
4133,0.41944217379273097,ade,ml
4134,1.5604290471212414,ade,ml
4135,1.5952396543359217,ade,ml
4136,0.444940201863629,ade,ml
4137,2.702009767002948,ade,ml
4138,4.304358153491374,ade,ml
4139,1.598167389639347,ade,ml
4140,0.746212556075533,ade,ml
4141,0.8614234478668905,ade,ml
4142,0.982758855012225,ade,ml
4143,1.7044094786072936,ade,ml
4144,1.2027060487502108,ade,ml
4145,1.2233796085863977,ade,ml
4146,0.6744197201057712,ade,ml
4147,0.24122154929937947,ade,ml
4148,2.9050263256720044,ade,ml
4149,1.4780440948062303,ade,ml
4150,1.0912609984660484,ade,ml
4151,0.7477645160424907,ade,ml
4152,1.4412818800772842,ade,ml
4153,1.306714640733593,ade,ml
4154,0.27415944170991635,ade,ml
4155,1.9853939668863883,ade,ml
4156,2.5792685882044735,ade,ml
4157,0.8950336871224401,ade,ml
4158,1.5867227783588111,ade,ml
4159,2.938896458654334,ade,ml
4160,1.8499904282829227,ade,ml
4161,1.201593027087829,ade,ml
4162,2.656676052154461,ade,ml
4163,0.9577048577418553,ade,ml
4164,0.28453592449104076,ade,ml
4165,0.20939551720495983,ade,ml
4166,2.8384838356498574,ade,ml
4167,1.5209843582963802,ade,ml
4168,0.797160488632814,ade,ml
4169,0.5948539125130082,ade,ml
4170,1.1439494822333502,ade,ml
4171,0.9337876389530098,ade,ml
4172,0.495605376639826,ade,ml
4173,1.0614425687411193,ade,ml
4174,2.6441901907720182,ade,ml
4175,4.406316435588796,ade,ml
4176,0.986626789975266,ade,ml
4177,1.246370198349327,ade,ml
4178,2.7840720393926657,ade,ml
4179,1.7882468133986382,ade,ml
4180,1.1620839406255385,ade,ml
4181,2.452249410047154,ade,ml
4182,1.497849110788266,ade,ml
4183,0.20394608924916904,ade,ml
4184,3.2610122654587195,ade,ml
4185,1.3903787315851288,ade,ml
4186,0.8156349288944015,ade,ml
4187,0.9058381802656469,ade,ml
4188,1.2290872967742688,ade,ml
4189,1.4347517604626372,ade,ml
4190,0.2551530789817753,ade,ml
4191,1.4873164701993673,ade,ml
4192,1.4495010605777428,ade,ml
4193,0.46365590382370164,ade,ml
4194,0.9869767934834432,ade,ml
4195,1.2071487534822098,ade,ml
4196,0.7810760944208135,ade,ml
4197,2.294995418645998,ade,ml
4198,1.3831482985389367,ade,ml
4199,1.7994066565121904,ade,ml
4200,1.043465456900657,ade,ml
4201,0.20159795099701872,ade,ml
4202,2.5500130043014964,ade,ml
4203,1.8919901430359953,ade,ml
4204,0.26260601173246634,ade,ml
4205,1.2287947415269656,ade,ml
4206,1.5977695831840235,ade,ml
4207,0.6265001653531194,ade,ml
4208,0.40311718704458643,ade,ml
4209,1.096345020288859,ade,ml
4210,0.11279612959222161,ade,ml
4211,0.22075283300491577,ade,ml
4212,0.44772510472938754,ade,ml
4213,1.0048687017964733,ade,ml
4214,1.3000722315174216,ade,ml
4215,0.8760492099934608,ade,ml
4216,2.4561784914824707,ade,ml
4217,1.3562349325525158,ade,ml
4218,1.3914668361464972,ade,ml
4219,2.386739525004445,ade,ml
4220,0.20188677948521572,ade,ml
4221,2.7157413792143417,ade,ml
4222,3.555892590895288,ade,ml
4223,0.2852221384114378,ade,ml
4224,1.2935919887828833,ade,ml
4225,1.8273808408761403,ade,ml
4226,0.7832083281854197,ade,ml
4227,0.41001093498437147,ade,ml
4228,1.1946559304191406,ade,ml
4229,0.22788773934614626,ade,ml
4230,0.49480919254898276,ade,ml
4231,0.379920878689632,ade,ml
4232,0.9758443214315515,ade,ml
4233,0.8193515932003832,ade,ml
4234,0.5250041259246742,ade,ml
4235,1.6613234816745825,ade,ml
4236,1.2816235436719943,ade,ml
4237,0.9203705843112521,ade,ml
4238,2.0872219682076114,ade,ml
4239,0.20358249179730495,ade,ml
4240,2.581550671789976,ade,ml
4241,6.275479437665736,ade,ml
4242,0.7339324255867908,ade,ml
4243,1.6759078649934576,ade,ml
4244,1.7168079877665539,ade,ml
4245,1.0564692241339664,ade,ml
4246,0.2693724041537873,ade,ml
4247,1.12901908548391,ade,ml
4248,0.6175641471155078,ade,ml
4249,0.47538375111727654,ade,ml
4250,0.18014457876483325,ade,ml
4251,1.1726974074002634,ade,ml
4252,0.4244682086071138,ade,ml
4253,0.36154792594403046,ade,ml
4254,0.8571839086423698,ade,ml
4255,1.053505941816806,ade,ml
4256,0.6093039651871529,ade,ml
4257,1.857570840117657,ade,ml
4258,0.20358249179730495,ade,ml
4259,2.604949530177508,ade,ml
4260,9.485508740871706,ade,ml
4261,2.1006236191754177,ade,ml
4262,2.305896120565427,ade,ml
4263,1.6036201463799398,ade,ml
4264,1.581286001930419,ade,ml
4265,0.49550378418710217,ade,ml
4266,1.3575501366584504,ade,ml
4267,0.49326644128635166,ade,ml
4268,0.834866203699039,ade,ml
4269,0.22238989234947262,ade,ml
4270,2.014633824688671,ade,ml
4271,0.38857832232591805,ade,ml
4272,0.2205537318066264,ade,ml
4273,0.9530811761706914,ade,ml
4274,1.067363710437226,ade,ml
4275,1.8184083389946633,ade,ml
4276,0.20358249179730495,ade,ml
4277,2.5151226819814525,ade,ml
4278,11.770189985010719,ade,ml
4279,2.1795568183384417,ade,ml
4280,2.40494613238152,ade,ml
4281,1.591926138030342,ade,ml
4282,1.7391521522080549,ade,ml
4283,0.7699432795878328,ade,ml
4284,1.3495907504642888,ade,ml
4285,1.4399371654393507,ade,ml
4286,0.8315153425463667,ade,ml
4287,0.18969859849782056,ade,ml
4288,1.7448461460865818,ade,ml
4289,0.6468370016861806,ade,ml
4290,0.713431090567838,ade,ml
4291,0.9920202458449526,ade,ml
4292,1.3700918122530725,ade,ml
4293,1.5917445122799847,ade,ml
4294,0.20358249179730495,ade,ml
4295,2.422376653103069,ade,ml
4296,17.002745063441207,ade,ml
4297,0.2775631704695073,ade,ml
4298,0.681546091175297,ade,ml
4299,1.1400703872510773,ade,ml
4300,0.8558625975173428,ade,ml
4301,0.7322269840715467,ade,ml
4302,1.2254709126118422,ade,ml
4303,0.508875884366076,ade,ml
4304,0.6974713568231451,ade,ml
4305,0.2596676733021484,ade,ml
4306,2.4622375046148584,ade,ml
4307,1.144256893951201,ade,ml
4308,0.29613104746331853,ade,ml
4309,0.577346830247423,ade,ml
4310,1.0534509632822928,ade,ml
4311,1.7991470452135712,ade,ml
4312,0.20358249179730495,ade,ml
4313,2.509116868886362,ade,ml
4314,23.918742561752747,ade,ml
4315,0.3197235574953502,ade,ml
4316,1.3831918302451303,ade,ml
4317,1.1665050004429969,ade,ml
4318,0.8775928906802425,ade,ml
4319,1.3960386543779835,ade,ml
4320,1.5650552827346156,ade,ml
4321,0.26638261455139106,ade,ml
4322,0.960922901533458,ade,ml
4323,0.11893293854096953,ade,ml
4324,2.0740263351175443,ade,ml
4325,1.16795251035141,ade,ml
4326,0.877390302423259,ade,ml
4327,1.4522605625819063,ade,ml
4328,1.26837908150812,ade,ml
4329,1.4626451741881923,ade,ml
4330,0.20358249179730495,ade,ml
4331,1.8791660973831494,ade,ml
4332,30.421877807898667,ade,ml
4333,0.3680802317690326,ade,ml
4334,0.9818080341976781,ade,ml
4335,1.2997497365232151,ade,ml
4336,0.9673255828210578,ade,ml
4337,0.7443073556086786,ade,ml
4338,0.5276472902091769,ade,ml
4339,0.5482932942081101,ade,ml
4340,1.1959183213631857,ade,ml
4341,0.23993826726128922,ade,ml
4342,1.8161471084986731,ade,ml
4343,2.5856682725701803,ade,ml
4344,0.9284992590976137,ade,ml
4345,2.1519042592334796,ade,ml
4346,0.873226013135609,ade,ml
4347,1.743343219998717,ade,ml
4348,0.20358249179730495,ade,ml
4349,1.7704701199441626,ade,ml
4350,37.119085670946035,ade,ml
4351,0.290209123445828,ade,ml
4352,1.2602939670580857,ade,ml
4353,1.4517050086851349,ade,ml
4354,1.160498428628999,ade,ml
4355,0.6347715159446708,ade,ml
4356,0.9086853838380181,ade,ml
4357,0.38000094953620006,ade,ml
4358,2.160329895334249,ade,ml
4359,0.346384650916298,ade,ml
4360,3.065104309121674,ade,ml
4361,1.1363480942847184,ade,ml
4362,2.715049248867667,ade,ml
4363,1.1048082491383922,ade,ml
4364,1.4161807741377228,ade,ml
4365,0.20358249179730495,ade,ml
4366,9.981894770137702,ade,ml
4367,0.24277815396321759,ade,ml
4368,0.9907916705819813,ade,ml
4369,1.5486217945031668,ade,ml
4370,1.531906093008695,ade,ml
4371,0.4827740108478477,ade,ml
4372,1.3442962494568622,ade,ml
4373,0.6416206227617238,ade,ml
4374,3.273667620509178,ade,ml
4375,0.9389531715776994,ade,ml
4376,0.4621823153741021,ade,ml
4377,1.2082188675171224,ade,ml
4378,1.1829354525236486,ade,ml
4379,0.8626359490892099,ade,ml
4380,2.0586779391942467,ade,ml
4381,0.20358249179730495,ade,ml
4382,2.074719708452824,ade,ml
4383,0.4469113993485565,ade,ml
4384,1.5065025801209506,ade,ml
4385,1.4793797419923396,ade,ml
4386,1.1734085665846001,ade,ml
4387,0.42116675925786806,ade,ml
4388,1.6735139534007744,ade,ml
4389,0.8616765602280108,ade,ml
4390,3.126062905052392,ade,ml
4391,0.41277635094559884,ade,ml
4392,1.4186097078651798,ade,ml
4393,0.9143627195097341,ade,ml
4394,0.881894929598829,ade,ml
4395,1.9582498318266204,ade,ml
4396,0.20358249179730495,ade,ml
4397,1.3490381502624464,ade,ml
4398,1.389564844962435,ade,ml
4399,0.8891962937654379,ade,ml
4400,0.4005148555661669,ade,ml
4401,1.5223979693194982,ade,ml
4402,0.6841933049227696,ade,ml
4403,4.7333845293914125,ade,ml
4404,0.38630717011076704,ade,ml
4405,0.940410271801103,ade,ml
4406,0.48129848549119575,ade,ml
4407,0.8255423291027834,ade,ml
4408,2.126156909194422,ade,ml
4409,0.20358249179730495,ade,ml
4410,1.4921724436461525,ade,ml
4411,1.4162854333695698,ade,ml
4412,0.8966304479194142,ade,ml
4413,0.6890757075038101,ade,ml
4414,1.8435809069317435,ade,ml
4415,0.32343539636934077,ade,ml
4416,2.6357229996080798,ade,ml
4417,0.3259690417903332,ade,ml
4418,1.0364929221396955,ade,ml
4419,0.5894747609066019,ade,ml
4420,1.1886557020311121,ade,ml
4421,1.8606082928796503,ade,ml
4422,0.20358249179730495,ade,ml
4423,0.9920731659697676,ade,ml
4424,0.9883103222356237,ade,ml
4425,0.7023482799343449,ade,ml
4426,0.6665968300304557,ade,ml
4427,1.7908986231893997,ade,ml
4428,0.5815013738864496,ade,ml
4429,1.468395695438845,ade,ml
4430,0.15817936488225776,ade,ml
4431,2.193550401053232,ade,ml
4432,3.3656273998592234,ade,ml
4433,4.362550342480037,ade,ml
4434,0.1888841505708868,ade,ml
4435,1.0570629323553098,ade,ml
4436,2.2065721621147745,ade,ml
4437,2.336253869938439,ade,ml
4438,2.436261328915623,ade,ml
4439,11.19136458984678,ade,ml
4440,3.060321967364509,ade,ml
4441,1.199583942625736,ade,ml
4442,0.20486807848086452,ade,ml
4443,0.21344137923255235,ade,ml
4444,1.683107895229222,ade,ml
4445,2.2129419068856486,ade,ml
4446,0.3021139766893171,ade,ml
4447,1.1750838791095266,ade,ml
4448,4.807781850244706,ade,ml
4449,1.1739750867613854,ade,ml
4450,0.6349019804231332,ade,ml
4451,0.3822937793524999,ade,ml
4452,2.75691103552643,ade,ml
4453,0.19273215216793319,ade,ml
4454,0.40196279691804565,ade,ml
4455,2.011577387289015,ade,ml
4456,4.31728485955344,ade,ml
4457,0.2745775967249163,ade,ml
4458,0.7397114311396183,ade,ml
4459,0.36326440252242403,ade,ml
4460,0.6737931479631524,ade,ml
4461,1.4787939390119087,ade,ml
4462,9.358116809598746,ade,ml
4463,1.0278497138715212,ade,ml
4464,0.2639978287524705,ade,ml
4465,0.2324820300009466,ade,ml
4466,0.2362877214025673,ade,ml
4467,0.865147677607211,ade,ml
4468,0.6356932105241729,ade,ml
4469,1.8531276331500157,ade,ml
4470,2.5877877693331395,ade,ml
4471,0.13061508214391013,ade,ml
4472,0.922515369468126,ade,ml
4473,1.9067671208525125,ade,ml
4474,0.6907312288749029,ade,ml
4475,0.1902355388105652,ade,ml
4476,0.32737860599368723,ade,ml
4477,1.4019864177106474,ade,ml
4478,3.4841061385650725,ade,ml
4479,0.2512663817725043,ade,ml
4480,1.479423648790599,ade,ml
4481,0.3519175854684807,ade,ml
4482,0.19133289786725005,ade,ml
4483,0.9314228269495809,ade,ml
4484,8.501778670455408,ade,ml
4485,0.5459585853684876,ade,ml
4486,0.7423602831165667,ade,ml
4487,0.2372026963678501,ade,ml
4488,0.23720250422378,ade,ml
4489,0.8469162697026974,ade,ml
4490,0.6046520753535526,ade,ml
4491,2.2007403845363744,ade,ml
4492,1.8174013301306815,ade,ml
4493,0.5902955393334897,ade,ml
4494,1.3208618910092533,ade,ml
4495,2.397204100180925,ade,ml
4496,0.8363725608131011,ade,ml
4497,0.1833094204112037,ade,ml
4498,0.7105897864183289,ade,ml
4499,0.8565271561381073,ade,ml
4500,1.6467182846185702,ade,ml
4501,0.21595897902458794,ade,ml
4502,2.5091681612519445,ade,ml
4503,1.0556016190887012,ade,ml
4504,0.7658990725338796,ade,ml
4505,0.24765793162823738,ade,ml
4506,7.714160121705484,ade,ml
4507,0.9242026983055441,ade,ml
4508,1.4218067772241705,ade,ml
4509,0.23718521893730085,ade,ml
4510,0.23723447652951024,ade,ml
4511,0.5732983228896354,ade,ml
4512,0.6223069668484462,ade,ml
4513,2.682846430887576,ade,ml
4514,3.98159459535163,ade,ml
4515,1.5072891152234134,ade,ml
4516,1.4518645071663192,ade,ml
4517,3.2205603459568892,ade,ml
4518,1.6091783649830262,ade,ml
4519,0.1793626841086047,ade,ml
4520,0.5985888545262505,ade,ml
4521,1.4272063180907228,ade,ml
4522,1.864783956614488,ade,ml
4523,0.15994526971893977,ade,ml
4524,2.7390892331955228,ade,ml
4525,1.1139973963319199,ade,ml
4526,0.6508129845241535,ade,ml
4527,0.4456529015255111,ade,ml
4528,7.157800914781684,ade,ml
4529,1.4081109574406996,ade,ml
4530,1.5140710118092315,ade,ml
4531,0.25238253828162277,ade,ml
4532,0.17974684375489383,ade,ml
4533,0.7828045983616376,ade,ml
4534,0.7860555735677694,ade,ml
4535,2.5982948228303067,ade,ml
4536,3.5265588807644974,ade,ml
4537,0.2022225670886774,ade,ml
4538,0.7644579504153315,ade,ml
4539,3.2580637948826188,ade,ml
4540,2.2595033819235493,ade,ml
4541,0.1781397304735661,ade,ml
4542,0.9101173440949517,ade,ml
4543,0.27414665632368024,ade,ml
4544,1.319652752686891,ade,ml
4545,0.18918650824482777,ade,ml
4546,1.8340093784694957,ade,ml
4547,1.4645448275971489,ade,ml
4548,0.8147577162830104,ade,ml
4549,0.2965466400538211,ade,ml
4550,6.638441412693673,ade,ml
4551,1.584939019383407,ade,ml
4552,1.8522857960901986,ade,ml
4553,0.2024589267655683,ade,ml
4554,0.1761573286631267,ade,ml
4555,0.49039344886923314,ade,ml
4556,0.4999324421641295,ade,ml
4557,2.8206953384260935,ade,ml
4558,2.838154860229467,ade,ml
4559,0.697313390549989,ade,ml
4560,2.456204117291605,ade,ml
4561,2.7921135989783483,ade,ml
4562,1.9161968186480813,ade,ml
4563,0.1792914751083857,ade,ml
4564,0.313631480651161,ade,ml
4565,0.8131027751417808,ade,ml
4566,1.8178245585873036,ade,ml
4567,0.19056704822197415,ade,ml
4568,2.3765879318931953,ade,ml
4569,1.112611666480676,ade,ml
4570,0.20664500466507174,ade,ml
4571,0.6423562602917644,ade,ml
4572,6.383663984835889,ade,ml
4573,1.8372557872247735,ade,ml
4574,1.7689779803825283,ade,ml
4575,0.2107708537752405,ade,ml
4576,0.17975811500052408,ade,ml
4577,0.8247822982452298,ade,ml
4578,2.5105202496018317,ade,ml
4579,0.7881724757072766,ade,ml
4580,0.9849318594902049,ade,ml
4581,1.4028056632520398,ade,ml
4582,2.3189929766339046,ade,ml
4583,0.18107130061917953,ade,ml
4584,0.37004747110482716,ade,ml
4585,1.0310701384929948,ade,ml
4586,2.004988735928178,ade,ml
4587,0.2026331246756239,ade,ml
4588,1.913660492196455,ade,ml
4589,0.7682278857371646,ade,ml
4590,0.3513793892512885,ade,ml
4591,0.9724359671927983,ade,ml
4592,6.436375363215887,ade,ml
4593,1.5722495930776035,ade,ml
4594,1.3390004693555013,ade,ml
4595,0.18373703146465944,ade,ml
4596,0.18211232922976228,ade,ml
4597,0.6591247614500088,ade,ml
4598,2.200046857848132,ade,ml
4599,0.7937663621395559,ade,ml
4600,1.263977949381924,ade,ml
4601,1.0255003380361936,ade,ml
4602,1.5135071032357474,ade,ml
4603,0.18139907698978522,ade,ml
4604,1.340370527632669,ade,ml
4605,1.8723750899465041,ade,ml
4606,4.278129506603757,ade,ml
4607,0.21588211251542824,ade,ml
4608,1.3024603461572652,ade,ml
4609,0.17623318986924263,ade,ml
4610,1.2433802279443271,ade,ml
4611,1.8355462728197736,ade,ml
4612,7.113196503033873,ade,ml
4613,0.719533502434487,ade,ml
4614,0.4524748956205273,ade,ml
4615,0.15703785353675823,ade,ml
4616,0.1821006230682651,ade,ml
4617,0.8885893572138371,ade,ml
4618,1.3431195664648587,ade,ml
4619,1.0972994589763188,ade,ml
4620,0.5491375401205897,ade,ml
4621,0.20538307618369964,ade,ml
4622,1.9472982559566159,ade,ml
4623,3.6095846760954173,ade,ml
4624,0.18118119452669346,ade,ml
4625,1.2022396344369108,ade,ml
4626,2.01831691767221,ade,ml
4627,4.4128191297169765,ade,ml
4628,0.23017969898735044,ade,ml
4629,2.722386474539256,ade,ml
4630,0.24135942790810203,ade,ml
4631,1.0617538846920611,ade,ml
4632,1.7047108137891183,ade,ml
4633,6.962283710969229,ade,ml
4634,1.6408218160359258,ade,ml
4635,0.7360915714604678,ade,ml
4636,0.15571301058676712,ade,ml
4637,0.1821491320017011,ade,ml
4638,0.604029318585122,ade,ml
4639,1.4670108188880473,ade,ml
4640,0.23400102730043293,ade,ml
4641,0.4612765033031208,ade,ml
4642,0.82007961232017,ade,ml
4643,2.644836344578071,ade,ml
4644,2.143570440208201,ade,ml
4645,0.17764597017667347,ade,ml
4646,0.3593124230067055,ade,ml
4647,1.319309173999663,ade,ml
4648,3.9676183137873946,ade,ml
4649,0.21489663913497903,ade,ml
4650,1.0869717117304776,ade,ml
4651,0.8868264321741138,ade,ml
4652,0.14820436235112355,ade,ml
4653,0.7085357655329304,ade,ml
4654,6.357724676577193,ade,ml
4655,2.4762224111607773,ade,ml
4656,1.4778537673803784,ade,ml
4657,0.19055892382423023,ade,ml
4658,0.1821637625843362,ade,ml
4659,0.7251650588338557,ade,ml
4660,2.2041335247779563,ade,ml
4661,2.2561408535202254,ade,ml
4662,1.510928257120921,ade,ml
4663,0.7822618097308501,ade,ml
4664,2.9118305970103315,ade,ml
4665,1.1730105504461579,ade,ml
4666,0.17877080490539685,ade,ml
4667,0.4834992204003365,ade,ml
4668,1.1413447139286017,ade,ml
4669,3.7518083376064584,ade,ml
4670,0.18104350217342569,ade,ml
4671,2.282267561415941,ade,ml
4672,1.349299521782548,ade,ml
4673,0.3157352673281371,ade,ml
4674,0.572251471002894,ade,ml
4675,5.602732114386025,ade,ml
4676,3.9615882677445575,ade,ml
4677,2.573439938320893,ade,ml
4678,0.20132027943044084,ade,ml
4679,0.18216444583939037,ade,ml
4680,0.6657535480693352,ade,ml
4681,2.6365524834905045,ade,ml
4682,1.717489357964281,ade,ml
4683,1.6953651419585143,ade,ml
4684,1.181211560084379,ade,ml
4685,3.8915180304408943,ade,ml
4686,0.9561172475555999,ade,ml
4687,0.18011673318968316,ade,ml
4688,0.4576289736395333,ade,ml
4689,1.3611411674660854,ade,ml
4690,4.032446283460996,ade,ml
4691,0.19691190985643114,ade,ml
4692,2.4418201290333137,ade,ml
4693,0.9280706498259438,ade,ml
4694,0.21590729911925424,ade,ml
4695,0.807927879200712,ade,ml
4696,5.201803775821615,ade,ml
4697,3.5554052230009234,ade,ml
4698,2.3562268448417356,ade,ml
4699,0.19675646247460862,ade,ml
4700,0.18226641374161892,ade,ml
4701,0.7470915410664692,ade,ml
4702,2.27579299687921,ade,ml
4703,0.9544692164108745,ade,ml
4704,1.3914628294938465,ade,ml
4705,0.9174076284822222,ade,ml
4706,2.626668603121106,ade,ml
4707,1.5518777038678355,ade,ml
4708,0.17833071999478659,ade,ml
4709,1.0144296546052547,ade,ml
4710,0.6763527291638177,ade,ml
4711,3.6939257924247992,ade,ml
4712,0.21397004812494724,ade,ml
4713,2.762998533277931,ade,ml
4714,1.286631547236863,ade,ml
4715,0.9425694393481461,ade,ml
4716,0.45294466688713503,ade,ml
4717,4.248333138977492,ade,ml
4718,3.810237876698031,ade,ml
4719,2.6864392329458844,ade,ml
4720,0.1849952632171075,ade,ml
4721,0.18231782251180587,ade,ml
4722,0.6463023146623598,ade,ml
4723,2.5808799699665177,ade,ml
4724,1.1564545755503914,ade,ml
4725,1.908576745612135,ade,ml
4726,2.577354885558266,ade,ml
4727,2.924451451755582,ade,ml
4728,2.262868568152024,ade,ml
4729,0.18068616734106657,ade,ml
4730,0.7708809750205278,ade,ml
4731,1.1941304602187992,ade,ml
4732,4.059856000441608,ade,ml
4733,0.24044564460139947,ade,ml
4734,4.223269457865084,ade,ml
4735,0.9957959606269383,ade,ml
4736,0.33189621791015095,ade,ml
4737,0.9078049529521266,ade,ml
4738,3.411558936100151,ade,ml
4739,5.153430618359636,ade,ml
4740,2.5614890094471034,ade,ml
4741,0.18516103342545778,ade,ml
4742,0.18222519741386575,ade,ml
4743,0.9085386850730636,ade,ml
4744,2.0624989420474544,ade,ml
4745,0.7536972318324683,ade,ml
4746,1.2897526668218149,ade,ml
4747,0.25296154039448854,ade,ml
4748,2.6305164048870555,ade,ml
4749,2.3702014653157217,ade,ml
4750,0.17737605908754264,ade,ml
4751,0.3835916171418155,ade,ml
4752,2.0988370429079573,ade,ml
4753,4.296485098597528,ade,ml
4754,0.19673093383077309,ade,ml
4755,1.7195266467676873,ade,ml
4756,0.58843060628482,ade,ml
4757,0.9707943479269697,ade,ml
4758,1.3112082713858597,ade,ml
4759,3.772029059029169,ade,ml
4760,0.8602842635775229,ade,ml
4761,0.5969319968970925,ade,ml
4762,0.18338465738839907,ade,ml
4763,0.18218707577825777,ade,ml
4764,0.6756756122601658,ade,ml
4765,1.6384763064373107,ade,ml
4766,0.8657507945104493,ade,ml
4767,0.604214682667165,ade,ml
4768,0.2482169751003186,ade,ml
4769,3.752846505853931,ade,ml
4770,0.7751321061104788,ade,ml
4771,0.17864180290349693,ade,ml
4772,0.7091198994919202,ade,ml
4773,2.5492911593788117,ade,ml
4774,4.49283441799301,ade,ml
4775,0.18981741799476873,ade,ml
4776,2.829183522858859,ade,ml
4777,0.75776548992547,ade,ml
4778,1.104669023691561,ade,ml
4779,1.5380738414736548,ade,ml
4780,2.0652368975447932,ade,ml
4781,1.8485155758584761,ade,ml
4782,0.856258380499369,ade,ml
4783,0.1798939150455248,ade,ml
4784,0.24280919069545528,ade,ml
4785,0.6809499950481502,ade,ml
4786,1.424647574143201,ade,ml
4787,1.1714257511861677,ade,ml
4788,0.6847244370155209,ade,ml
4789,0.7534395421332829,ade,ml
4790,4.0504304916327305,ade,ml
4791,0.8416567123842347,ade,ml
4792,0.17629154609295963,ade,ml
4793,0.20532483655578526,ade,ml
4794,2.1342800934617316,ade,ml
4795,4.235599225943261,ade,ml
4796,0.1853133851696416,ade,ml
4797,1.9903946475655336,ade,ml
4798,0.7787673410687764,ade,ml
4799,0.3378635619526782,ade,ml
4800,0.9526751406017943,ade,ml
4801,1.223051474199469,ade,ml
4802,0.9982585505317444,ade,ml
4803,1.659224124354678,ade,ml
4804,0.2305797361755468,ade,ml
4805,0.24035675421536298,ade,ml
4806,0.6559172655296055,ade,ml
4807,1.8550179860104141,ade,ml
4808,1.0778402350625196,ade,ml
4809,0.9653782621666106,ade,ml
4810,1.7825972096378635,ade,ml
4811,3.2794319502305016,ade,ml
4812,1.552080270476169,ade,ml
4813,0.17704601424839425,ade,ml
4814,0.6057627085560296,ade,ml
4815,1.6927776600795257,ade,ml
4816,3.9535931464554643,ade,ml
4817,0.18471228924261707,ade,ml
4818,1.0354209248529205,ade,ml
4819,0.9722117606812571,ade,ml
4820,0.275472174662908,ade,ml
4821,0.6345930861802822,ade,ml
4822,0.5684190785783578,ade,ml
4823,0.26780011202259774,ade,ml
4824,2.2870158031407715,ade,ml
4825,0.2209456268442731,ade,ml
4826,0.24008918984852412,ade,ml
4827,0.7078724876044079,ade,ml
4828,2.2804525308368633,ade,ml
4829,1.8252874120787672,ade,ml
4830,1.5326325092584598,ade,ml
4831,2.230725471471446,ade,ml
4832,3.2655854176447328,ade,ml
4833,2.158785141827693,ade,ml
4834,0.23630786602767406,ade,ml
4835,0.7249952588103783,ade,ml
4836,1.6529852053871759,ade,ml
4837,3.7955178770186997,ade,ml
4838,0.18881132350431393,ade,ml
4839,1.362275936293334,ade,ml
4840,1.2094430874159101,ade,ml
4841,0.3612676591950972,ade,ml
4842,0.8098010096488671,ade,ml
4843,0.3238796488662159,ade,ml
4844,0.6880769624871057,ade,ml
4845,2.5167253785950368,ade,ml
4846,0.21241020047263237,ade,ml
4847,0.18214781166792907,ade,ml
4848,0.7239653718262721,ade,ml
4849,2.404275780885333,ade,ml
4850,1.8785576385216103,ade,ml
4851,1.601162626191682,ade,ml
4852,1.9683567209706385,ade,ml
4853,4.161828557538741,ade,ml
4854,2.679667040440328,ade,ml
4855,0.23514072464919655,ade,ml
4856,0.3202736963331038,ade,ml
4857,1.2001235703836575,ade,ml
4858,3.5414790497684385,ade,ml
4859,0.20194468142346014,ade,ml
4860,0.24331705827532038,ade,ml
4861,1.2860458119584586,ade,ml
4862,0.3450487088704695,ade,ml
4863,0.3298495580589695,ade,ml
4864,1.3607445935236535,ade,ml
4865,0.7298370079395405,ade,ml
4866,2.5718518901745315,ade,ml
4867,0.18770885671038137,ade,ml
4868,0.1819365525971179,ade,ml
4869,0.7647642283693777,ade,ml
4870,2.2045388372537897,ade,ml
4871,2.2700141963404015,ade,ml
4872,1.7279454144095432,ade,ml
4873,1.1723339869068363,ade,ml
4874,0.4962486839697952,ade,ml
4875,1.7465552376413687,ade,ml
4876,0.20358186672212006,ade,ml
4877,0.5029429744595203,ade,ml
4878,0.9132979541814982,ade,ml
4879,3.1307533589240957,ade,ml
4880,0.20894483922523233,ade,ml
4881,0.27390171651533396,ade,ml
4882,1.671083149745195,ade,ml
4883,0.6404318481496244,ade,ml
4884,0.5534740857511302,ade,ml
4885,2.602107512543042,ade,ml
4886,0.8279491144889372,ade,ml
4887,2.9796944491228,ade,ml
4888,0.1991700348585875,ade,ml
4889,0.1820492444078964,ade,ml
4890,0.7642526084449978,ade,ml
4891,2.3145616920783554,ade,ml
4892,1.696432558825063,ade,ml
4893,1.065207373671097,ade,ml
4894,0.688283194072553,ade,ml
4895,2.2969414243061603,ade,ml
4896,0.20358186672212006,ade,ml
4897,1.1752957438806648,ade,ml
4898,1.783575705028601,ade,ml
4899,3.3957814947454827,ade,ml
4900,0.2093427081539813,ade,ml
4901,0.640130839389532,ade,ml
4902,1.3322750145037252,ade,ml
4903,0.22086213879163985,ade,ml
4904,0.8842859551320998,ade,ml
4905,2.1568996745344617,ade,ml
4906,1.0547229154964424,ade,ml
4907,1.7464761378748177,ade,ml
4908,0.20240567182745264,ade,ml
4909,0.18215804422279305,ade,ml
4910,0.9722883219007349,ade,ml
4911,0.6246493598943569,ade,ml
4912,1.1468633614227095,ade,ml
4913,0.4010974506953042,ade,ml
4914,0.5568797956136559,ade,ml
4915,1.7837889560717277,ade,ml
4916,0.20358186672212006,ade,ml
4917,1.4320277561463772,ade,ml
4918,2.4309142446785277,ade,ml
4919,3.5724022078681004,ade,ml
4920,0.1468186262946097,ade,ml
4921,1.1803794754708161,ade,ml
4922,1.3324484065847224,ade,ml
4923,0.4038418819549779,ade,ml
4924,1.017163046307816,ade,ml
4925,2.091914466988379,ade,ml
4926,0.9316622378778358,ade,ml
4927,0.7094231688535108,ade,ml
4928,0.20477386423200408,ade,ml
4929,0.18221410499146803,ade,ml
4930,0.9970231894110698,ade,ml
4931,0.2092105100796251,ade,ml
4932,0.8209799602673299,ade,ml
4933,0.2769081644906564,ade,ml
4934,1.08422317428688,ade,ml
4935,0.9002658020162784,ade,ml
4936,0.20358186672212006,ade,ml
4937,1.7931050729871556,ade,ml
4938,2.8803934799687974,ade,ml
4939,3.483758104722098,ade,ml
4940,0.15903336275635646,ade,ml
4941,1.5223604113733693,ade,ml
4942,1.903962798099743,ade,ml
4943,1.4604503143579757,ade,ml
4944,1.195171450754496,ade,ml
4945,4.0564051769531195,ade,ml
4946,1.143673426656448,ade,ml
4947,0.6517927503851758,ade,ml
4948,0.21009200328143554,ade,ml
4949,0.18218590480162852,ade,ml
4950,1.1057024549536663,ade,ml
4951,0.1816053470599266,ade,ml
4952,0.466614922583265,ade,ml
4953,0.31918849794293186,ade,ml
4954,0.5448653001656939,ade,ml
4955,1.089023592658821,ade,ml
4956,0.20358186672212006,ade,ml
4957,0.9407185463596913,ade,ml
4958,1.9161169176837223,ade,ml
4959,1.972339580449475,ade,ml
4960,0.20423583409165916,ade,ml
4961,0.7400533859507056,ade,ml
4962,0.9002558392402107,ade,ml
4963,0.6265254757508711,ade,ml
4964,0.5327522850194417,ade,ml
4965,2.4077714355969704,ade,ml
4966,0.5357554756274007,ade,ml
4967,1.5136127143982678,ade,ml
4968,0.18879654158626558,ade,ml
4969,0.18212743265052925,ade,ml
4970,0.6684241019269126,ade,ml
4971,1.5102051054616898,ade,ml
4972,1.621314665742949,ade,ml
4973,0.8789068003061896,ade,ml
4974,1.2653218043132768,ade,ml
4975,1.5411003723490644,ade,ml
4976,0.20358186672212006,ade,ml
4977,0.7632442860520784,ade,ml
4978,1.7217333318547265,ade,ml
4979,2.0355022526335325,ade,ml
4980,0.2369460846383545,ade,ml
4981,0.6576501125681504,ade,ml
4982,1.4927248011935446,ade,ml
4983,0.45949052058731077,ade,ml
4984,0.6126174442287885,ade,ml
4985,2.2025178850067064,ade,ml
4986,1.0187887435644043,ade,ml
4987,1.7391938273218581,ade,ml
4988,0.18214788669046708,ade,ml
4989,0.182151035758346,ade,ml
4990,0.8622803347120481,ade,ml
4991,0.12679155987033175,ade,ml
4992,1.9317577088792899,ade,ml
4993,0.843268608504092,ade,ml
4994,0.9831534899087325,ade,ml
4995,2.1941610903370417,ade,ml
4996,0.2240895257747418,ade,ml
4997,0.6934503174029508,ade,ml
4998,1.6102806070666444,ade,ml
4999,1.9962035069904767,ade,ml
5000,0.19531947384639867,ade,ml
5001,0.6137761079961463,ade,ml
5002,1.296435212141253,ade,ml
5003,0.48088088453887456,ade,ml
5004,0.3746376990669802,ade,ml
5005,2.3366462014774982,ade,ml
5006,1.2712458412019394,ade,ml
5007,1.5393891198433618,ade,ml
5008,0.1718169605486143,ade,ml
5009,0.1821652079952808,ade,ml
5010,1.097512857027799,ade,ml
5011,1.0872320396961046,ade,ml
5012,1.6962550939057184,ade,ml
5013,0.9722723295009362,ade,ml
5014,1.197344403641279,ade,ml
5015,2.113162296224756,ade,ml
5016,0.23665004926820665,ade,ml
5017,0.3310684814214014,ade,ml
5018,1.1429298030317927,ade,ml
5019,1.879607504243877,ade,ml
5020,0.14198067846109327,ade,ml
5021,0.46184041092045297,ade,ml
5022,1.6035245373299292,ade,ml
5023,0.18874574795719842,ade,ml
5024,0.5239270166729751,ade,ml
5025,2.1460607609189686,ade,ml
5026,1.7772324418031191,ade,ml
5027,1.5463561543804631,ade,ml
5028,0.16081852656283288,ade,ml
5029,0.1821732329990912,ade,ml
5030,1.278086722156787,ade,ml
5031,1.7564718871716873,ade,ml
5032,1.8028042386382452,ade,ml
5033,2.21174326863851,ade,ml
5034,1.3829919566851219,ade,ml
5035,2.271567863849876,ade,ml
5036,0.23795516120189478,ade,ml
5037,0.20713798853289686,ade,ml
5038,1.1831014300598899,ade,ml
5039,2.0217820508515367,ade,ml
5040,0.13153108436703861,ade,ml
5041,1.7564950231755223,ade,ml
5042,0.3496141213725097,ade,ml
5043,0.827129028694062,ade,ml
5044,3.9296425284647487,ade,ml
5045,3.46776666817,ade,ml
5046,1.4148173731083673,ade,ml
5047,0.15417938698529093,ade,ml
5048,0.18442363508444792,ade,ml
5049,1.4671663574237581,ade,ml
5050,1.4813147349169906,ade,ml
5051,1.6545898979130929,ade,ml
5052,0.5768958846108945,ade,ml
5053,1.715314870030449,ade,ml
5054,3.4483183263521258,ade,ml
5055,0.23993426639143223,ade,ml
5056,0.8818656765028062,ade,ml
5057,1.990826144717986,ade,ml
5058,2.986450772293669,ade,ml
5059,0.21621632966192264,ade,ml
5060,0.6682466274679495,ade,ml
5061,1.298009916959578,ade,ml
5062,1.4422071793868623,ade,ml
5063,3.251215889147185,ade,ml
5064,1.86898580813996,ade,ml
5065,1.1096786449789864,ade,ml
5066,0.19458787045156686,ade,ml
5067,0.18319748479816614,ade,ml
5068,0.6658152444803423,ade,ml
5069,0.33666634271707707,ade,ml
5070,1.113605779879347,ade,ml
5071,0.20186455799154523,ade,ml
5072,0.9500661312377715,ade,ml
5073,2.8384361834823686,ade,ml
5074,1.324248784614525,ade,ml
5075,0.17794758562871346,ade,ml
5076,2.9383859657051867,ade,ml
5077,0.7092971722400662,ade,ml
5078,1.6389807138779677,ade,ml
5079,0.7983240315806093,ade,ml
5080,0.44203250987474413,ade,ml
5081,3.211311527988453,ade,ml
5082,0.15764229502202654,ade,ml
5083,1.270795572887544,ade,ml
5084,0.17933179646554998,ade,ml
5085,2.6239354279924627,ade,ml
5086,1.0157447295148496,ade,ml
5087,0.22376038283507926,ade,ml
5088,1.7577135375319013,ade,ml
5089,0.7301356678764653,ade,ml
5090,3.638938406580594,ade,ml
5091,0.853020285944671,ade,ml
5092,1.6913197245768672,ade,ml
5093,2.098737783994724,ade,ml
5094,0.17202013173457129,ade,ml
5095,0.7744565402373992,ade,ml
5096,0.21395542278996013,ade,ml
5097,1.1105738038813804,ade,ml
5098,0.8391415073735832,ade,ml
5099,0.21427747673839712,ade,ml
5100,1.214128241206046,ade,ml
5101,1.3950592847708145,ade,ml
5102,2.773652660992193,ade,ml
5103,1.4464318026072291,ade,ml
5104,0.8172870945214901,ade,ml
5105,1.799528326698238,ade,ml
5106,0.17627069389940608,ade,ml
5107,0.8597887150556497,ade,ml
5108,0.21574775017801648,ade,ml
5109,0.6547770472754374,ade,ml
5110,0.7977377436402958,ade,ml
5111,0.22064898650392262,ade,ml
5112,0.6417166397023002,ade,ml
5113,2.324499905187315,ade,ml
5114,2.105182550371365,ade,ml
5115,2.163034245135404,ade,ml
5116,0.4534247137713863,ade,ml
5117,1.5047126376320847,ade,ml
5118,0.18023319396648577,ade,ml
5119,1.2147429328515744,ade,ml
5120,0.2093959605388691,ade,ml
5121,0.1441631110355093,ade,ml
5122,1.167340088406817,ade,ml
5123,0.18742910929601142,ade,ml
5124,0.245576694579014,ade,ml
5125,0.9362584980473835,ade,ml
5126,2.0517839586874,ade,ml
5127,2.608024918505181,ade,ml
5128,1.9811850461826401,ade,ml
5129,1.2360630190832131,ade,ml
5130,0.8631857031285977,ade,ml
5131,0.17611539225761583,ade,ml
5132,1.1318529776723703,ade,ml
5133,0.20394650277416168,ade,ml
5134,0.22015333198654874,ade,ml
5135,0.27883807446260883,ade,ml
5136,0.6712704042604746,ade,ml
5137,0.3684422367905808,ade,ml
5138,0.3878032773394143,ade,ml
5139,2.018368380890558,ade,ml
5140,1.7470321382143918,ade,ml
5141,1.9944192468147328,ade,ml
5142,0.4096199051918554,ade,ml
5143,0.2102114444965807,ade,ml
5144,0.17416133969664024,ade,ml
5145,1.769795968823613,ade,ml
5146,0.20159834826050327,ade,ml
5147,0.5005320753389121,ade,ml
5148,1.47926081479074,ade,ml
5149,0.46982682709018886,ade,ml
5150,0.48614826775274844,ade,ml
5151,0.4928575894988483,ade,ml
5152,0.4729700216628265,ade,ml
5153,1.6918536925483905,ade,ml
5154,2.3508505874623946,ade,ml
5155,1.7435183262734528,ade,ml
5156,0.24364475513456885,ade,ml
5157,0.30548331253505356,ade,ml
5158,0.17435999298742302,ade,ml
5159,0.2018870944677221,ade,ml
5160,0.4914547645523521,ade,ml
5161,1.7526125942294166,ade,ml
5162,0.13382007952172525,ade,ml
5163,0.2813939330924094,ade,ml
5164,0.6249901739423133,ade,ml
5165,1.5634848355819235,ade,ml
5166,2.3874588132536565,ade,ml
5167,1.743524505401614,ade,ml
5168,0.22436403710534844,ade,ml
5169,0.2035104925426298,ade,ml
5170,0.17556702761943122,ade,ml
5171,0.20358303869459835,ade,ml
5172,0.349880550818827,ade,ml
5173,2.108383441142488,ade,ml
5174,1.571826125903276,ade,ml
5175,0.22842759621328956,ade,ml
5176,1.2128952403592785,ade,ml
5177,0.7628883525911075,ade,ml
5178,1.9868893614732823,ade,ml
5179,1.080781480838085,ade,ml
5180,0.22205195201643926,ade,ml
5181,1.9179817173603773,ade,ml
5182,0.17540819150481868,ade,ml
5183,0.20358303869459835,ade,ml
5184,0.7999959837449969,ade,ml
5185,1.4324455787585855,ade,ml
5186,1.4167382579062406,ade,ml
5187,0.34393327657712414,ade,ml
5188,1.5221341286770513,ade,ml
5189,0.6093343292815607,ade,ml
5190,3.2002561294039924,ade,ml
5191,1.402550588206167,ade,ml
5192,0.43586751174345567,ade,ml
5193,1.8766504690264612,ade,ml
5194,0.17690986594836122,ade,ml
5195,0.20358303869459835,ade,ml
5196,0.9290109729556694,ade,ml
5197,1.4336714042890142,ade,ml
5198,0.6846606392406525,ade,ml
5199,0.170413978157638,ade,ml
5200,0.9497419059949447,ade,ml
5201,1.9660158017941665,ade,ml
5202,2.5422252359488806,ade,ml
5203,3.1208477122457237,ade,ml
5204,0.17870487267073853,ade,ml
5205,1.733209580033295,ade,ml
5206,0.17671611929792563,ade,ml
5207,0.20358303869459835,ade,ml
5208,0.5523708063090497,ade,ml
5209,2.3644660701200855,ade,ml
5210,0.2651288021703228,ade,ml
5211,0.18823737076990724,ade,ml
5212,0.8204153070177885,ade,ml
5213,2.167331770358931,ade,ml
5214,4.017743371937644,ade,ml
5215,4.029536320808398,ade,ml
5216,0.18271912643587795,ade,ml
5217,1.5753849375344717,ade,ml
5218,0.17644247417865552,ade,ml
5219,0.20358303869459835,ade,ml
5220,0.668006878888597,ade,ml
5221,2.6439389842260392,ade,ml
5222,0.7029498231464594,ade,ml
5223,0.21521984664428773,ade,ml
5224,1.0890823137791792,ade,ml
5225,1.4397259871640058,ade,ml
5226,1.5931093601459974,ade,ml
5227,2.46794811862233,ade,ml
5228,0.1891260271613798,ade,ml
5229,0.640283672226122,ade,ml
5230,0.17544240020085625,ade,ml
5231,0.20358303869459835,ade,ml
5232,0.6694419846630869,ade,ml
5233,1.4549071997414942,ade,ml
5234,0.8689904118744937,ade,ml
5235,0.26344437429604234,ade,ml
5236,1.4539226073316653,ade,ml
5237,1.4040236916509,ade,ml
5238,0.3094454782909978,ade,ml
5239,1.9193494066115726,ade,ml
5240,0.19489351411048353,ade,ml
5241,0.556953989852308,ade,ml
5242,0.1755853767749629,ade,ml
5243,0.20358303869459835,ade,ml
5244,0.9472368493424415,ade,ml
5245,0.7461039548435894,ade,ml
5246,0.6546338053874002,ade,ml
5247,0.3363454821608056,ade,ml
5248,1.1781296189359154,ade,ml
5249,0.4870822032165843,ade,ml
5250,2.7124916773859566,ade,ml
5251,0.21330266213320478,ade,ml
5252,0.5871294587762118,ade,ml
5253,0.17583691276006094,ade,ml
5254,0.20358303869459835,ade,ml
5255,1.4076227963272938,ade,ml
5256,0.47875625195508803,ade,ml
5257,0.8312836783016944,ade,ml
5258,0.21616611653268183,ade,ml
5259,2.078347211661394,ade,ml
5260,0.1686165116893746,ade,ml
5261,3.045065256514183,ade,ml
5262,0.1474169257335858,ade,ml
5263,0.2538606534397378,ade,ml
5264,0.17459537932402333,ade,ml
5265,0.20358303869459835,ade,ml
5266,0.48451253475675166,ade,ml
5267,1.9223531912280494,ade,ml
5268,0.5240371778832741,ade,ml
5269,0.23400576471118298,ade,ml
5270,1.872021217052427,ade,ml
5271,0.1723345270312071,ade,ml
5272,3.5904909625026353,ade,ml
5273,0.14434058667630698,ade,ml
5274,0.17607398305964708,ade,ml
5275,0.20358303869459835,ade,ml
5276,0.5955793036799264,ade,ml
5277,1.5332418298912727,ade,ml
5278,0.42058651461625357,ade,ml
5279,0.22679481927820785,ade,ml
5280,1.8648114485463687,ade,ml
5281,0.20683200953604217,ade,ml
5282,2.9497476609081112,ade,ml
5283,0.22595917125638554,ade,ml
5284,0.17565849742090922,ade,ml
5285,0.20358303869459835,ade,ml
5286,1.8883358436151763,ade,ml
5287,1.9570025101286188,ade,ml
5288,0.527012000218564,ade,ml
5289,0.2595623379270002,ade,ml
5290,1.4046791359076958,ade,ml
5291,0.3054246757789299,ade,ml
5292,1.4389900313127546,ade,ml
5293,0.2901520200830497,ade,ml
5294,0.1756764584763101,ade,ml
5295,0.20358303869459835,ade,ml
5296,2.059129335497951,ade,ml
5297,1.8166684854835298,ade,ml
5298,0.7124219094895184,ade,ml
5299,6.427408050642057,ade,ml
5300,0.5748468254973934,ade,ml
5301,0.8407512618916312,ade,ml
5302,0.3756691054314391,ade,ml
5303,2.016056304689757,ade,ml
5304,0.3735700312446178,ade,ml
5305,3.2059120023538576,ade,ml
5306,0.375465005128079,ade,ml
5307,0.17707583119205914,ade,ml
5308,0.20358303869459835,ade,ml
5309,1.795957262473591,ade,ml
5310,2.448950154145992,ade,ml
5311,1.0265910564211793,ade,ml
5312,4.7319965187715525,ade,ml
5313,0.9818351641630138,ade,ml
5314,0.2856682800718417,ade,ml
5315,0.18025678582985974,ade,ml
5316,2.040449271909874,ade,ml
5317,0.2385638066004225,ade,ml
5318,1.363114911596828,ade,ml
5319,0.17717144631274617,ade,ml
5320,0.1747507779108637,ade,ml
5321,0.20358303869459835,ade,ml
5322,1.7293166568931693,ade,ml
5323,2.032553605354611,ade,ml
5324,1.2350289804138994,ade,ml
5325,4.258324020257424,ade,ml
5326,1.8274023142459674,ade,ml
5327,9.141756956012776,ade,ml
5328,0.5359709041105581,ade,ml
5329,0.18587529735068534,ade,ml
5330,2.5025304081393216,ade,ml
5331,0.23096899275293314,ade,ml
5332,2.6449268777331985,ade,ml
5333,0.12299917982387747,ade,ml
5334,0.1756333647801358,ade,ml
5335,0.20358303869459835,ade,ml
5336,2.414463272039233,ade,ml
5337,1.5287347927706858,ade,ml
5338,3.7356556593779957,ade,ml
5339,7.036124845002237,ade,ml
5340,0.3498006089391535,ade,ml
5341,0.20646151485522032,ade,ml
5342,1.3034312786507245,ade,ml
5343,0.2019402656089702,ade,ml
5344,1.5022467196032563,ade,ml
5345,0.11539416645640982,ade,ml
5346,0.17496835294695012,ade,ml
5347,0.20358303869459835,ade,ml
5348,1.2287628131769606,ade,ml
5349,1.1601275857794031,ade,ml
5350,3.9941850487323722,ade,ml
5351,6.74077027762764,ade,ml
5352,0.377761956257523,ade,ml
5353,0.2623682118553729,ade,ml
5354,1.5398941126393488,ade,ml
5355,0.1644471261651459,ade,ml
5356,1.2181022488017865,ade,ml
5357,0.15088731635555644,ade,ml
5358,0.17489118302429194,ade,ml
5359,0.20358303869459835,ade,ml
5360,0.9337518736781617,ade,ml
5361,0.9731805775708541,ade,ml
5362,4.205801311623991,ade,ml
5363,5.8357651988839905,ade,ml
5364,0.3416698846833471,ade,ml
5365,0.29432512994622556,ade,ml
5366,1.4786778907816363,ade,ml
5367,0.16898521951990506,ade,ml
5368,1.74084449121662,ade,ml
5369,0.1880232932592535,ade,ml
5370,0.17509232770482444,ade,ml
5371,0.20358303869459835,ade,ml
5372,0.6610486065251235,ade,ml
5373,0.948798920966262,ade,ml
5374,4.48708811325193,ade,ml
5375,5.470123223005395,ade,ml
5376,0.22042856750669107,ade,ml
5377,0.2735009261444636,ade,ml
5378,2.544677176560341,ade,ml
5379,0.1915601516677368,ade,ml
5380,2.278770184457423,ade,ml
5381,0.31450166870384705,ade,ml
5382,0.1741513094232916,ade,ml
5383,0.20358303869459835,ade,ml
5384,2.328820641160261,ade,ml
5385,1.7687051018528193,ade,ml
5386,3.8955530960965574,ade,ml
5387,4.914659701728384,ade,ml
5388,5.207595881534154,ade,ml
5389,5.463400034880576,ade,ml
5390,2.248361368906302,ade,ml
5391,1.5687254958901218,ade,ml
5392,2.7211561074556587,ade,ml
5393,4.9360034317403985,ade,ml
5394,0.1571354583606147,ade,ml
5395,0.8787220216118818,ade,ml
5396,1.0495748258932496,ade,ml
5397,1.283974877980175,ade,ml
5398,2.4398082927926206,ade,ml
5399,3.1520502579263927,ade,ml
5400,2.871831049500615,ade,ml
5401,0.6167175938072111,ade,ml
5402,3.720493500592646,ade,ml
5403,2.562751287080782,ade,ml
5404,3.948961055478683,ade,ml
5405,0.7772610830760516,ade,ml
5406,0.6688998529175593,ade,ml
5407,3.231070959501125,ade,ml
5408,0.21622496915471542,ade,ml
5409,2.1165114353174155,ade,ml
5410,1.0928752771775727,ade,ml
5411,3.7760609278752857,ade,ml
5412,0.9886345881554393,ade,ml
5413,1.9923640336131943,ade,ml
5414,4.709618298814119,ade,ml
5415,3.7228240244012802,ade,ml
5416,0.181033992570106,ade,ml
5417,0.7570018912367696,ade,ml
5418,0.5381203077105754,ade,ml
5419,2.5776195175109575,ade,ml
5420,1.3707389262458565,ade,ml
5421,1.3812777578448856,ade,ml
5422,1.0489794770816943,ade,ml
5423,1.9526048237095524,ade,ml
5424,4.414490900932966,ade,ml
5425,1.5153797355986092,ade,ml
5426,2.4034671045686,ade,ml
5427,1.5325440257821328,ade,ml
5428,0.7299232452963974,ade,ml
5429,3.6766290270254687,ade,ml
5430,0.2422221571073856,ade,ml
5431,1.8386584531928365,ade,ml
5432,0.20589398124081304,ade,ml
5433,2.515194138186263,ade,ml
5434,1.1257390383960626,ade,ml
5435,0.6744051139002631,ade,ml
5436,2.9467548848494154,ade,ml
5437,3.2155684822351005,ade,ml
5438,0.1827412999378192,ade,ml
5439,0.6031964063021141,ade,ml
5440,1.2702379095324055,ade,ml
5441,2.4815613254888262,ade,ml
5442,0.6763712487873329,ade,ml
5443,0.9082293790324761,ade,ml
5444,0.6995742792366668,ade,ml
5445,0.9302128748689338,ade,ml
5446,2.662402738482223,ade,ml
5447,0.45263074675412884,ade,ml
5448,1.6918889340445677,ade,ml
5449,1.9742880953965558,ade,ml
5450,1.1239715693281356,ade,ml
5451,1.9799490544064877,ade,ml
5452,0.24383871746820618,ade,ml
5453,1.5290612341633907,ade,ml
5454,0.3784777013451988,ade,ml
5455,1.111739568627498,ade,ml
5456,2.035717812500827,ade,ml
5457,2.6540250366297555,ade,ml
5458,2.1816981533988313,ade,ml
5459,2.3262589517236227,ade,ml
5460,0.17665068813114884,ade,ml
5461,0.282246080382969,ade,ml
5462,1.5002812636779286,ade,ml
5463,3.4159996751516872,ade,ml
5464,0.5845477446965857,ade,ml
5465,0.30207002961479995,ade,ml
5466,0.16739338828935746,ade,ml
5467,0.8122448027279883,ade,ml
5468,1.7541338474819712,ade,ml
5469,0.291826844863501,ade,ml
5470,0.5580025525633534,ade,ml
5471,2.8908484791013556,ade,ml
5472,1.810653008027258,ade,ml
5473,0.7550387605077541,ade,ml
5474,0.2374935733989858,ade,ml
5475,0.7834437492271372,ade,ml
5476,0.8449437655819105,ade,ml
5477,1.2967209103777444,ade,ml
5478,2.4244712518498193,ade,ml
5479,1.9175329594752217,ade,ml
5480,3.4259679943614056,ade,ml
5481,2.2577215991805475,ade,ml
5482,0.17470556568530682,ade,ml
5483,0.1558597909370433,ade,ml
5484,1.9806197146377096,ade,ml
5485,3.609212149284538,ade,ml
5486,0.44859828304140753,ade,ml
5487,0.47079092860759664,ade,ml
5488,0.5168778033740419,ade,ml
5489,1.8573251575319063,ade,ml
5490,2.984932287610519,ade,ml
5491,0.6756035565721529,ade,ml
5492,0.446285382798308,ade,ml
5493,1.5770816752080117,ade,ml
5494,0.8611312900684941,ade,ml
5495,0.40171350109093457,ade,ml
5496,0.23626943960338329,ade,ml
5497,1.0757419403586288,ade,ml
5498,1.6632352534650716,ade,ml
5499,1.827483769293946,ade,ml
5500,1.9104325366537658,ade,ml
5501,0.2752159632126962,ade,ml
5502,2.2508788121256633,ade,ml
5503,0.17325163921706124,ade,ml
5504,0.1370502702030203,ade,ml
5505,0.6404014007311076,ade,ml
5506,1.6342720765317431,ade,ml
5507,0.662471448093555,ade,ml
5508,0.303886175096016,ade,ml
5509,0.2745796492703472,ade,ml
5510,0.590604407351008,ade,ml
5511,0.7021246545867025,ade,ml
5512,0.27711309899206843,ade,ml
5513,0.5026315335000365,ade,ml
5514,2.0216207069959053,ade,ml
5515,1.1899808249113935,ade,ml
5516,0.981549660393608,ade,ml
5517,0.20159754984529651,ade,ml
5518,0.8824462953687471,ade,ml
5519,1.2124819472807589,ade,ml
5520,2.9876971105471752,ade,ml
5521,2.2532718417208777,ade,ml
5522,0.389328505744267,ade,ml
5523,1.6908941974532103,ade,ml
5524,0.17561772284030006,ade,ml
5525,0.3359152799454379,ade,ml
5526,0.6923529876496143,ade,ml
5527,2.3710493326518844,ade,ml
5528,0.9243011961591394,ade,ml
5529,0.547210846167885,ade,ml
5530,0.32891515447654657,ade,ml
5531,0.3311427690362415,ade,ml
5532,1.680577920868102,ade,ml
5533,0.45529802227508204,ade,ml
5534,0.7946897985735749,ade,ml
5535,2.336971358148539,ade,ml
5536,1.0916780202100005,ade,ml
5537,1.1372698811917565,ade,ml
5538,0.20188677590944978,ade,ml
5539,0.6345317504236697,ade,ml
5540,0.9899260134475852,ade,ml
5541,2.9905904833834644,ade,ml
5542,1.5667576056000607,ade,ml
5543,0.3377256303509331,ade,ml
5544,1.369156363654909,ade,ml
5545,0.17722224026271358,ade,ml
5546,0.21620263885339597,ade,ml
5547,0.4977549051286836,ade,ml
5548,1.8531582197778143,ade,ml
5549,0.49330898577190424,ade,ml
5550,0.41404551090074654,ade,ml
5551,0.3576876140579226,ade,ml
5552,0.23500484918541675,ade,ml
5553,1.5831047641350084,ade,ml
5554,0.36517275426049406,ade,ml
5555,1.5244247789775012,ade,ml
5556,0.9256034301049897,ade,ml
5557,1.4585794131370386,ade,ml
5558,1.2241359651490258,ade,ml
5559,0.21641180694897347,ade,ml
5560,0.7449710742650174,ade,ml
5561,0.8460048351294644,ade,ml
5562,3.0071008979580576,ade,ml
5563,1.0088044064406416,ade,ml
5564,0.24842247165767847,ade,ml
5565,1.3470460904828971,ade,ml
5566,0.170637692451142,ade,ml
5567,0.29782287740681207,ade,ml
5568,0.4853311299669712,ade,ml
5569,2.4207978167259534,ade,ml
5570,0.80957245794177,ade,ml
5571,0.8458464282406367,ade,ml
5572,0.5368090630949313,ade,ml
5573,0.23527561304143796,ade,ml
5574,1.4654514682600552,ade,ml
5575,0.3513513864286603,ade,ml
5576,1.788157282571434,ade,ml
5577,0.3663821724911225,ade,ml
5578,1.916166754435025,ade,ml
5579,1.290393595282975,ade,ml
5580,0.17333815274436384,ade,ml
5581,0.6783435693852963,ade,ml
5582,0.5754802184776338,ade,ml
5583,4.692695111925283,ade,ml
5584,1.3031560361435728,ade,ml
5585,0.28422106266538266,ade,ml
5586,0.7943865003017868,ade,ml
5587,0.1712356275915652,ade,ml
5588,0.3226093190448694,ade,ml
5589,0.34171278198774774,ade,ml
5590,2.9680702045083986,ade,ml
5591,0.7439167410750255,ade,ml
5592,0.8172161786436779,ade,ml
5593,0.6642557972022276,ade,ml
5594,0.17471891144719498,ade,ml
5595,2.0851907697131384,ade,ml
5596,0.5180368826992346,ade,ml
5597,2.4253343712873856,ade,ml
5598,0.49166870268910906,ade,ml
5599,2.063907540192061,ade,ml
5600,1.326185666935783,ade,ml
5601,0.17741121105131505,ade,ml
5602,0.434829797151884,ade,ml
5603,2.2231164813739643,ade,ml
5604,1.31595719984299,ade,ml
5605,1.8279636824371057,ade,ml
5606,0.2245381509799225,ade,ml
5607,1.2268910757416267,ade,ml
5608,0.17374943844083446,ade,ml
5609,0.22917119260483831,ade,ml
5610,1.1390582493784542,ade,ml
5611,0.3798677068604739,ade,ml
5612,0.6864422318025092,ade,ml
5613,0.7402818486360109,ade,ml
5614,0.422406077201044,ade,ml
5615,0.20978724451070666,ade,ml
5616,1.8840315145738327,ade,ml
5617,0.28625951339801103,ade,ml
5618,0.4378957675317934,ade,ml
5619,0.7100716214841468,ade,ml
5620,1.4846037685151519,ade,ml
5621,0.3324383530123057,ade,ml
5622,0.178034476726904,ade,ml
5623,1.3157544769109422,ade,ml
5624,2.090521243433042,ade,ml
5625,1.2562284081704551,ade,ml
5626,1.9809662391666476,ade,ml
5627,0.23268553701578445,ade,ml
5628,0.6570468536296301,ade,ml
5629,0.1753503033755762,ade,ml
5630,0.23502488645434982,ade,ml
5631,0.8790926656735257,ade,ml
5632,0.5087049670941969,ade,ml
5633,0.3659134488912204,ade,ml
5634,0.6491367372689023,ade,ml
5635,0.8644155229974739,ade,ml
5636,0.19320094545400704,ade,ml
5637,2.0682065620626346,ade,ml
5638,0.13237388311969017,ade,ml
5639,0.699331287849271,ade,ml
5640,1.0872763677347874,ade,ml
5641,1.4827384606828462,ade,ml
5642,0.34975670596293246,ade,ml
5643,0.17799467630263802,ade,ml
5644,1.1291698172787703,ade,ml
5645,2.0444076761512724,ade,ml
5646,1.7795871637952676,ade,ml
5647,0.8945141114976168,ade,ml
5648,0.22438969133105893,ade,ml
5649,0.5408893295002574,ade,ml
5650,0.17469693918769372,ade,ml
5651,0.20060982559664883,ade,ml
5652,0.9771052957511265,ade,ml
5653,0.968345527068294,ade,ml
5654,0.4233597694658809,ade,ml
5655,0.7926570285579242,ade,ml
5656,1.3724825659854767,ade,ml
5657,0.16170931156423574,ade,ml
5658,2.008980983064942,ade,ml
5659,0.1799857120735502,ade,ml
5660,0.9686768636610085,ade,ml
5661,0.8230404264886791,ade,ml
5662,1.0075961365722341,ade,ml
5663,0.4500531666166916,ade,ml
5664,0.1777168794754441,ade,ml
5665,1.2727934195701838,ade,ml
5666,1.4333574767592285,ade,ml
5667,0.916024450146173,ade,ml
5668,1.4127630162117748,ade,ml
5669,0.24635038571466503,ade,ml
5670,0.8456924061832298,ade,ml
5671,0.17446463641939955,ade,ml
5672,0.18266064512115923,ade,ml
5673,0.5276059896980727,ade,ml
5674,3.0625382234830436,ade,ml
5675,0.5859971331402174,ade,ml
5676,0.4984884637426643,ade,ml
5677,2.758098260831554,ade,ml
5678,0.12338177720232402,ade,ml
5679,1.4029473675732926,ade,ml
5680,0.9251875096946175,ade,ml
5681,1.6551937862708266,ade,ml
5682,2.041733975128315,ade,ml
5683,0.9762483284785765,ade,ml
5684,1.0304803307791612,ade,ml
5685,0.1775628936132276,ade,ml
5686,1.2943511676135,ade,ml
5687,1.7975918309305765,ade,ml
5688,0.5810304352546041,ade,ml
5689,0.9261413030354081,ade,ml
5690,0.251443991921862,ade,ml
5691,1.4310600810466527,ade,ml
5692,0.17697518865654782,ade,ml
5693,0.17936535922080135,ade,ml
5694,1.06638380810797,ade,ml
5695,3.241173828823865,ade,ml
5696,0.9488850949240238,ade,ml
5697,0.7847068042793571,ade,ml
5698,3.952888862870431,ade,ml
5699,0.1813416165522884,ade,ml
5700,1.5806249281137366,ade,ml
5701,0.6338701822971786,ade,ml
5702,1.5964557539762165,ade,ml
5703,0.8042003738695037,ade,ml
5704,0.4125674448344879,ade,ml
5705,0.8363265536913893,ade,ml
5706,0.1815393954748854,ade,ml
5707,1.5040797754335504,ade,ml
5708,1.1474407048297588,ade,ml
5709,0.6034308331527797,ade,ml
5710,0.8300101295622596,ade,ml
5711,0.14212847862071773,ade,ml
5712,0.4686831905711008,ade,ml
5713,0.17231673138230116,ade,ml
5714,0.18147927512094175,ade,ml
5715,0.9724733670629823,ade,ml
5716,2.2667562619989985,ade,ml
5717,0.25469871291517393,ade,ml
5718,0.3875708542547893,ade,ml
5719,2.34747511281263,ade,ml
5720,0.38411123774330774,ade,ml
5721,1.4873201698766716,ade,ml
5722,0.32618732142038925,ade,ml
5723,1.5420292572650462,ade,ml
5724,2.016340185227095,ade,ml
5725,0.440878267777355,ade,ml
5726,1.1033483009076386,ade,ml
5727,0.182587155192511,ade,ml
5728,1.2215458360335554,ade,ml
5729,1.108367286476665,ade,ml
5730,0.5536877063862566,ade,ml
5731,0.7285699116892429,ade,ml
5732,0.10497295192848084,ade,ml
5733,0.8205015571411037,ade,ml
5734,0.17529437904472264,ade,ml
5735,0.18613790832703025,ade,ml
5736,0.7498804174433203,ade,ml
5737,3.4104875066922173,ade,ml
5738,0.47787140583474524,ade,ml
5739,0.43928096326659505,ade,ml
5740,4.920532591648814,ade,ml
5741,0.6721179547368642,ade,ml
5742,1.728596823125779,ade,ml
5743,0.3321605559414769,ade,ml
5744,1.456726050310361,ade,ml
5745,1.1785092919525586,ade,ml
5746,0.18937338842603088,ade,ml
5747,1.50630773489853,ade,ml
5748,0.9474854522387829,ade,ml
5749,1.3569109473614713,ade,ml
5750,2.55516645155175,ade,ml
5751,0.13475167170434152,ade,ml
5752,1.131521773725504,ade,ml
5753,0.17441302414137513,ade,ml
5754,0.18118826546493405,ade,ml
5755,0.4842017557484605,ade,ml
5756,2.589719915083854,ade,ml
5757,0.28802713330754454,ade,ml
5758,0.53544905472972,ade,ml
5759,1.5573733281959168,ade,ml
5760,0.943633605382761,ade,ml
5761,1.638915500353985,ade,ml
5762,0.2872443713804692,ade,ml
5763,1.480719055058828,ade,ml
5764,2.0139216919654053,ade,ml
5765,0.19117183336675556,ade,ml
5766,1.405005453668468,ade,ml
5767,1.1347855184662123,ade,ml
5768,2.1946680643213,ade,ml
5769,2.2068872910712685,ade,ml
5770,0.18446994096506322,ade,ml
5771,1.3233805969725756,ade,ml
5772,0.17624786174808846,ade,ml
5773,0.1738752203009629,ade,ml
5774,0.8343359357530207,ade,ml
5775,2.2214957203907364,ade,ml
5776,0.36364805537023615,ade,ml
5777,1.6025678516125883,ade,ml
5778,1.1404011756080223,ade,ml
5779,1.3403986229609395,ade,ml
5780,1.665664301699816,ade,ml
5781,0.2122862455618855,ade,ml
5782,1.4007317723042474,ade,ml
5783,0.6324589961266925,ade,ml
5784,0.1939746344344596,ade,ml
5785,1.4262551961173109,ade,ml
5786,4.804429532897405,ade,ml
5787,0.8135795995665666,ade,ml
5788,3.4204156305333755,ade,ml
5789,2.6277669003866357,ade,ml
5790,0.18354252742869634,ade,ml
5791,3.02972828996754,ade,ml
5792,0.1774054259638196,ade,ml
5793,0.18005688936760986,ade,ml
5794,1.3766108059849422,ade,ml
5795,3.5029950544748556,ade,ml
5796,0.1383185978405446,ade,ml
5797,1.0938483515148931,ade,ml
5798,0.6233654227655473,ade,ml
5799,2.112772740897578,ade,ml
5800,1.3671560719648388,ade,ml
5801,0.8457725592488216,ade,ml
5802,1.931804107685675,ade,ml
5803,0.6322192888240785,ade,ml
5804,0.19751741378380108,ade,ml
5805,1.3511563461608045,ade,ml
5806,2.817698927840599,ade,ml
5807,2.0735340854214583,ade,ml
5808,2.5723683791988283,ade,ml
5809,2.109637080323202,ade,ml
5810,0.2133219508235352,ade,ml
5811,1.5747896844722178,ade,ml
5812,0.17468783858979683,ade,ml
5813,0.17321218613428083,ade,ml
5814,1.2501982156461386,ade,ml
5815,1.554190785931481,ade,ml
5816,1.0766931634247847,ade,ml
5817,1.2100639043569825,ade,ml
5818,2.9545491481163393,ade,ml
5819,2.299294256886984,ade,ml
5820,1.9047912418754336,ade,ml
5821,0.6227439652998009,ade,ml
5822,0.6682525553580038,ade,ml
5823,1.010693263509501,ade,ml
5824,0.17873932528419476,ade,ml
5825,1.6907591835207239,ade,ml
5826,3.240764554437978,ade,ml
