,value,metric,type
0,3.0160876192009343,kde,full
1,4.769071918173356,kde,full
2,0.43514131841580433,kde,full
3,-0.05143181800511304,kde,full
4,-0.348162156414298,kde,full
5,3.2178990084363455,kde,full
6,2.084901660045516,kde,full
7,-0.2016795206565225,kde,full
8,2.9108889704492897,kde,full
9,4.627356538682049,kde,full
10,3.653392514452687,kde,full
11,1.9710822281892133,kde,full
12,2.638503862347865,kde,full
13,5.036321217335502,kde,full
14,3.1984547968753274,kde,full
15,4.311529250221791,kde,full
16,2.290523191476396,kde,full
17,4.075736750742024,kde,full
18,3.4241875510816606,kde,full
19,3.493666258909655,kde,full
20,1.530386604433259,kde,full
21,0.42340428076950004,kde,full
22,-0.42855288153509474,kde,full
23,2.310866463986009,kde,full
24,1.6629419338432894,kde,full
25,-0.9473226640932978,kde,full
26,1.744964487682107,kde,full
27,4.801221842751868,kde,full
28,5.386311735698048,kde,full
29,1.5570383416453746,kde,full
30,7.332161984218514,kde,full
31,7.15174112401013,kde,full
32,3.1243626515247596,kde,full
33,4.878908744764014,kde,full
34,1.566245695207122,kde,full
35,2.4667799056210056,kde,full
36,2.8058657113321233,kde,full
37,3.112326698033615,kde,full
38,3.150430225870491,kde,full
39,1.481267555849373,kde,full
40,-0.6198147760510603,kde,full
41,1.5887647218936083,kde,full
42,1.169550746061291,kde,full
43,-0.6295040354565737,kde,full
44,1.571748803416137,kde,full
45,2.6012584926390643,kde,full
46,3.1478853057840075,kde,full
47,1.3828967783149766,kde,full
48,7.749259448650307,kde,full
49,2.5261656154272307,kde,full
50,2.3867966951799886,kde,full
51,2.6878590792512624,kde,full
52,1.4009216997022806,kde,full
53,2.388593423285895,kde,full
54,2.8088197207444994,kde,full
55,2.977202584551247,kde,full
56,8.400169066647287,kde,full
57,2.6401838458298985,kde,full
58,-0.8452249908699265,kde,full
59,2.11411274171248,kde,full
60,1.0827437521626748,kde,full
61,-0.9823929107537719,kde,full
62,1.5762673711359585,kde,full
63,1.7132538622419466,kde,full
64,2.4778467908259576,kde,full
65,0.9477603640163405,kde,full
66,8.130819042394556,kde,full
67,2.1975564347833263,kde,full
68,3.029233644343033,kde,full
69,2.8815773587795586,kde,full
70,1.3847261530091535,kde,full
71,2.195504784928991,kde,full
72,1.5050134535266941,kde,full
73,4.550854732162207,kde,full
74,2.8813237668599316,kde,full
75,8.579690963480619,kde,full
76,4.295335544499144,kde,full
77,-0.9635895442260545,kde,full
78,1.9931666319385282,kde,full
79,1.2835630274216907,kde,full
80,-0.9873778589022045,kde,full
81,1.5532936019279915,kde,full
82,1.6100184649016391,kde,full
83,3.950810515667632,kde,full
84,1.1912980219339109,kde,full
85,20.0,kde,full
86,2.915982784533002,kde,full
87,2.5815441556910423,kde,full
88,2.7958296371030116,kde,full
89,1.3130497698886325,kde,full
90,2.2022073887518463,kde,full
91,1.3698907263405595,kde,full
92,2.074983399710581,kde,full
93,2.819671354491577,kde,full
94,1.307850974304007,kde,full
95,1.0519593774108744,kde,full
96,-1.0002054838801766,kde,full
97,1.8458863290192054,kde,full
98,1.1618995327751336,kde,full
99,-1.023917176111647,kde,full
100,1.62800934675709,kde,full
101,2.0021737356919007,kde,full
102,3.298673601299904,kde,full
103,1.7951787861827908,kde,full
104,3.286401995270012,kde,full
105,3.0457537210959322,kde,full
106,2.3882895457385374,kde,full
107,3.0910477408017667,kde,full
108,1.332195353830322,kde,full
109,2.2136858093196374,kde,full
110,1.6926956686516044,kde,full
111,1.6139983987015798,kde,full
112,2.751653158422835,kde,full
113,2.6557314995198142,kde,full
114,2.0299388550136963,kde,full
115,-1.180656656869161,kde,full
116,2.2282620279385497,kde,full
117,1.177081504376538,kde,full
118,-1.1743645222397618,kde,full
119,1.8237035194512312,kde,full
120,1.8233934571802597,kde,full
121,4.2590625311060855,kde,full
122,2.1191719433625362,kde,full
123,1.9204055713289656,kde,full
124,2.1315544669852873,kde,full
125,2.084331502882688,kde,full
126,3.032633687610875,kde,full
127,1.4790402053390723,kde,full
128,2.374777157872193,kde,full
129,1.7430297897705147,kde,full
130,1.7310366766315683,kde,full
131,2.7685733196628357,kde,full
132,1.7976575533609402,kde,full
133,2.4542575894969882,kde,full
134,-0.9965473646686531,kde,full
135,1.9053553633462457,kde,full
136,1.1264089596009808,kde,full
137,-1.2559519688985468,kde,full
138,1.4896554320794886,kde,full
139,2.4012873857528905,kde,full
140,2.538885576791692,kde,full
141,1.7324237365201554,kde,full
142,1.782581141685764,kde,full
143,2.24619740625418,kde,full
144,2.362854348346041,kde,full
145,3.277018424821653,kde,full
146,1.5742121731168437,kde,full
147,2.351485286160675,kde,full
148,-0.14169831827260215,kde,full
149,1.6151436383444935,kde,full
150,3.0421975730185142,kde,full
151,1.6397280168258463,kde,full
152,2.8192115439389576,kde,full
153,-1.0092573255901673,kde,full
154,2.095818356295541,kde,full
155,1.2282643605846273,kde,full
156,-0.9894358204740602,kde,full
157,1.6791566907286235,kde,full
158,2.491007115138159,kde,full
159,2.07115166063894,kde,full
160,1.6476576350368253,kde,full
161,1.6912496278631095,kde,full
162,2.20012029438482,kde,full
163,2.437443519254798,kde,full
164,3.2538349272905243,kde,full
165,1.7063066976293744,kde,full
166,2.745012238011899,kde,full
167,-0.3755593301970873,kde,full
168,2.3209312029486435,kde,full
169,1.7628118031611815,kde,full
170,3.242393893126521,kde,full
171,2.6527101877210373,kde,full
172,3.7568736495767787,kde,full
173,-1.0174235270586203,kde,full
174,2.233735844967354,kde,full
175,1.2937768863697976,kde,full
176,-1.0231810303981692,kde,full
177,1.5245248190781235,kde,full
178,3.104447461319664,kde,full
179,2.680069846108389,kde,full
180,1.8553759841560296,kde,full
181,2.1507485072741255,kde,full
182,2.456496219412797,kde,full
183,2.474890554609487,kde,full
184,3.5874880838135774,kde,full
185,1.8547296085246674,kde,full
186,2.8999301590494766,kde,full
187,2.152207321914226,kde,full
188,1.8992899796859262,kde,full
189,2.6311020339459783,kde,full
190,3.09927779937526,kde,full
191,1.2484879092350651,kde,full
192,1.2900483426125695,kde,full
193,-0.631639086041331,kde,full
194,1.9847647077937904,kde,full
195,1.0482844288240987,kde,full
196,-0.6704069150941623,kde,full
197,1.450637628188169,kde,full
198,2.1709531937494586,kde,full
199,3.16752617753953,kde,full
200,1.176991470522645,kde,full
201,2.713858605882788,kde,full
202,2.7533116086403258,kde,full
203,2.6552179740275523,kde,full
204,3.666562955283305,kde,full
205,1.5446733919076463,kde,full
206,2.569617073456072,kde,full
207,-0.7172323481848777,kde,full
208,2.2819393687539122,kde,full
209,2.8303311222043437,kde,full
210,2.9538581439683003,kde,full
211,1.4472923040285222,kde,full
212,1.6699397820199524,kde,full
213,-1.056358274017886,kde,full
214,1.990714182998591,kde,full
215,1.114724441045954,kde,full
216,-0.9840573705590392,kde,full
217,1.4684091211905375,kde,full
218,2.243198716722819,kde,full
219,3.825599714143797,kde,full
220,1.6828305432704829,kde,full
221,2.093558336985656,kde,full
222,2.3763563697542036,kde,full
223,2.7497858892006755,kde,full
224,3.6951150102718135,kde,full
225,1.6110385482241807,kde,full
226,2.512726318975057,kde,full
227,-0.9318904326630476,kde,full
228,2.061886162765854,kde,full
229,1.7285616474585335,kde,full
230,3.0402321709365596,kde,full
231,1.4336766606094768,kde,full
232,1.232019273201298,kde,full
233,-1.0592466320914697,kde,full
234,2.0361670188650725,kde,full
235,0.9455316535110625,kde,full
236,-0.7235663736388976,kde,full
237,1.372517755140866,kde,full
238,1.7354842435113054,kde,full
239,2.713099746732456,kde,full
240,1.5006842867657704,kde,full
241,1.926565536199433,kde,full
242,2.4535436013671617,kde,full
243,2.3296169623339993,kde,full
244,3.9634879719336444,kde,full
245,1.5377936020880247,kde,full
246,2.71546174664817,kde,full
247,-1.1636911623927249,kde,full
248,1.6696028365079822,kde,full
249,2.9855649962049893,kde,full
250,2.988067429239242,kde,full
251,1.2506215258660713,kde,full
252,0.10351369741549202,kde,full
253,-1.0381372295517224,kde,full
254,2.054224096249566,kde,full
255,0.9317705924199531,kde,full
256,-1.04146156137935,kde,full
257,1.636334751784509,kde,full
258,1.8631414267259259,kde,full
259,2.5921806138890915,kde,full
260,1.2995181152015287,kde,full
261,2.0940013930312875,kde,full
262,2.6766392280184514,kde,full
263,2.615974725192524,kde,full
264,4.25839732209233,kde,full
265,1.3877672725072112,kde,full
266,2.683457539711815,kde,full
267,-0.7938238658364872,kde,full
268,2.0417311625881283,kde,full
269,3.398105233576456,kde,full
270,3.01987448590854,kde,full
271,1.4856461334382973,kde,full
272,-0.008330615695170462,kde,full
273,-1.1177153634991923,kde,full
274,2.0519183483554317,kde,full
275,0.905015416075853,kde,full
276,-1.0516571777164743,kde,full
277,2.140391107842503,kde,full
278,1.8190370565865235,kde,full
279,2.5626949038490356,kde,full
280,0.9861817970021436,kde,full
281,1.9751540467800708,kde,full
282,2.522251389082786,kde,full
283,2.6096549641007,kde,full
284,4.91699286415883,kde,full
285,1.34206649824264,kde,full
286,2.8387211801198227,kde,full
287,-0.6189500866944562,kde,full
288,1.8633712676340628,kde,full
289,1.6411605419513737,kde,full
290,2.939022879598888,kde,full
291,1.2449489529601219,kde,full
292,0.3751878520957549,kde,full
293,-1.0856177942600027,kde,full
294,2.04486200092597,kde,full
295,1.1966574991437986,kde,full
296,-1.0147674443745078,kde,full
297,2.031583882737548,kde,full
298,2.076040138092327,kde,full
299,2.795909867061622,kde,full
300,1.7852347343919885,kde,full
301,2.618601347817764,kde,full
302,2.690851394230463,kde,full
303,2.729568742680883,kde,full
304,4.8033950399741485,kde,full
305,1.3283714861951188,kde,full
306,3.0782409914784448,kde,full
307,-0.6598733141792338,kde,full
308,1.4668463767883053,kde,full
309,2.476819096290582,kde,full
310,2.831633222839785,kde,full
311,1.3872014285469918,kde,full
312,-0.2648506401001017,kde,full
313,-0.8448897886130307,kde,full
314,2.1419628642415742,kde,full
315,1.1896674463164527,kde,full
316,-1.0770546986765712,kde,full
317,3.129360059701523,kde,full
318,2.0191400144191745,kde,full
319,2.2220884308622018,kde,full
320,1.8654979252089396,kde,full
321,2.4077666662967,kde,full
322,2.5172272752003586,kde,full
323,2.8215704231888017,kde,full
324,5.3098648384513485,kde,full
325,1.3798786058026282,kde,full
326,3.4612827396727686,kde,full
327,-0.8877725584625793,kde,full
328,1.641940954811593,kde,full
329,2.0180834198036712,kde,full
330,2.893972107516719,kde,full
331,1.2202655648295684,kde,full
332,-0.6496840509808312,kde,full
333,-0.802540786596465,kde,full
334,2.066313837010346,kde,full
335,1.0248183225321585,kde,full
336,-1.0824428194499298,kde,full
337,3.070565852244976,kde,full
338,2.004306537033175,kde,full
339,2.419709212490691,kde,full
340,1.5985850817128493,kde,full
341,2.4682846397171194,kde,full
342,2.596974175401801,kde,full
343,2.9173788364810362,kde,full
344,4.902602202384985,kde,full
345,1.371036132084638,kde,full
346,3.115080826232561,kde,full
347,-0.5753029911266617,kde,full
348,1.5938365551142102,kde,full
349,2.1964864512671274,kde,full
350,2.8980076016394825,kde,full
351,1.1319813414773914,kde,full
352,-0.907852113008447,kde,full
353,-0.9705964530269543,kde,full
354,1.9849676805315206,kde,full
355,0.972045886949775,kde,full
356,-1.2596249899131295,kde,full
357,2.9305622658768584,kde,full
358,1.9091144348212996,kde,full
359,2.8122594039268267,kde,full
360,1.4346615552933062,kde,full
361,2.6132234379147428,kde,full
362,2.806165495049512,kde,full
363,2.89577605521014,kde,full
364,4.844489108548946,kde,full
365,1.327440761452333,kde,full
366,2.8066872923111257,kde,full
367,-0.5042920837208692,kde,full
368,1.6042087131588318,kde,full
369,2.973556760845313,kde,full
370,2.8898401470966206,kde,full
371,1.427851315761953,kde,full
372,-0.31554073689192796,kde,full
373,-1.2541309495244393,kde,full
374,1.9620556920621919,kde,full
375,0.8800807669030879,kde,full
376,-0.9959432817934674,kde,full
377,5.653674741592828,kde,full
378,2.185031323877137,kde,full
379,2.4986076697172352,kde,full
380,1.5655772563784693,kde,full
381,2.603246927064834,kde,full
382,2.867162585225344,kde,full
383,2.9859998317930763,kde,full
384,5.237056403599489,kde,full
385,1.2543918814029884,kde,full
386,2.835190140229193,kde,full
387,-0.12450633627372298,kde,full
388,1.911009683854771,kde,full
389,1.7078115478108407,kde,full
390,3.0238435665414727,kde,full
391,1.4226280390322832,kde,full
392,-0.2829840572688823,kde,full
393,-0.5579817384399782,kde,full
394,2.1707523033525704,kde,full
395,0.9321736859497006,kde,full
396,-1.11269275306106,kde,full
397,1.991649999260428,kde,full
398,1.6825846130993503,kde,full
399,2.2508036056629264,kde,full
400,1.3050633906974887,kde,full
401,2.1985424292632785,kde,full
402,2.5663489946781155,kde,full
403,2.527808236297169,kde,full
404,6.289214960039616,kde,full
405,1.431112687057512,kde,full
406,3.5467918648869703,kde,full
407,1.2451068740453017,kde,full
408,1.3914707672582953,kde,full
409,3.904130248776163,kde,full
410,1.935466636059913,kde,full
411,3.031035546352454,kde,full
412,1.5753599303406136,kde,full
413,1.0115349546722223,kde,full
414,-0.6965862899704853,kde,full
415,2.432818549078599,kde,full
416,0.8881883028480138,kde,full
417,-1.0929505519351248,kde,full
418,2.278365695941055,kde,full
419,1.8194165656846129,kde,full
420,2.2793220869765984,kde,full
421,1.4066834220853872,kde,full
422,2.1504551543361456,kde,full
423,2.7793253758875265,kde,full
424,2.6193718176468854,kde,full
425,6.45934712256329,kde,full
426,1.3270868417884234,kde,full
427,3.8062371081144852,kde,full
428,3.0533234789722146,kde,full
429,1.7537587134508947,kde,full
430,3.295895763917635,kde,full
431,1.589038289369116,kde,full
432,2.878685913130408,kde,full
433,1.4897516863772493,kde,full
434,2.1120036187993785,kde,full
435,-1.03154506020438,kde,full
436,2.371498177592307,kde,full
437,0.7094591984610374,kde,full
438,-1.0344315146653003,kde,full
439,1.8691871676874086,kde,full
440,1.7755198007900805,kde,full
441,2.4404177884626335,kde,full
442,1.4928223577270996,kde,full
443,2.3619617059768894,kde,full
444,2.7866009290984106,kde,full
445,2.797474829450378,kde,full
446,7.045802608106239,kde,full
447,1.2249363481820996,kde,full
448,3.760854984031667,kde,full
449,2.6570507397091374,kde,full
450,1.6477334242420643,kde,full
451,3.01864350125737,kde,full
452,1.4774712311651896,kde,full
453,2.9585943001241284,kde,full
454,1.3789325184718892,kde,full
455,2.019671484718465,kde,full
456,-0.747482278116201,kde,full
457,2.234905226421992,kde,full
458,0.6232310508326265,kde,full
459,-1.0070290379153108,kde,full
460,2.044534585414796,kde,full
461,1.9535592653709775,kde,full
462,2.6688127674572724,kde,full
463,1.241730849089019,kde,full
464,2.667214466169095,kde,full
465,2.8007746517965884,kde,full
466,2.932959247550215,kde,full
467,8.201247923680333,kde,full
468,1.2473900795303785,kde,full
469,3.572983798599956,kde,full
470,4.880804259967484,kde,full
471,1.5299456385776415,kde,full
472,2.743620158260884,kde,full
473,1.8741790225722668,kde,full
474,2.835128130443227,kde,full
475,1.4391202635621636,kde,full
476,4.158453794579891,kde,full
477,-0.8722278813951222,kde,full
478,2.2189317287593258,kde,full
479,0.6105477857998025,kde,full
480,-0.9654174957071957,kde,full
481,2.3503556022375065,kde,full
482,1.8398073195765452,kde,full
483,2.5706565245991118,kde,full
484,1.1326234604650969,kde,full
485,2.63081834575177,kde,full
486,2.7439170316493744,kde,full
487,2.768644879075825,kde,full
488,10.772535199852623,kde,full
489,1.3654201657098795,kde,full
490,3.706274275814068,kde,full
491,12.284827782907865,kde,full
492,1.5268951032272444,kde,full
493,2.672291528499245,kde,full
494,1.9109380800726083,kde,full
495,2.7577335177035063,kde,full
496,1.522871331071245,kde,full
497,0.5728175892941663,kde,full
498,-0.7069999163406328,kde,full
499,2.1137335322730335,kde,full
500,0.7747344738326285,kde,full
501,-0.9005616860695924,kde,full
502,1.420792563005413,kde,full
503,2.08103010436505,kde,full
504,2.5741658947032375,kde,full
505,2.0379501823833746,kde,full
506,2.447832154443784,kde,full
507,2.7490034024785897,kde,full
508,2.5883539069894512,kde,full
509,6.976913575650542,kde,full
510,1.1155355116874344,kde,full
511,3.7922666639943454,kde,full
512,3.461138766379416,kde,full
513,1.5761095767151183,kde,full
514,2.64816185820697,kde,full
515,1.639451454780022,kde,full
516,2.7857840200531108,kde,full
517,1.569250058509533,kde,full
518,0.4566384638874855,kde,full
519,-0.8701718579361413,kde,full
520,2.123755104735389,kde,full
521,0.6233933144619463,kde,full
522,-0.7942590884278954,kde,full
523,1.4555468102419975,kde,full
524,2.252330459538295,kde,full
525,2.6197828886719976,kde,full
526,1.827842518489469,kde,full
527,2.3711174606927736,kde,full
528,2.703416438286535,kde,full
529,2.6942668534374112,kde,full
530,1.2263721869568072,kde,full
531,5.517793691474361,kde,full
532,1.5028708954274965,kde,full
533,2.606864391830769,kde,full
534,1.9184551301417305,kde,full
535,2.7991947972594127,kde,full
536,1.4082192840530552,kde,full
537,-0.2155057311542338,kde,full
538,-0.868921495685088,kde,full
539,2.1889703950936448,kde,full
540,0.45916790981615746,kde,full
541,-1.0386934488343758,kde,full
542,1.432062031582206,kde,full
543,2.277192584657673,kde,full
544,2.8243331953019193,kde,full
545,1.2181412550567972,kde,full
546,2.7855989112013195,kde,full
547,2.7299282596988914,kde,full
548,2.7050576863493543,kde,full
549,1.1206467055611784,kde,full
550,5.4905967113394745,kde,full
551,1.6472697532273832,kde,full
552,2.636155489895388,kde,full
553,1.7439031671731873,kde,full
554,2.727314070548723,kde,full
555,1.3067133906366861,kde,full
556,0.028224579259914062,kde,full
557,-1.0485777591333054,kde,full
558,2.420870431582211,kde,full
559,0.404266349644353,kde,full
560,-1.0127456192296567,kde,full
561,1.3550807733640235,kde,full
562,2.1294370607738955,kde,full
563,3.012642277906942,kde,full
564,0.844138323316685,kde,full
565,2.806026519510824,kde,full
566,2.7071449217213335,kde,full
567,2.7514755224501912,kde,full
568,1.290467112755941,kde,full
569,5.373818348284505,kde,full
570,1.7705544816035574,kde,full
571,2.6994765982143987,kde,full
572,3.3699208865945254,kde,full
573,2.5101999009132956,kde,full
574,2.767408399969959,kde,full
575,1.3902004387806906,kde,full
576,4.118532992531021,kde,full
577,-0.9764290360440228,kde,full
578,3.9645080866991647,kde,full
579,0.214649708001086,kde,full
580,-1.2408228972540414,kde,full
581,1.571577926274871,kde,full
582,2.580961857377603,kde,full
583,3.3808678278013757,kde,full
584,0.9089156618512848,kde,full
585,2.953115513996603,kde,full
586,2.7762541847494715,kde,full
587,2.913139861900483,kde,full
588,1.2864045361738423,kde,full
589,5.514135079005384,kde,full
590,1.9415152113360392,kde,full
591,2.7832298120845183,kde,full
592,2.571789327020468,kde,full
593,2.1489482081076736,kde,full
594,2.6483744946795795,kde,full
595,1.6692589604687593,kde,full
596,2.699212684016296,kde,full
597,-1.1351389885298284,kde,full
598,2.080832347322319,kde,full
599,0.15528861618763226,kde,full
600,-0.9207949250698507,kde,full
601,1.7257094654770335,kde,full
602,1.9682774129948797,kde,full
603,2.4603157092403394,kde,full
604,1.9718476713579691,kde,full
605,2.1229919559357384,kde,full
606,2.6677749214158064,kde,full
607,3.227052641949865,kde,full
608,1.6602328853998412,kde,full
609,5.838275957702742,kde,full
610,1.3922325615980407,kde,full
611,2.3615284852813576,kde,full
612,2.704618270159134,kde,full
613,1.9564331374104125,kde,full
614,2.7314316758793677,kde,full
615,1.6648614615914015,kde,full
616,9.529145453759101,kde,full
617,-1.0258689377578663,kde,full
618,2.055176575738707,kde,full
619,-0.16307542626823504,kde,full
620,-0.8562914818267577,kde,full
621,1.6959138098578763,kde,full
622,1.9551570968033456,kde,full
623,2.718982371619943,kde,full
624,2.163130569564545,kde,full
625,2.2711022395500393,kde,full
626,3.017869312740907,kde,full
627,3.8711769518104275,kde,full
628,1.7690190363936666,kde,full
629,5.683780439083943,kde,full
630,1.496400083398254,kde,full
631,2.61732163639839,kde,full
632,2.704813011194095,kde,full
633,2.030493537664851,kde,full
634,2.8322509502464035,kde,full
635,1.2560547014593446,kde,full
636,6.88297607195248,kde,full
637,-0.9518246326722815,kde,full
638,1.83522617608316,kde,full
639,-0.5822286370131703,kde,full
640,-0.8152698138903862,kde,full
641,1.661543333620374,kde,full
642,1.7566697100639672,kde,full
643,2.775039290804955,kde,full
644,1.7173919724990778,kde,full
645,2.413020695136835,kde,full
646,3.1507079887670493,kde,full
647,3.6053364706166753,kde,full
648,1.6432221328093335,kde,full
649,5.933022664257475,kde,full
650,1.5904679336742977,kde,full
651,2.6357246465725934,kde,full
652,2.689500276863977,kde,full
653,1.9680407645184599,kde,full
654,2.774029836005605,kde,full
655,1.1823668862647252,kde,full
656,8.97489986252817,kde,full
657,-1.1360341201267397,kde,full
658,2.186624868120105,kde,full
659,-0.6617846315217217,kde,full
660,-0.6722746323243125,kde,full
661,1.717665767015306,kde,full
662,1.9501436113368484,kde,full
663,2.856200125610468,kde,full
664,1.141584280475274,kde,full
665,2.5619001754718695,kde,full
666,3.1637533732961582,kde,full
667,3.213132202467275,kde,full
668,1.4623619045327332,kde,full
669,6.108339004232522,kde,full
670,1.7706386698039682,kde,full
671,2.7845302158102547,kde,full
672,2.6672319492263075,kde,full
673,2.3370745874691328,kde,full
674,2.7740509489360865,kde,full
675,1.065022153559189,kde,full
676,18.202343484936677,kde,full
677,-0.9676382903496895,kde,full
678,2.3936779433906956,kde,full
679,0.03371924170899965,kde,full
680,-1.1384439955045031,kde,full
681,2.0780851653145094,kde,full
682,1.8089633947724952,kde,full
683,2.686041263414363,kde,full
684,1.4121351943190494,kde,full
685,2.4155851719859425,kde,full
686,3.1367439320495296,kde,full
687,3.1099833007256685,kde,full
688,1.5601266471797177,kde,full
689,6.8414836103935315,kde,full
690,1.5908560085332768,kde,full
691,2.692566466091574,kde,full
692,3.174986819251656,kde,full
693,2.6486663618483863,kde,full
694,3.0065292707870332,kde,full
695,1.2621454251993653,kde,full
696,2.189617263696438,kde,full
697,-0.863292591554789,kde,full
698,2.3957634850996663,kde,full
699,-0.9856886912457403,kde,full
700,-0.7838216406537992,kde,full
701,1.5098243871031403,kde,full
702,2.0383797012554745,kde,full
703,2.9668860176867624,kde,full
704,1.0236614753008884,kde,full
705,2.9007994748646633,kde,full
706,3.1998020872660087,kde,full
707,2.924052061276945,kde,full
708,1.0764901127558493,kde,full
709,6.078306757305284,kde,full
710,2.589724639782188,kde,full
711,2.9838413928995586,kde,full
712,2.182183817525392,kde,full
713,2.32317308987667,kde,full
714,2.8163006165697073,kde,full
715,1.4074478812313653,kde,full
716,2.3243147171646554,kde,full
717,-0.7162115685612325,kde,full
718,2.6521513640650323,kde,full
719,-0.856501331371934,kde,full
720,-0.9874524011175592,kde,full
721,1.537731553235096,kde,full
722,2.011449701936919,kde,full
723,3.0678900982632498,kde,full
724,0.7968387196312294,kde,full
725,2.953121985859645,kde,full
726,3.0535751934068727,kde,full
727,2.8926410607794955,kde,full
728,1.001578231712986,kde,full
729,5.662640204952102,kde,full
730,2.989690080729638,kde,full
731,2.944410198284578,kde,full
732,2.4355491473456765,kde,full
733,2.235646394390013,kde,full
734,2.8162141749213188,kde,full
735,0.9642225861337361,kde,full
736,2.2331328699987556,kde,full
737,-0.5840975675749072,kde,full
738,2.2948544232727723,kde,full
739,-0.7210963302075782,kde,full
740,-1.1862542589140617,kde,full
741,1.5528845751240876,kde,full
742,1.993144982814996,kde,full
743,2.8195919411912636,kde,full
744,0.9280621315579962,kde,full
745,2.8713751468503106,kde,full
746,2.8430366750537206,kde,full
747,2.736488533690346,kde,full
748,1.0041346552698125,kde,full
749,5.179921813777883,kde,full
750,1.5872688914071964,kde,full
751,2.550683409000855,kde,full
752,3.0376139969501565,kde,full
753,2.0867100191450425,kde,full
754,3.02007869603231,kde,full
755,1.450734186452069,kde,full
756,3.4040074014367763,kde,full
757,-0.7211052944500573,kde,full
758,2.174614013765338,kde,full
759,-0.8348440769663867,kde,full
760,-1.1158643993669934,kde,full
761,1.813095425623759,kde,full
762,1.9379370063882275,kde,full
763,2.544631256479316,kde,full
764,1.2741150729041932,kde,full
765,2.5128880910198963,kde,full
766,2.6661821523719875,kde,full
767,2.620945344213258,kde,full
768,1.605369199153003,kde,full
769,5.494082652268327,kde,full
770,1.5093312615927048,kde,full
771,2.6015466243959495,kde,full
772,5.258808736628231,kde,full
773,2.105501638583304,kde,full
774,2.7048423587133823,kde,full
775,3.8958869713631654,kde,full
776,4.6225160660382665,kde,full
777,3.585178583147724,kde,full
778,-0.19367051366597163,kde,full
779,-0.15544903214357522,kde,full
780,-0.37338675673685773,kde,full
781,-0.3869656338648682,kde,full
782,0.6164269136620962,kde,full
783,1.649002270761671,kde,full
784,2.6367200645475544,kde,full
785,-0.33152200366143414,kde,full
786,2.5230199772586057,kde,full
787,2.6839336398170865,kde,full
788,2.8659585970447847,kde,full
789,2.436991915519735,kde,full
790,-0.697295129702572,kde,full
791,-0.5600790139936798,kde,full
792,-0.4061146516164703,kde,full
793,-0.7189598945072739,kde,full
794,0.5129316128924157,kde,full
795,1.1601411682502178,kde,full
796,2.3251675262883174,kde,full
797,-0.5596127975608725,kde,full
798,2.476104279271512,kde,full
799,2.4879850720867682,kde,full
800,2.7473105870996246,kde,full
801,2.2046290820070222,kde,full
802,-0.7221489304278343,kde,full
803,-0.9805777718329226,kde,full
804,-0.5599251744726051,kde,full
805,-0.9655625329945932,kde,full
806,0.41777208262373566,kde,full
807,1.3503653011509305,kde,full
808,1.9244827388656929,kde,full
809,-0.6147705462850985,kde,full
810,2.6772224722091944,kde,full
811,2.9336752733974585,kde,full
812,2.532175418306459,kde,full
813,2.1379255262049157,kde,full
814,-0.8647352653249384,kde,full
815,-0.912755270740648,kde,full
816,-0.674310243491145,kde,full
817,-0.72701150317697,kde,full
818,0.23281573966364222,kde,full
819,1.495088173963567,kde,full
820,2.0196022114525825,kde,full
821,-0.6793811336709474,kde,full
822,2.4730970473544835,kde,full
823,2.770110080728931,kde,full
824,2.3536090432051173,kde,full
825,2.076294692427193,kde,full
826,-0.9595107563448103,kde,full
827,-0.6123403829128328,kde,full
828,-0.6787267470749737,kde,full
829,-0.7894724542410853,kde,full
830,0.18847318166625365,kde,full
831,1.8361680827307134,kde,full
832,1.9841300107610742,kde,full
833,-1.011919421492337,kde,full
834,2.1097846595898515,kde,full
835,3.0286561316890532,kde,full
836,2.2668840871119533,kde,full
837,2.122301604647476,kde,full
838,-0.8837744865420593,kde,full
839,-1.018208375489964,kde,full
840,-0.9380692437463509,kde,full
841,-0.5572589535473202,kde,full
842,1.4157375880120937,kde,full
843,1.12604233227498,kde,full
844,1.4025636207012526,kde,full
845,-0.79271474569501,kde,full
846,2.249962949313627,kde,full
847,3.3984319627693913,kde,full
848,2.1751852103509783,kde,full
849,2.4551471904429345,kde,full
850,-1.1128781157332919,kde,full
851,-0.7534790409919917,kde,full
852,-0.8860954433133456,kde,full
853,-0.4281842843440523,kde,full
854,2.5017410005419047,kde,full
855,1.202528922978479,kde,full
856,1.4162334326113672,kde,full
857,-0.8823750588336892,kde,full
858,2.2425302146902975,kde,full
859,3.2345406260405705,kde,full
860,2.128725436823997,kde,full
861,2.1259176171394176,kde,full
862,-1.0156716557644414,kde,full
863,-1.174317108771125,kde,full
864,-0.7845367820154723,kde,full
865,-0.8169820859513596,kde,full
866,0.269196334379851,kde,full
867,1.3780123347899202,kde,full
868,1.3741237810441755,kde,full
869,-0.8610293868292298,kde,full
870,2.578758094261823,kde,full
871,3.180270926047434,kde,full
872,2.2667806429933877,kde,full
873,2.00163086363458,kde,full
874,-0.7410706200933411,kde,full
875,-0.7720952929840761,kde,full
876,-0.8688079707261301,kde,full
877,-1.0947994986153529,kde,full
878,-0.018295979694026687,kde,full
879,1.807322194242654,kde,full
880,1.2934016477703678,kde,full
881,-0.6539117571043052,kde,full
882,2.9468854315576243,kde,full
883,2.944094241009814,kde,full
884,2.3001312026705567,kde,full
885,2.0708139046295972,kde,full
886,-0.8526542005552054,kde,full
887,-0.8513983659497308,kde,full
888,-0.25391524076592914,kde,full
889,-0.7830379256203862,kde,full
890,2.590004789451884,kde,full
891,1.6241588972355219,kde,full
892,2.035378150373011,kde,full
893,-0.9658210038057774,kde,full
894,2.2844579109768004,kde,full
895,2.991109483192675,kde,full
896,2.176484398624096,kde,full
897,2.2117010891312145,kde,full
898,-0.8707512479932479,kde,full
899,-0.9837142780002037,kde,full
900,0.5567721093298765,kde,full
901,-1.1134930774923544,kde,full
902,-0.057473576377515045,kde,full
903,1.278977756897684,kde,full
904,1.1780685744137651,kde,full
905,-0.8827050799742161,kde,full
906,4.725965419966327,kde,full
907,2.3378305290556214,kde,full
908,2.9605903650576533,kde,full
909,2.2308078505130515,kde,full
910,2.226807320562651,kde,full
911,-0.9560219138437022,kde,full
912,-0.8015434430316901,kde,full
913,1.7891247585013401,kde,full
914,-0.6223774582737793,kde,full
915,1.0970336041486262,kde,full
916,1.0692930886606242,kde,full
917,2.061114585637662,kde,full
918,-0.885209115259009,kde,full
919,3.50535117628673,kde,full
920,2.216503943978646,kde,full
921,2.9856165696203303,kde,full
922,2.2166471507596217,kde,full
923,2.1146115595366006,kde,full
924,-1.1064579270863797,kde,full
925,-0.8262415944806845,kde,full
926,2.274074539990224,kde,full
927,-0.5776800502334164,kde,full
928,2.400690985561343,kde,full
929,1.3062640369741634,kde,full
930,0.7961774085038411,kde,full
931,-1.0597813686641984,kde,full
932,3.377803914950626,kde,full
933,2.1209392216263274,kde,full
934,3.2267256534664495,kde,full
935,2.445443812291291,kde,full
936,2.0670955020213264,kde,full
937,-0.9614505344387428,kde,full
938,-0.665162238297555,kde,full
939,5.101074021098635,kde,full
940,1.0223023450857611,kde,full
941,5.298051615393829,kde,full
942,1.3264795926878339,kde,full
943,0.43440555784958773,kde,full
944,-0.9968731584392257,kde,full
945,3.63636645336968,kde,full
946,2.25898681564324,kde,full
947,3.7363931932849392,kde,full
948,2.823324471810288,kde,full
949,2.109367281487543,kde,full
950,-1.1922972860939367,kde,full
951,-0.39034116430387533,kde,full
952,7.90125354814689,kde,full
953,4.059690584530179,kde,full
954,7.35544307865289,kde,full
955,1.2473238970177585,kde,full
956,0.8988383171281868,kde,full
957,-0.7159187766969917,kde,full
958,3.8268346848529204,kde,full
959,2.6051722509880655,kde,full
960,2.821199907058988,kde,full
961,2.224812735481983,kde,full
962,2.3072645726027528,kde,full
963,-1.1110495067097756,kde,full
964,-0.7390757705900407,kde,full
965,0.6834885118662573,kde,full
966,-0.21936197103240487,kde,full
967,3.3635255922368557,kde,full
968,1.7417133177021435,kde,full
969,-0.0725203475548187,kde,full
970,-0.8934608017333947,kde,full
971,3.303756308197,kde,full
972,2.61818259155359,kde,full
973,2.684826132832179,kde,full
974,2.2076872106188836,kde,full
975,2.113025341494867,kde,full
976,-1.0383229823502513,kde,full
977,-0.8336073018351037,kde,full
978,0.5611005290982447,kde,full
979,-0.2682006340588686,kde,full
980,3.5567766284984703,kde,full
981,1.8914810351785185,kde,full
982,1.4371733428440123,kde,full
983,-0.6822566006961166,kde,full
984,3.338885086559965,kde,full
985,2.578620076772333,kde,full
986,2.887467826319658,kde,full
987,2.2154239254370265,kde,full
988,2.076047746409611,kde,full
989,-0.5466866489252137,kde,full
990,-0.8221380332428586,kde,full
991,-0.3569265665436665,kde,full
992,-0.5079256797182181,kde,full
993,1.5169469749030848,kde,full
994,1.7663363026775771,kde,full
995,1.4194564137088936,kde,full
996,-0.719504907304103,kde,full
997,3.269702108991536,kde,full
998,2.1919491693542765,kde,full
999,3.5455684764318383,kde,full
1000,2.4450115953082667,kde,full
1001,1.8980716157833535,kde,full
1002,-0.8881469087987938,kde,full
1003,-0.705041331792472,kde,full
1004,0.2536652690637141,kde,full
1005,-0.7569482358051972,kde,full
1006,-0.12661938838035214,kde,full
1007,2.04292148802679,kde,full
1008,-0.3153704692214467,kde,full
1009,-0.842965898925964,kde,full
1010,3.1552542001687103,kde,full
1011,2.430490521745553,kde,full
1012,3.6640096128569937,kde,full
1013,2.6793253244950095,kde,full
1014,2.1784448758225263,kde,full
1015,-0.8269391408251774,kde,full
1016,-0.5799892502035152,kde,full
1017,0.5131976464551508,kde,full
1018,-0.706198533203704,kde,full
1019,0.019619364790960214,kde,full
1020,1.5967420905445535,kde,full
1021,-0.6191909116089827,kde,full
1022,-0.9209276554188779,kde,full
1023,2.7690711298602473,kde,full
1024,2.534605352304024,kde,full
1025,3.3196344673969156,kde,full
1026,2.4005587468748897,kde,full
1027,1.9646214864062075,kde,full
1028,-1.0969489004030168,kde,full
1029,-0.9354762256619321,kde,full
1030,-0.20305309869857793,kde,full
1031,-1.1397025858883374,kde,full
1032,-0.6308748412377779,kde,full
1033,2.362217712400149,kde,full
1034,-0.6892193608117257,kde,full
1035,-0.9505321713611727,kde,full
1036,3.3173112568637393,kde,full
1037,2.6218810164167747,kde,full
1038,2.9996947378398287,kde,full
1039,2.6293381080870217,kde,full
1040,1.9665499387739218,kde,full
1041,-0.7364928306019788,kde,full
1042,-1.2316329299394728,kde,full
1043,-0.4669474503659956,kde,full
1044,-0.96695889353485,kde,full
1045,-0.7344092201835838,kde,full
1046,2.3645812005329465,kde,full
1047,-0.642518453999917,kde,full
1048,-0.7775449289482821,kde,full
1049,3.567011600079979,kde,full
1050,2.5743815471333074,kde,full
1051,3.121255321398629,kde,full
1052,2.1932306384185085,kde,full
1053,2.1582848702639037,kde,full
1054,-0.9407200801382554,kde,full
1055,-0.8350017182105012,kde,full
1056,-0.36450126635205904,kde,full
1057,-1.3535292746897423,kde,full
1058,-0.8920563923084194,kde,full
1059,1.665476250710838,kde,full
1060,-0.9428302942611086,kde,full
1061,-0.9062920396120608,kde,full
1062,3.5905529294718836,kde,full
1063,2.7999854286476733,kde,full
1064,3.2347608561817665,kde,full
1065,2.1973157714961777,kde,full
1066,2.3759975352722096,kde,full
1067,-0.9112411472393201,kde,full
1068,-1.1988625021363983,kde,full
1069,-0.5246209133299155,kde,full
1070,-0.9643668083907417,kde,full
1071,-0.7351605749061002,kde,full
1072,1.433393491847942,kde,full
1073,-0.9698885663676399,kde,full
1074,-0.9533018688856539,kde,full
1075,3.180504945900058,kde,full
1076,2.8805245733530436,kde,full
1077,3.169421742208411,kde,full
1078,2.290961571058158,kde,full
1079,2.789122348980604,kde,full
1080,-1.1812129881303257,kde,full
1081,-0.9903256067857596,kde,full
1082,-0.6938668414377193,kde,full
1083,-0.9650711228626063,kde,full
1084,-0.5884554084767502,kde,full
1085,1.8100842990964687,kde,full
1086,-0.8212436882716995,kde,full
1087,-1.1016343824533839,kde,full
1088,2.9659361014236443,kde,full
1089,2.9117514389913177,kde,full
1090,2.7386040096863624,kde,full
1091,2.2556474611798727,kde,full
1092,1.9551472443974935,kde,full
1093,-1.0314665596529509,kde,full
1094,-0.9801094357455691,kde,full
1095,-0.6935578964808548,kde,full
1096,-1.1307413632807823,kde,full
1097,-1.2316924159608809,kde,full
1098,1.0091801777368976,kde,full
1099,-0.6483702137186625,kde,full
1100,-1.0047807631428378,kde,full
1101,2.9569461504126737,kde,full
1102,2.5244378829215854,kde,full
1103,2.663789325259712,kde,full
1104,2.073253542878107,kde,full
1105,1.9424834732151497,kde,full
1106,-0.8543957955120802,kde,full
1107,-0.9640888976316837,kde,full
1108,-0.9326064761410603,kde,full
1109,-0.9733353490857631,kde,full
1110,-1.34739582261942,kde,full
1111,0.8203251018862681,kde,full
1112,-1.1125476540111796,kde,full
1113,-0.9433596593926621,kde,full
1114,2.927833156512624,kde,full
1115,2.56109745961714,kde,full
1116,2.7484106462239413,kde,full
1117,2.2208047816122685,kde,full
1118,1.9053715268255313,kde,full
1119,-1.1039594620261786,kde,full
1120,-1.0231727521421756,kde,full
1121,-1.012936251182108,kde,full
1122,-0.7118246922941357,kde,full
1123,-1.049910782924223,kde,full
1124,0.8986901113857786,kde,full
1125,-0.9518604266897268,kde,full
1126,-0.9485842489817257,kde,full
1127,2.77339400399007,kde,full
1128,2.3161375320106714,kde,full
1129,3.1836094789486595,kde,full
1130,3.0580440991550226,kde,full
1131,1.738090470909011,kde,full
1132,-0.9327942956390927,kde,full
1133,-0.7883001174871821,kde,full
1134,-0.8610544947070887,kde,full
1135,-1.0671850966774405,kde,full
1136,-1.1415134760371155,kde,full
1137,1.803554994084584,kde,full
1138,-0.9145940567240471,kde,full
1139,-0.7610682261940578,kde,full
1140,3.070826106855848,kde,full
1141,6.919175706001323,kde,full
1142,3.3721315249175268,kde,full
1143,3.7880444988682105,kde,full
1144,3.7668043146284274,kde,full
1145,4.174135015667861,kde,full
1146,3.284232115080277,kde,full
1147,3.335064319470638,kde,full
1148,3.706030033066707,kde,full
1149,1.684610201279309,kde,full
1150,4.035839197585429,kde,full
1151,-0.2801377209949645,kde,full
1152,-0.06972252033005519,kde,full
1153,-0.2566274327519178,kde,full
1154,-0.18518920260659616,kde,full
1155,0.11507541733555807,kde,full
1156,4.727584402659205,kde,full
1157,-0.29816949549120675,kde,full
1158,-0.33048959170870185,kde,full
1159,-0.17769600468387178,kde,full
1160,3.612366151719766,kde,full
1161,3.809340102696926,kde,full
1162,3.1148645514096285,kde,full
1163,3.169181411793521,kde,full
1164,0.01090470661825274,kde,full
1165,4.428325188501024,kde,full
1166,2.0134813755834235,kde,full
1167,2.354546944864401,kde,full
1168,2.605156324520234,kde,full
1169,2.651530991513548,kde,full
1170,2.707129274631852,kde,full
1171,2.538032778117009,kde,full
1172,3.4052334246569793,kde,full
1173,3.5849209259307413,kde,full
1174,1.4199827070425663,kde,full
1175,3.600012684125459,kde,full
1176,-0.6198277565188185,kde,full
1177,0.406486620397026,kde,full
1178,-0.40368651676873646,kde,full
1179,-0.5057340578276207,kde,full
1180,-0.415278006433261,kde,full
1181,5.092814721794954,kde,full
1182,0.05500566122146433,kde,full
1183,-0.4428017163804389,kde,full
1184,-0.48551333049490225,kde,full
1185,2.532381511308627,kde,full
1186,2.773378488187597,kde,full
1187,2.4928152627447884,kde,full
1188,-0.010835093323746381,kde,full
1189,3.3375507991147835,kde,full
1190,0.9757761894040711,kde,full
1191,2.1561314070415594,kde,full
1192,2.3506857421023892,kde,full
1193,2.4860876201754625,kde,full
1194,2.5511977128475545,kde,full
1195,2.200030353917081,kde,full
1196,3.174676732215628,kde,full
1197,3.325901263192034,kde,full
1198,1.5999076406526989,kde,full
1199,3.296353244189895,kde,full
1200,-0.7697598436855211,kde,full
1201,-0.3831713744083786,kde,full
1202,-0.910439816447576,kde,full
1203,-1.05424954154517,kde,full
1204,-1.0117225108684145,kde,full
1205,3.7862669669203615,kde,full
1206,-0.1641946085047367,kde,full
1207,-0.8151749247697679,kde,full
1208,-0.928138831553903,kde,full
1209,2.249331030525872,kde,full
1210,2.4531924548202637,kde,full
1211,2.438777257628716,kde,full
1212,-0.6817770486907049,kde,full
1213,2.923225618559981,kde,full
1214,1.049025309376685,kde,full
1215,2.4902395330122387,kde,full
1216,2.319661099477281,kde,full
1217,2.5907839115864215,kde,full
1218,2.4640658199072547,kde,full
1219,2.744721796739698,kde,full
1220,3.300187014472165,kde,full
1221,3.262504870733896,kde,full
1222,1.869817496303812,kde,full
1223,3.350653904989692,kde,full
1224,-0.9537900424116617,kde,full
1225,-0.9733586785360455,kde,full
1226,-1.1115163104902677,kde,full
1227,-0.9857063356056053,kde,full
1228,-1.0026889705810649,kde,full
1229,3.1696487616260303,kde,full
1230,-0.44352210573318257,kde,full
1231,-0.9007973817659267,kde,full
1232,-0.8343201792869848,kde,full
1233,2.492101862200153,kde,full
1234,2.7493685831644266,kde,full
1235,2.324283371950241,kde,full
1236,-0.5929037052936759,kde,full
1237,2.7684348233148146,kde,full
1238,0.9391745214137377,kde,full
1239,2.3055846271181037,kde,full
1240,2.157890226388484,kde,full
1241,2.8183544506408604,kde,full
1242,2.201042814109133,kde,full
1243,2.643295258272432,kde,full
1244,2.4581776358448395,kde,full
1245,2.9460657373157466,kde,full
1246,3.1964222843420846,kde,full
1247,3.3052947253467266,kde,full
1248,2.1932760559717734,kde,full
1249,3.2751737720879572,kde,full
1250,-0.9591009464297213,kde,full
1251,-0.24578754525473562,kde,full
1252,-0.9853021312974515,kde,full
1253,-0.9234470359272589,kde,full
1254,-1.1007727449517162,kde,full
1255,3.7587125301527404,kde,full
1256,-0.5447101698784829,kde,full
1257,-1.1982373096416776,kde,full
1258,-0.63977879738826,kde,full
1259,2.3974743408652635,kde,full
1260,3.0799296651157397,kde,full
1261,-0.6068651692954901,kde,full
1262,2.6252995564110964,kde,full
1263,1.2683474111591069,kde,full
1264,1.8845115652759197,kde,full
1265,2.4439454818704913,kde,full
1266,2.1356203042630133,kde,full
1267,2.2535907224464493,kde,full
1268,2.286593440891812,kde,full
1269,2.6006066119174616,kde,full
1270,2.2557001301101085,kde,full
1271,2.7492149905274887,kde,full
1272,2.8148648177799562,kde,full
1273,2.2351588437572474,kde,full
1274,3.0424078970717177,kde,full
1275,-1.2884210611941624,kde,full
1276,-0.8350562036753867,kde,full
1277,-0.9980275677578799,kde,full
1278,-1.1009067426849575,kde,full
1279,-1.098075765445715,kde,full
1280,2.943153142696804,kde,full
1281,-0.7261709334970574,kde,full
1282,-1.0536732388994898,kde,full
1283,0.05076712262527017,kde,full
1284,2.178456246484878,kde,full
1285,2.60493338134203,kde,full
1286,-0.48089526842520025,kde,full
1287,2.543792412325605,kde,full
1288,1.4895579261502827,kde,full
1289,2.1276318263443788,kde,full
1290,1.6489901501089061,kde,full
1291,2.1921335469540106,kde,full
1292,2.4718631919003475,kde,full
1293,2.7588267306477396,kde,full
1294,3.1327348911325856,kde,full
1295,2.670517207096725,kde,full
1296,2.8284512963809676,kde,full
1297,3.088636780849695,kde,full
1298,3.009626171104229,kde,full
1299,-1.2784243036051706,kde,full
1300,-1.195684622253772,kde,full
1301,-1.098391160373584,kde,full
1302,-0.9212998478233521,kde,full
1303,-0.8319149362068775,kde,full
1304,2.896869821997656,kde,full
1305,-0.16177161556611283,kde,full
1306,-1.0046225101773436,kde,full
1307,0.9767288233124266,kde,full
1308,1.9663403521090617,kde,full
1309,2.561403247206804,kde,full
1310,-0.47630942155209455,kde,full
1311,2.53291269771455,kde,full
1312,1.822071882120234,kde,full
1313,1.8951955219868806,kde,full
1314,2.062012182082312,kde,full
1315,2.2756236585632115,kde,full
1316,2.399797037420407,kde,full
1317,3.0356925827868073,kde,full
1318,2.8369187361950674,kde,full
1319,2.999033034059937,kde,full
1320,2.413359105661561,kde,full
1321,3.167310561385263,kde,full
1322,-1.0555377395568653,kde,full
1323,-0.9223560693327822,kde,full
1324,-1.1396769421303423,kde,full
1325,-1.1207051966657393,kde,full
1326,-1.272995508225435,kde,full
1327,2.8581160141760624,kde,full
1328,-0.6073977331958788,kde,full
1329,-0.8711226124252143,kde,full
1330,1.1600193226670723,kde,full
1331,1.9754541311089193,kde,full
1332,2.205723103699398,kde,full
1333,-0.30136039283385363,kde,full
1334,2.601635918454006,kde,full
1335,1.513449665113066,kde,full
1336,1.9216205381588196,kde,full
1337,2.0766401696919385,kde,full
1338,2.2452401890458606,kde,full
1339,2.245377410617385,kde,full
1340,2.9188918765324186,kde,full
1341,2.906608815520025,kde,full
1342,3.1153411316902537,kde,full
1343,1.7523519464532469,kde,full
1344,3.167686319594851,kde,full
1345,-0.9757015959021077,kde,full
1346,-1.0855413972595775,kde,full
1347,-0.8197368785349087,kde,full
1348,-0.8369492290199565,kde,full
1349,-1.03371149978273,kde,full
1350,2.882378950898968,kde,full
1351,-0.8728985757338992,kde,full
1352,-0.8476616729691269,kde,full
1353,1.3001284455247135,kde,full
1354,2.1026126869653936,kde,full
1355,2.110987317475878,kde,full
1356,-0.263263186702686,kde,full
1357,2.538908095356993,kde,full
1358,1.265212519510456,kde,full
1359,1.603664241763895,kde,full
1360,2.169979797262009,kde,full
1361,2.3466374316289955,kde,full
1362,2.3993272293206767,kde,full
1363,3.0860923903345108,kde,full
1364,2.954431901354157,kde,full
1365,3.2337700921882644,kde,full
1366,1.7562399655383873,kde,full
1367,3.2770602518786305,kde,full
1368,-0.7853488674491074,kde,full
1369,-0.978419835151755,kde,full
1370,-1.0540849190600052,kde,full
1371,-0.48485810752810066,kde,full
1372,-1.2919990583902488,kde,full
1373,3.107173806706962,kde,full
1374,-1.029508881208957,kde,full
1375,-0.687008369611634,kde,full
1376,3.5841324508040957,kde,full
1377,2.0777041639395044,kde,full
1378,-0.43110462796359517,kde,full
1379,2.492313783310558,kde,full
1380,1.1420166624634234,kde,full
1381,1.9532032343002328,kde,full
1382,1.9833513912457792,kde,full
1383,2.175624097642956,kde,full
1384,2.352339358870815,kde,full
1385,2.8145674993315555,kde,full
1386,3.0379512657574765,kde,full
1387,3.157282156454127,kde,full
1388,1.0013560406467141,kde,full
1389,3.1666296559727476,kde,full
1390,-1.0710463863996775,kde,full
1391,-0.9928618187104965,kde,full
1392,-0.7411607080218212,kde,full
1393,-0.7461213043330297,kde,full
1394,-1.029628626894163,kde,full
1395,3.171324489718134,kde,full
1396,-0.8322021911212641,kde,full
1397,-0.8622841269334623,kde,full
1398,3.2880104581726846,kde,full
1399,2.3698723426235477,kde,full
1400,-0.2981768753127766,kde,full
1401,2.438544984802361,kde,full
1402,1.2817611161045797,kde,full
1403,1.690547260744785,kde,full
1404,2.0232593801356624,kde,full
1405,2.1371704437520496,kde,full
1406,2.419192954141643,kde,full
1407,2.951950713218043,kde,full
1408,2.953649952293154,kde,full
1409,3.1078739267009845,kde,full
1410,0.7802641715239294,kde,full
1411,3.1240038941771293,kde,full
1412,-0.9020373301363632,kde,full
1413,-0.8481663826944627,kde,full
1414,-0.8283777551476303,kde,full
1415,-0.4654797412340548,kde,full
1416,-0.9521851327962857,kde,full
1417,2.8450751915027896,kde,full
1418,-0.5958549743685742,kde,full
1419,-0.9637097491121622,kde,full
1420,5.515650679724206,kde,full
1421,2.417025084773094,kde,full
1422,-0.5431644188590617,kde,full
1423,2.4964147679463355,kde,full
1424,1.369890257924724,kde,full
1425,1.7287325163920175,kde,full
1426,2.167787917911204,kde,full
1427,2.1830206265473193,kde,full
1428,2.2689804229829083,kde,full
1429,2.8748693780632375,kde,full
1430,3.0862908508043096,kde,full
1431,3.099755598649382,kde,full
1432,1.0091415589370698,kde,full
1433,3.1299600503698524,kde,full
1434,-1.1597188957158815,kde,full
1435,-1.06166154350392,kde,full
1436,-1.0455214683648282,kde,full
1437,-0.8156451491234658,kde,full
1438,-1.0477620394895204,kde,full
1439,2.830404653406004,kde,full
1440,-0.8563396176586087,kde,full
1441,-0.7527321880071179,kde,full
1442,1.9685678344806665,kde,full
1443,2.42965236974697,kde,full
1444,-0.7314969912519361,kde,full
1445,2.550136447092755,kde,full
1446,1.2776978740833096,kde,full
1447,1.4186635969469603,kde,full
1448,2.506216477310608,kde,full
1449,2.1907576042848707,kde,full
1450,2.0964337923941283,kde,full
1451,2.8635881318254914,kde,full
1452,3.1607194723355145,kde,full
1453,2.9601414677565767,kde,full
1454,1.7316935463335914,kde,full
1455,3.131399589484731,kde,full
1456,-1.0597834820504652,kde,full
1457,-1.0557691091038268,kde,full
1458,-1.0044992853638484,kde,full
1459,-1.1098071591123468,kde,full
1460,-1.104356036196509,kde,full
1461,2.786890226372301,kde,full
1462,-1.1466232388427926,kde,full
1463,-0.5959110210613552,kde,full
1464,1.2265821591773887,kde,full
1465,2.4234940308243096,kde,full
1466,-0.9550589514082092,kde,full
1467,2.5293310331987,kde,full
1468,1.2600936195913262,kde,full
1469,1.506766448307867,kde,full
1470,2.8140892955868395,kde,full
1471,2.3118249097546077,kde,full
1472,2.1433818929826733,kde,full
1473,2.7393705965228707,kde,full
1474,3.160779907537063,kde,full
1475,3.1223716308724394,kde,full
1476,1.5926489478225956,kde,full
1477,3.208253533909712,kde,full
1478,-1.275996261387957,kde,full
1479,-1.1213666025262958,kde,full
1480,-1.0019501678587326,kde,full
1481,-1.0238915829007964,kde,full
1482,-0.8219826396985066,kde,full
1483,2.7937804370550072,kde,full
1484,-0.31223471623566845,kde,full
1485,-0.690269401960725,kde,full
1486,1.2415542397852537,kde,full
1487,2.4089925333743167,kde,full
1488,-1.0992802869622993,kde,full
1489,2.451146078184849,kde,full
1490,1.2269164543028395,kde,full
1491,1.6458003610572853,kde,full
1492,2.3697528912173076,kde,full
1493,2.003802189297044,kde,full
1494,2.3059864472234244,kde,full
1495,3.5242456098099013,kde,full
1496,2.7686894819699113,kde,full
1497,2.7330649716566358,kde,full
1498,1.6954035014392548,kde,full
1499,2.921032342154606,kde,full
1500,-0.8383380627255198,kde,full
1501,-1.0362970776388283,kde,full
1502,-0.9851731536139893,kde,full
1503,-1.2291087700956378,kde,full
1504,-1.0839862860986174,kde,full
1505,2.872017492269432,kde,full
1506,-1.0365339128921585,kde,full
1507,-0.523028808066968,kde,full
1508,1.3527304028245064,kde,full
1509,2.4134265721522326,kde,full
1510,-0.788467863236172,kde,full
1511,2.3331460368675474,kde,full
1512,1.397760054616084,kde,full
1513,1.4633046474006581,kde,full
1514,2.7695400228708533,kde,full
1515,2.0795366340593175,kde,full
1516,2.4749834211009287,kde,full
1517,4.0948174106472335,kde,full
1518,2.8042410291050324,kde,full
1519,2.780686067737604,kde,full
1520,1.5592527911950027,kde,full
1521,2.9582352679429107,kde,full
1522,-0.9001073298016089,kde,full
1523,-1.1903114061015108,kde,full
1524,-1.010011202280656,kde,full
1525,-1.388828872094989,kde,full
1526,-0.8645345489603994,kde,full
1527,3.197718520492468,kde,full
1528,-1.1044247792559065,kde,full
1529,-0.7304070625382827,kde,full
1530,2.4405290106133566,kde,full
1531,-0.838668072636211,kde,full
1532,2.6307526359058673,kde,full
1533,1.5313096786421814,kde,full
1534,1.6286737964278224,kde,full
1535,2.088916478486283,kde,full
1536,2.0961528072301108,kde,full
1537,2.2726689869195487,kde,full
1538,3.9470503239912866,kde,full
1539,2.936844216990473,kde,full
1540,2.902714906247937,kde,full
1541,1.7644546471865148,kde,full
1542,3.1470785408887085,kde,full
1543,-1.0459698234313732,kde,full
1544,-1.012354662429059,kde,full
1545,-1.18180450095026,kde,full
1546,-1.0697108575991885,kde,full
1547,-1.180504537357783,kde,full
1548,3.3359194217783488,kde,full
1549,-0.9040134200225729,kde,full
1550,-0.7169019108153508,kde,full
1551,2.4538638760850082,kde,full
1552,-0.5887638667929714,kde,full
1553,2.585935249697784,kde,full
1554,1.369065399975396,kde,full
1555,1.443063755793034,kde,full
1556,2.6157813776910834,kde,full
1557,2.1078589033202073,kde,full
1558,2.1750926151988503,kde,full
1559,3.7666448661934777,kde,full
1560,2.975869028808166,kde,full
1561,2.9910200545302947,kde,full
1562,1.9198802570172084,kde,full
1563,3.1213477718637894,kde,full
1564,-1.063587607643486,kde,full
1565,-1.0860606194287317,kde,full
1566,-1.1607084916303891,kde,full
1567,-0.8868950077743234,kde,full
1568,-1.3100802570476195,kde,full
1569,4.2367166196620065,kde,full
1570,-0.3250120726050098,kde,full
1571,-0.7858839749947502,kde,full
1572,2.4141317938480022,kde,full
1573,-0.8022902098488097,kde,full
1574,2.5085181795262375,kde,full
1575,1.295800504951155,kde,full
1576,1.4577868488482504,kde,full
1577,2.874512349437549,kde,full
1578,2.1923739264054616,kde,full
1579,2.3085440871127387,kde,full
1580,3.7402025506119223,kde,full
1581,3.0663377706663417,kde,full
1582,2.924332663574039,kde,full
1583,2.2152442102325223,kde,full
1584,3.1116646463701834,kde,full
1585,-1.1024379147214445,kde,full
1586,-0.9451384207491651,kde,full
1587,-1.144461522195729,kde,full
1588,-0.8993810067002155,kde,full
1589,-1.0178841021874834,kde,full
1590,4.130682338691177,kde,full
1591,-0.12690551965583977,kde,full
1592,-0.7651486387971198,kde,full
1593,2.28611882109358,kde,full
1594,-0.777184561680645,kde,full
1595,2.6249824833591235,kde,full
1596,1.1658426639655273,kde,full
1597,1.3224008594843317,kde,full
1598,2.004210336003196,kde,full
1599,2.26046414971501,kde,full
1600,2.1646275327408646,kde,full
1601,3.6160756229867124,kde,full
1602,3.0749500399476863,kde,full
1603,2.9811969877860656,kde,full
1604,1.2294369724193452,kde,full
1605,3.2152245382194833,kde,full
1606,-1.2218128721439494,kde,full
1607,-1.1753541152322136,kde,full
1608,-1.0009175945097073,kde,full
1609,-1.013201431769199,kde,full
1610,-1.2675221644095587,kde,full
1611,3.620017666387994,kde,full
1612,-0.35572118425496246,kde,full
1613,-0.6287942361526734,kde,full
1614,2.1064087380181933,kde,full
1615,-0.9346507435037745,kde,full
1616,2.3002267743595817,kde,full
1617,1.3545035820523816,kde,full
1618,1.3580365184745067,kde,full
1619,2.394402448775586,kde,full
1620,2.373405106103522,kde,full
1621,2.2817311262997686,kde,full
1622,3.418317973450795,kde,full
1623,3.281362868072439,kde,full
1624,2.9606584818868416,kde,full
1625,1.3444104890863213,kde,full
1626,3.246827683981147,kde,full
1627,-0.9160304152966932,kde,full
1628,-1.1001711914115802,kde,full
1629,-0.7574313468956386,kde,full
1630,-1.0447307141632491,kde,full
1631,-0.8760355434782459,kde,full
1632,-0.4868886549274749,kde,full
1633,-0.8475373271625603,kde,full
1634,2.0985627493517693,kde,full
1635,-0.8147250601746651,kde,full
1636,2.4562328904011337,kde,full
1637,1.314398236885784,kde,full
1638,1.4967574873320815,kde,full
1639,1.92135447438306,kde,full
1640,2.1707698196834793,kde,full
1641,2.1324814938767087,kde,full
1642,3.382889864124859,kde,full
1643,2.837846614416584,kde,full
1644,2.988308786477003,kde,full
1645,1.655773469499123,kde,full
1646,3.0603359878264085,kde,full
1647,-0.9884648669375885,kde,full
1648,-0.9437663492649966,kde,full
1649,-1.08765045903824,kde,full
1650,-0.7880391044528784,kde,full
1651,-1.1146631647040324,kde,full
1652,-0.45710054926065635,kde,full
1653,-0.9631996348491322,kde,full
1654,2.097526247769136,kde,full
1655,-0.7960664559482152,kde,full
1656,2.1688378128035466,kde,full
1657,1.3524127625915958,kde,full
1658,1.3600254608393407,kde,full
1659,2.2537212447228567,kde,full
1660,2.1719594030880875,kde,full
1661,2.4714240269712056,kde,full
1662,3.7494367695065565,kde,full
1663,2.6669724465866453,kde,full
1664,3.163131285791488,kde,full
1665,2.9182515934446114,kde,full
1666,3.0944295127216757,kde,full
1667,-1.086806272496563,kde,full
1668,-0.9364805358333671,kde,full
1669,-0.9570290004483851,kde,full
1670,-1.14654471275934,kde,full
1671,-1.1279050061046616,kde,full
1672,-0.1515998077224037,kde,full
1673,-0.9365284460093841,kde,full
1674,2.4034426052626023,kde,full
1675,-1.0853122173829977,kde,full
1676,2.099603867517559,kde,full
1677,1.4002999231987543,kde,full
1678,1.4426476183814214,kde,full
1679,2.1244172461955384,kde,full
1680,2.3290385104439455,kde,full
1681,2.2765463443289318,kde,full
1682,4.0302967456013725,kde,full
1683,2.7147172673211246,kde,full
1684,3.119847415278564,kde,full
1685,3.885555708984416,kde,full
1686,3.1365834485985697,kde,full
1687,-0.9681538377319174,kde,full
1688,-0.773901466469795,kde,full
1689,-0.6304235598363721,kde,full
1690,-1.1010951795786332,kde,full
1691,-1.054006233299474,kde,full
1692,-0.17780218439448917,kde,full
1693,-1.2554566486146161,kde,full
1694,2.93187911240853,kde,full
1695,-1.099291798148167,kde,full
1696,2.180912605300373,kde,full
1697,1.6197624573119338,kde,full
1698,1.6822908365474012,kde,full
1699,1.8147905023235986,kde,full
1700,2.3900643823522527,kde,full
1701,2.3088138867641477,kde,full
1702,3.6596948277587624,kde,full
1703,3.1518076405632582,kde,full
1704,3.08238013952593,kde,full
1705,2.3100306047864754,kde,full
1706,3.318332035861841,kde,full
1707,-0.6918413732402461,kde,full
1708,-0.8068053484898183,kde,full
1709,-0.8531920651058003,kde,full
1710,-1.145544635372131,kde,full
1711,-0.8740858164273474,kde,full
1712,-0.25653515466962656,kde,full
1713,-0.9891808712761733,kde,full
1714,2.189696455718859,kde,full
1715,-0.7996626962884961,kde,full
1716,2.245010996664112,kde,full
1717,1.290028247774584,kde,full
1718,2.0104970296708857,kde,full
1719,4.539947645451825,kde,full
1720,3.0989581529902397,kde,full
1721,4.460093676261186,kde,full
1722,2.267037835949621,kde,full
1723,2.7558158122955345,kde,full
1724,-0.5447366650276044,kde,full
1725,2.2565761653359417,kde,full
1726,-0.3081922789640032,kde,full
1727,3.7384234207547,kde,full
1728,1.2786410385941518,kde,full
1729,2.241876041085828,kde,full
1730,-0.3957743302983235,kde,full
1731,2.257583742295423,kde,full
1732,1.939617544624154,kde,full
1733,1.803346970099215,kde,full
1734,1.6223809719373814,kde,full
1735,2.6337832061356643,kde,full
1736,2.1933157487962296,kde,full
1737,2.97238652811046,kde,full
1738,2.909715152708368,kde,full
1739,1.5303183191559784,kde,full
1740,-0.5685453475688216,kde,full
1741,1.727014935829216,kde,full
1742,-0.8330075957237745,kde,full
1743,2.467975235084472,kde,full
1744,0.646710292158606,kde,full
1745,3.0470668122786853,kde,full
1746,-0.8109912656928459,kde,full
1747,1.4062334155038294,kde,full
1748,1.54081088905299,kde,full
1749,1.5214171501703602,kde,full
1750,2.1394696867001572,kde,full
1751,2.4361450179797677,kde,full
1752,1.9552154831301987,kde,full
1753,2.8220085153711136,kde,full
1754,3.272644783285825,kde,full
1755,1.6983607035377164,kde,full
1756,-0.9250376629087111,kde,full
1757,1.7335322182796247,kde,full
1758,-0.7579299521157556,kde,full
1759,2.2253617133894563,kde,full
1760,0.42118344730827917,kde,full
1761,2.658312263858887,kde,full
1762,-0.7355943132114038,kde,full
1763,1.7934569377556482,kde,full
1764,1.676189935433055,kde,full
1765,1.7610758227803802,kde,full
1766,1.0921871367815241,kde,full
1767,2.3398094186351717,kde,full
1768,1.9455363343640881,kde,full
1769,2.9358026693568364,kde,full
1770,3.8331217693587245,kde,full
1771,1.8751905378325913,kde,full
1772,-0.7112761949724549,kde,full
1773,2.0784374629572038,kde,full
1774,-0.6602772522732626,kde,full
1775,2.2417755294817305,kde,full
1776,1.1288539841146679,kde,full
1777,2.778027618397692,kde,full
1778,-0.8959082552745908,kde,full
1779,2.6850634724256426,kde,full
1780,2.061840455331147,kde,full
1781,2.354461860543184,kde,full
1782,0.958489711444825,kde,full
1783,2.6032149096320927,kde,full
1784,2.133960310482562,kde,full
1785,3.2052437835539775,kde,full
1786,4.795204314590836,kde,full
1787,2.3940394801068288,kde,full
1788,-1.0287751466746384,kde,full
1789,2.746431765211328,kde,full
1790,-0.7774806451941076,kde,full
1791,2.2338625988639107,kde,full
1792,-0.16021097436345014,kde,full
1793,2.1215133226175222,kde,full
1794,-0.9223190014842674,kde,full
1795,3.1255488552545017,kde,full
1796,2.259508480773343,kde,full
1797,2.8074748869820674,kde,full
1798,0.9983419801258131,kde,full
1799,2.2363944484511213,kde,full
1800,2.7424662667004434,kde,full
1801,2.565580857305474,kde,full
1802,2.7153430498311035,kde,full
1803,1.1692129039880401,kde,full
1804,-0.9158762022301457,kde,full
1805,1.563482318365443,kde,full
1806,-1.2235804584842922,kde,full
1807,2.4382879226631546,kde,full
1808,0.1689232722401576,kde,full
1809,2.7670289204319647,kde,full
1810,-0.7529353634675322,kde,full
1811,1.6554321942938435,kde,full
1812,1.8129361364777137,kde,full
1813,1.7986909642582538,kde,full
1814,0.9920631667834839,kde,full
1815,2.2013708421777327,kde,full
1816,4.384656410421273,kde,full
1817,2.218911639258446,kde,full
1818,4.090063174579427,kde,full
1819,1.1721677637555001,kde,full
1820,-1.0648849237497182,kde,full
1821,1.5977427455804087,kde,full
1822,-0.9382946041448148,kde,full
1823,2.564798657675326,kde,full
1824,-0.5848236948232617,kde,full
1825,2.539743588905476,kde,full
1826,-0.8876672486506516,kde,full
1827,1.6511900065202227,kde,full
1828,1.7613633756952924,kde,full
1829,2.0878796901844994,kde,full
1830,0.6381673531438764,kde,full
1831,2.297717013969697,kde,full
1832,8.382310305059995,kde,full
1833,2.148950283018287,kde,full
1834,3.2425746715087387,kde,full
1835,1.2202129120506324,kde,full
1836,-0.8243564662559899,kde,full
1837,1.654272373811383,kde,full
1838,-1.087481237954643,kde,full
1839,2.1022649558766595,kde,full
1840,-1.0637448557587954,kde,full
1841,2.5172121567920236,kde,full
1842,-1.1850893406496266,kde,full
1843,1.9820221662538346,kde,full
1844,1.7833753088094966,kde,full
1845,1.9757451469191043,kde,full
1846,1.4765502168644704,kde,full
1847,2.6943887828790207,kde,full
1848,10.588905016640274,kde,full
1849,3.093844614651227,kde,full
1850,2.728404478759079,kde,full
1851,1.5900739852827366,kde,full
1852,-0.8047713899487414,kde,full
1853,1.7419654891773069,kde,full
1854,-0.9155226191091871,kde,full
1855,2.004796209965903,kde,full
1856,-0.7420044471234447,kde,full
1857,2.0061010430414683,kde,full
1858,-0.7509501895086892,kde,full
1859,2.224553835494125,kde,full
1860,2.09210125479923,kde,full
1861,2.357336473863243,kde,full
1862,2.8751123247818686,kde,full
1863,2.9459274579045718,kde,full
1864,2.7180872898407404,kde,full
1865,17.141477627197812,kde,full
1866,3.4298209359804708,kde,full
1867,3.853053823821097,kde,full
1868,1.5244460768043093,kde,full
1869,-0.9206356539066098,kde,full
1870,1.8349357977326646,kde,full
1871,0.28552057576785883,kde,full
1872,2.0901128061458616,kde,full
1873,-0.02721840418615329,kde,full
1874,2.193615109002825,kde,full
1875,-1.031116219769525,kde,full
1876,2.0883945745175887,kde,full
1877,2.1034712402541786,kde,full
1878,2.309017255360976,kde,full
1879,3.8917510455970037,kde,full
1880,2.131020680519588,kde,full
1881,2.3797625023657867,kde,full
1882,5.791524020554321,kde,full
1883,3.000044823317163,kde,full
1884,2.3433338594322457,kde,full
1885,1.4047271604526457,kde,full
1886,-0.7027824792513924,kde,full
1887,1.6298342136177268,kde,full
1888,2.5274433290204175,kde,full
1889,2.1088460310273103,kde,full
1890,1.7104855804327919,kde,full
1891,2.0797963543350066,kde,full
1892,-0.8988413724270491,kde,full
1893,1.1307504220534927,kde,full
1894,1.7843650900603194,kde,full
1895,1.3677956584214952,kde,full
1896,2.7089825569174772,kde,full
1897,2.090162276302027,kde,full
1898,2.3099537717663785,kde,full
1899,2.5051984556037112,kde,full
1900,5.349964201598153,kde,full
1901,3.7939938280650836,kde,full
1902,-0.3228961904866471,kde,full
1903,2.1935205291937763,kde,full
1904,2.1030160313238473,kde,full
1905,4.682576194746271,kde,full
1906,2.755655001109626,kde,full
1907,-0.5402460864985237,kde,full
1908,1.9185974850892449,kde,full
1909,1.7401382559310306,kde,full
1910,4.535892280451831,kde,full
1911,2.5919415773090946,kde,full
1912,-1.13329705128662,kde,full
1913,1.7837807704681432,kde,full
1914,1.6832662546412016,kde,full
1915,4.748326410226158,kde,full
1916,2.6090623249566254,kde,full
1917,-0.9441034747704881,kde,full
1918,1.899002748999657,kde,full
1919,2.146794178914054,kde,full
1920,5.860177553740574,kde,full
1921,2.9824954639016275,kde,full
1922,-1.198404099375045,kde,full
1923,1.9783086668536023,kde,full
1924,1.8271859884221833,kde,full
1925,5.956819762372513,kde,full
1926,2.4955017606604604,kde,full
1927,-1.121608031827764,kde,full
1928,1.8421098544613765,kde,full
1929,1.760808790330914,kde,full
1930,6.4274915009795315,kde,full
1931,2.528962491774326,kde,full
1932,-0.9562941898839356,kde,full
1933,1.8429231402057644,kde,full
1934,1.873803601098862,kde,full
1935,5.240875651811054,kde,full
1936,2.4104700896006737,kde,full
1937,-1.0918918924588885,kde,full
1938,1.759822913960356,kde,full
1939,2.0116053454325296,kde,full
1940,7.265841919245858,kde,full
1941,2.338015691292038,kde,full
1942,-1.0596203402904476,kde,full
1943,1.6720153380149614,kde,full
1944,2.400232823645208,kde,full
1945,7.2230323392274896,kde,full
1946,-1.1584184842267211,kde,full
1947,1.8114235531758824,kde,full
1948,1.8092378151791677,kde,full
1949,7.4240301720292745,kde,full
1950,-1.1773039799622393,kde,full
1951,1.9451372589979992,kde,full
1952,1.9171506878520304,kde,full
1953,7.019573973956801,kde,full
1954,-1.2019640049054106,kde,full
1955,1.5927283512738952,kde,full
1956,1.7363035235164226,kde,full
1957,7.296420232276964,kde,full
1958,-0.6101918963630313,kde,full
1959,1.7033444773242978,kde,full
1960,1.9844363746244955,kde,full
1961,8.557450902932494,kde,full
1962,-1.1680522835558564,kde,full
1963,1.9964503347180689,kde,full
1964,2.404322944642593,kde,full
1965,11.178825765561733,kde,full
1966,-0.9071010011744016,kde,full
1967,2.031514173163791,kde,full
1968,1.9889619916851708,kde,full
1969,11.759923518764724,kde,full
1970,-1.032593470143977,kde,full
1971,3.668163807992768,kde,full
1972,1.9550729266572957,kde,full
1973,1.7941737702399916,kde,full
1974,11.426704373465132,kde,full
1975,-1.179951365001756,kde,full
1976,2.8863515536489444,kde,full
1977,1.804372111865753,kde,full
1978,1.9090064170047136,kde,full
1979,11.781698920558515,kde,full
1980,-1.292212627401379,kde,full
1981,2.568888917412382,kde,full
1982,1.9563673379131752,kde,full
1983,1.795387979730541,kde,full
1984,9.342774834090166,kde,full
1985,-1.0723981210366544,kde,full
1986,2.566007525828245,kde,full
1987,2.3677039808077938,kde,full
1988,1.8600564567168716,kde,full
1989,9.401797985958469,kde,full
1990,-1.3435455930880302,kde,full
1991,2.5389435188139124,kde,full
1992,1.7233939796193947,kde,full
1993,1.912513663626425,kde,full
1994,8.615470389266022,kde,full
1995,-1.2011581317516504,kde,full
1996,2.3792173887448915,kde,full
1997,1.7313576108817834,kde,full
1998,1.8305338605590782,kde,full
1999,8.758280288298613,kde,full
2000,-1.065983926851834,kde,full
2001,2.5352612926805285,kde,full
2002,1.6473344401714187,kde,full
2003,1.8664202448152518,kde,full
2004,8.044740053645455,kde,full
2005,-0.8036542062447304,kde,full
2006,2.4951146772370465,kde,full
2007,1.8059316741630753,kde,full
2008,2.014664867753584,kde,full
2009,6.953525753108514,kde,full
2010,-0.9551770741439484,kde,full
2011,2.35875146394036,kde,full
2012,1.9266274302382502,kde,full
2013,2.1169734440886967,kde,full
2014,7.019830239671096,kde,full
2015,-1.1117900792965731,kde,full
2016,2.202436368175233,kde,full
2017,1.6271511589847472,kde,full
2018,1.7044221412692475,kde,full
2019,6.625710363249611,kde,full
2020,-1.0645722867420346,kde,full
2021,2.40042205364242,kde,full
2022,1.7179018453514465,kde,full
2023,2.006677247180018,kde,full
2024,7.043130686211971,kde,full
2025,-1.0315486592118177,kde,full
2026,2.706514518725629,kde,full
2027,1.7179609072508897,kde,full
2028,1.9339698841017714,kde,full
2029,5.770702501556072,kde,full
2030,-0.912544388290177,kde,full
2031,2.4920309814163506,kde,full
2032,1.7978773057721371,kde,full
2033,1.926420814549856,kde,full
2034,4.524278814692402,kde,full
2035,-1.0768665791537064,kde,full
2036,2.257156742017361,kde,full
2037,2.000246087096635,kde,full
2038,1.9911648649126439,kde,full
2039,3.186953383075343,kde,full
2040,-1.1802325621565857,kde,full
2041,2.320556739734726,kde,full
2042,1.7884354618438763,kde,full
2043,1.9144544697411048,kde,full
2044,3.4978347871061617,kde,full
2045,-1.0878882061960196,kde,full
2046,2.299832584388062,kde,full
2047,2.206681535898711,kde,full
2048,2.0788203885182286,kde,full
2049,2.647882209633279,kde,full
2050,-1.1890074499020475,kde,full
2051,2.194273607891583,kde,full
2052,1.7801646803275815,kde,full
2053,1.7953632551325736,kde,full
2054,2.3150165236209816,kde,full
2055,-1.1556158163970454,kde,full
2056,2.156050375210168,kde,full
2057,1.7074942634697003,kde,full
2058,1.790684887680853,kde,full
2059,2.6072622606269715,kde,full
2060,-1.1572194752408316,kde,full
2061,2.571937244253872,kde,full
2062,3.2966896820623655,kde,full
2063,1.5906425050491952,kde,full
2064,1.9724339379181004,kde,full
2065,2.8070498722353987,kde,full
2066,2.375013550924102,kde,full
2067,3.8721845291877353,kde,full
2068,3.8774175486111866,kde,full
2069,3.4054603089671454,kde,full
2070,3.8180877919347402,kde,full
2071,2.386140383662294,kde,full
2072,0.12116080537820001,kde,full
2073,2.2162835640645504,kde,full
2074,3.6601948926943346,kde,full
2075,-0.33267347913142975,kde,full
2076,0.2156748373576694,kde,full
2077,-0.24244740148456717,kde,full
2078,2.777513226561478,kde,full
2079,3.0905763770405112,kde,full
2080,3.091534642407279,kde,full
2081,4.265028747132739,kde,full
2082,-0.44649662557042724,kde,full
2083,2.7915317971229907,kde,full
2084,4.41919245540001,kde,full
2085,1.3039273709643582,kde,full
2086,2.554877953812567,kde,full
2087,2.7041061918123717,kde,full
2088,1.8282679513552362,kde,full
2089,6.050935049027469,kde,full
2090,3.2210674502798238,kde,full
2091,2.9151602227029523,kde,full
2092,3.142050627170586,kde,full
2093,2.9896002127425967,kde,full
2094,-0.2661277607519851,kde,full
2095,2.7923699850098105,kde,full
2096,-0.8509721194837094,kde,full
2097,0.8464066387902975,kde,full
2098,-0.5800805802331295,kde,full
2099,1.6560921308161831,kde,full
2100,2.1178756129790672,kde,full
2101,2.090245256545985,kde,full
2102,3.0564157701592656,kde,full
2103,-0.6170865754858256,kde,full
2104,3.6869529337920612,kde,full
2105,2.736705111440363,kde,full
2106,1.2923713115102275,kde,full
2107,2.7096501129339305,kde,full
2108,2.5039203846337172,kde,full
2109,1.6037409889067158,kde,full
2110,3.194202554319926,kde,full
2111,3.0146022497575107,kde,full
2112,2.7119239769016215,kde,full
2113,2.8807312410988137,kde,full
2114,2.798002781954686,kde,full
2115,-0.44043336547673595,kde,full
2116,2.3769853679774218,kde,full
2117,-0.8223165904691736,kde,full
2118,1.7062062719403772,kde,full
2119,-0.6178469935106312,kde,full
2120,1.5874215228912507,kde,full
2121,1.9496604302147236,kde,full
2122,1.992559024665761,kde,full
2123,2.895779702356852,kde,full
2124,-0.9865572660473525,kde,full
2125,2.5036384491540216,kde,full
2126,2.0802673296189753,kde,full
2127,1.9023598484355184,kde,full
2128,4.444354881697263,kde,full
2129,3.0164366704354917,kde,full
2130,1.9056561162889647,kde,full
2131,2.4010911777911392,kde,full
2132,3.0895500090260373,kde,full
2133,2.975990202951865,kde,full
2134,3.0360750354279946,kde,full
2135,3.5476849403254445,kde,full
2136,-0.5826519334527732,kde,full
2137,2.56337395276883,kde,full
2138,-1.093960609432179,kde,full
2139,2.082132881703542,kde,full
2140,-0.8129341327353011,kde,full
2141,1.7315116916929676,kde,full
2142,2.1048966076176954,kde,full
2143,2.325640141099293,kde,full
2144,2.537388552184933,kde,full
2145,-1.1405181843938006,kde,full
2146,1.4531903746960513,kde,full
2147,3.997612936196845,kde,full
2148,1.7079929733586174,kde,full
2149,4.2334326497856045,kde,full
2150,2.8809787266081095,kde,full
2151,1.493787074339243,kde,full
2152,2.454888566514782,kde,full
2153,2.722269995961994,kde,full
2154,2.856391066890058,kde,full
2155,5.481689937320313,kde,full
2156,-0.5697329224668,kde,full
2157,2.537412113114129,kde,full
2158,-1.194328883485183,kde,full
2159,4.049664497021952,kde,full
2160,-1.1125713203367198,kde,full
2161,1.4915494525168556,kde,full
2162,1.8504497957715833,kde,full
2163,1.9921828624604307,kde,full
2164,2.6739828716791543,kde,full
2165,-1.0044093594585828,kde,full
2166,2.1178532262857765,kde,full
2167,2.9051593692601045,kde,full
2168,1.0948334606296906,kde,full
2169,1.4392302016788077,kde,full
2170,2.171854816944596,kde,full
2171,1.4297218686579565,kde,full
2172,2.4380086274017314,kde,full
2173,2.656573784659717,kde,full
2174,2.702274250116901,kde,full
2175,5.945235457977584,kde,full
2176,-0.9177158235089886,kde,full
2177,1.3512026456444117,kde,full
2178,-1.226311354256465,kde,full
2179,2.7412828645160254,kde,full
2180,-0.9303933075596079,kde,full
2181,1.6747733287007314,kde,full
2182,1.9916246755139309,kde,full
2183,1.833576506406034,kde,full
2184,3.0155314506220368,kde,full
2185,-0.7164187646023723,kde,full
2186,1.8856001693570992,kde,full
2187,4.069155091141225,kde,full
2188,1.9656402520134573,kde,full
2189,3.3802360866806054,kde,full
2190,1.1110212833712025,kde,full
2191,1.7358594067718087,kde,full
2192,2.135516573867909,kde,full
2193,1.7621420382224593,kde,full
2194,1.9220221334444183,kde,full
2195,2.4451361126627558,kde,full
2196,2.6065961136995863,kde,full
2197,-0.9498953576918717,kde,full
2198,1.6911448201703438,kde,full
2199,-1.0294980450061404,kde,full
2200,4.7333959418286184,kde,full
2201,-1.1066586727588879,kde,full
2202,1.7182225009157066,kde,full
2203,1.824065347609527,kde,full
2204,1.9488450741787018,kde,full
2205,3.3985460224087194,kde,full
2206,-0.7301186965873957,kde,full
2207,2.2996475155950757,kde,full
2208,3.6194037205096117,kde,full
2209,1.697108654981175,kde,full
2210,1.8292096345346414,kde,full
2211,1.1517054626672507,kde,full
2212,1.8653185654852367,kde,full
2213,2.227848856416805,kde,full
2214,1.4248113657972157,kde,full
2215,2.3580993621895736,kde,full
2216,2.6257642577040223,kde,full
2217,2.7883033231902363,kde,full
2218,-1.229795510669083,kde,full
2219,1.6563436822694322,kde,full
2220,-0.19785790082218757,kde,full
2221,1.6795764616943019,kde,full
2222,-1.1116616251695166,kde,full
2223,1.6796895687950602,kde,full
2224,1.9915047592889885,kde,full
2225,1.9732047280958223,kde,full
2226,2.9847437660487075,kde,full
2227,-1.10525066676982,kde,full
2228,1.7656094576991372,kde,full
2229,3.341235829657254,kde,full
2230,1.378910855385637,kde,full
2231,1.5919748712556459,kde,full
2232,1.16586323184164,kde,full
2233,1.761638199133404,kde,full
2234,2.305703208063577,kde,full
2235,1.4719189103617547,kde,full
2236,2.9390386880561805,kde,full
2237,2.649072336855891,kde,full
2238,2.8156688990049505,kde,full
2239,-0.839637017899036,kde,full
2240,1.1735869171142876,kde,full
2241,0.7529343484395692,kde,full
2242,0.19520942008692935,kde,full
2243,-1.0531634366311986,kde,full
2244,1.824468692279577,kde,full
2245,2.104294704080977,kde,full
2246,1.9752713554168602,kde,full
2247,2.7740376474432265,kde,full
2248,-1.0088774751292866,kde,full
2249,1.3681511042979428,kde,full
2250,3.234215993002844,kde,full
2251,1.2835665640501959,kde,full
2252,2.007761599533696,kde,full
2253,1.3545206146369644,kde,full
2254,3.586383007382725,kde,full
2255,2.7454444616211937,kde,full
2256,1.4498312671824707,kde,full
2257,3.5955454003271594,kde,full
2258,2.7104915293158665,kde,full
2259,2.8685130381687847,kde,full
2260,-1.1555753298240492,kde,full
2261,3.3522919649841034,kde,full
2262,2.5145594396860567,kde,full
2263,-0.38554879520378704,kde,full
2264,-1.2093141546149135,kde,full
2265,1.93031111172278,kde,full
2266,2.4363884383363152,kde,full
2267,1.8880466694398343,kde,full
2268,2.6725352882007236,kde,full
2269,-0.7598557460275571,kde,full
2270,1.0976684954494706,kde,full
2271,3.3871101702257187,kde,full
2272,1.3618763015624642,kde,full
2273,1.4254865802746195,kde,full
2274,1.1391976577606295,kde,full
2275,1.126705296343607,kde,full
2276,2.5457470640295026,kde,full
2277,1.4093523415681304,kde,full
2278,2.153468757516092,kde,full
2279,2.5309522722208087,kde,full
2280,2.585839373810246,kde,full
2281,-1.1073360418286613,kde,full
2282,0.3894372702481279,kde,full
2283,2.7100061728066667,kde,full
2284,0.12963974709587023,kde,full
2285,-1.3093634686178959,kde,full
2286,1.7919863812951065,kde,full
2287,1.842104191274236,kde,full
2288,1.8311217756694496,kde,full
2289,2.926140780504022,kde,full
2290,-1.0622396506937233,kde,full
2291,1.3367832140230504,kde,full
2292,3.1540565445345097,kde,full
2293,1.291174236001191,kde,full
2294,1.4616843993228077,kde,full
2295,1.4810456578366753,kde,full
2296,2.5600179970583516,kde,full
2297,3.1464729733385393,kde,full
2298,1.9827736959452156,kde,full
2299,3.213757067136476,kde,full
2300,2.6809062779043065,kde,full
2301,2.823893887846342,kde,full
2302,-1.1258211582750268,kde,full
2303,0.8385210279358051,kde,full
2304,5.268720143161965,kde,full
2305,-0.5140153521217743,kde,full
2306,-1.2075071460876208,kde,full
2307,2.046148205677528,kde,full
2308,2.3609111087054626,kde,full
2309,1.9858011181609236,kde,full
2310,2.831105206882604,kde,full
2311,-1.0227660648227528,kde,full
2312,1.0932471602831886,kde,full
2313,3.3826083799264683,kde,full
2314,1.2893694436071241,kde,full
2315,1.5224917942649636,kde,full
2316,0.900817954057801,kde,full
2317,1.3568265094643146,kde,full
2318,2.2913761499915113,kde,full
2319,1.2447462032418333,kde,full
2320,2.9442446797863924,kde,full
2321,2.4101840848385825,kde,full
2322,2.5675606653100336,kde,full
2323,-1.1564924877872524,kde,full
2324,-0.23781972370823296,kde,full
2325,2.6553759915862463,kde,full
2326,-1.2015458287024057,kde,full
2327,-1.2411883572012448,kde,full
2328,1.571602183566001,kde,full
2329,1.6980473291856977,kde,full
2330,1.9560724387099526,kde,full
2331,2.8027429387100624,kde,full
2332,-1.021964543796358,kde,full
2333,1.5818337959847573,kde,full
2334,3.0986325698801385,kde,full
2335,1.2499222612596284,kde,full
2336,1.9555043923975006,kde,full
2337,1.0102982698701741,kde,full
2338,1.1662599665927476,kde,full
2339,2.009358680847514,kde,full
2340,1.329104459801048,kde,full
2341,2.6064375681958443,kde,full
2342,2.5178844558672524,kde,full
2343,2.5981590881064296,kde,full
2344,-1.1483036209211313,kde,full
2345,-0.5952542145502335,kde,full
2346,1.1077640641596376,kde,full
2347,-0.9389337806691693,kde,full
2348,-0.8887745528825225,kde,full
2349,1.7000667076785474,kde,full
2350,1.7487239233086531,kde,full
2351,2.0590966821325973,kde,full
2352,2.8736645013297197,kde,full
2353,-0.9983108955782265,kde,full
2354,2.082548373667561,kde,full
2355,3.1516544468626444,kde,full
2356,1.342003672075387,kde,full
2357,2.5655399083647024,kde,full
2358,1.6802982299121085,kde,full
2359,2.2614447810067198,kde,full
2360,2.2472044706572785,kde,full
2361,1.6601888340014135,kde,full
2362,3.9114387854442185,kde,full
2363,2.555208180293096,kde,full
2364,2.63728837029095,kde,full
2365,-1.3042882437203147,kde,full
2366,1.103485292785739,kde,full
2367,1.485647043639069,kde,full
2368,-0.7996383814318069,kde,full
2369,-1.056104417815701,kde,full
2370,1.8747451735247278,kde,full
2371,1.769499307291332,kde,full
2372,2.092718666609732,kde,full
2373,3.0496871159889487,kde,full
2374,-1.0166823268714493,kde,full
2375,2.6767356816271177,kde,full
2376,3.086855060645853,kde,full
2377,1.7389952079774535,kde,full
2378,1.755342479295344,kde,full
2379,0.5721991290295988,kde,full
2380,-0.12238431033882545,kde,full
2381,2.6021093670581186,kde,full
2382,1.8416376906571381,kde,full
2383,2.0105295590111907,kde,full
2384,2.8879198208688126,kde,full
2385,2.8510276912200725,kde,full
2386,-0.9636791358899167,kde,full
2387,-0.6021930560570021,kde,full
2388,0.8594571916683125,kde,full
2389,-1.0449830935961508,kde,full
2390,-1.2299387701366578,kde,full
2391,1.9061562329318256,kde,full
2392,1.9003569127688484,kde,full
2393,2.1965682263245907,kde,full
2394,3.0811394225534134,kde,full
2395,-0.9646168937962987,kde,full
2396,1.2663193826701793,kde,full
2397,3.2013265759746456,kde,full
2398,1.4605856399614419,kde,full
2399,1.781305112465796,kde,full
2400,1.1371353774833814,kde,full
2401,0.6438196006976391,kde,full
2402,2.4834077527289824,kde,full
2403,2.092481931269074,kde,full
2404,1.9782344041745343,kde,full
2405,2.825957922307355,kde,full
2406,2.8221777262282832,kde,full
2407,-0.8107371038373993,kde,full
2408,-0.8869946794987814,kde,full
2409,0.6219159523015121,kde,full
2410,-1.3272242407258095,kde,full
2411,-1.1614710005200406,kde,full
2412,1.8578582484020503,kde,full
2413,1.7954628578726508,kde,full
2414,2.2255227340932353,kde,full
2415,3.1633064534629063,kde,full
2416,-1.2449447985917237,kde,full
2417,1.3868156598855927,kde,full
2418,3.4692208253528207,kde,full
2419,1.4307610848619232,kde,full
2420,1.6260654143140765,kde,full
2421,-0.31775449586441873,kde,full
2422,-0.23104230773854825,kde,full
2423,2.3751108810797303,kde,full
2424,1.6584998637828758,kde,full
2425,1.9067848897204813,kde,full
2426,2.7835318064245143,kde,full
2427,2.653826635994675,kde,full
2428,-1.030292545853917,kde,full
2429,-0.9091495262119405,kde,full
2430,0.37802115240981804,kde,full
2431,-1.083253366139808,kde,full
2432,-1.01102308650144,kde,full
2433,1.698869772998152,kde,full
2434,1.8437692060954656,kde,full
2435,1.8886481096835603,kde,full
2436,4.186983596817193,kde,full
2437,-0.9803011897262288,kde,full
2438,1.340916497295276,kde,full
2439,3.3012662495144847,kde,full
2440,1.401304992938337,kde,full
2441,1.8923780114114352,kde,full
2442,-0.46324529150768307,kde,full
2443,-0.5830760510806903,kde,full
2444,2.7133720299581565,kde,full
2445,1.7145368144082105,kde,full
2446,1.8432058588953901,kde,full
2447,2.850139097085833,kde,full
2448,2.7275454396793157,kde,full
2449,-1.044227180310104,kde,full
2450,-1.0670734751732605,kde,full
2451,-0.1289476116958816,kde,full
2452,-1.2452515839260183,kde,full
2453,-0.9876789260656779,kde,full
2454,1.7057311743531072,kde,full
2455,2.1662254351880694,kde,full
2456,1.9752220995359444,kde,full
2457,3.1372696276869787,kde,full
2458,-1.061777770062014,kde,full
2459,1.3352901195030782,kde,full
2460,3.4970036035623373,kde,full
2461,1.4156697250235402,kde,full
2462,1.8215419456717135,kde,full
2463,0.6147494086124892,kde,full
2464,-1.0103800945599437,kde,full
2465,2.5915242499409805,kde,full
2466,1.9655759890262532,kde,full
2467,1.9803140912202384,kde,full
2468,2.920174722051216,kde,full
2469,2.6711792647343175,kde,full
2470,-1.1480274934486066,kde,full
2471,-0.9986357228044218,kde,full
2472,-0.6257360224562304,kde,full
2473,-0.9893589760403603,kde,full
2474,-1.1849265900993,kde,full
2475,1.6869025515549572,kde,full
2476,1.9956090700048117,kde,full
2477,1.9044010658286927,kde,full
2478,2.606221667497958,kde,full
2479,-0.5445672116282818,kde,full
2480,1.8055649259461886,kde,full
2481,3.755641720400829,kde,full
2482,1.3234714717674507,kde,full
2483,1.512239195591247,kde,full
2484,-0.49599954581481265,kde,full
2485,-0.9717765799149083,kde,full
2486,1.9422309570202825,kde,full
2487,1.7319494766279677,kde,full
2488,1.8945158414901084,kde,full
2489,2.404201174683074,kde,full
2490,2.4990962550443463,kde,full
2491,-0.9837756051450204,kde,full
2492,-1.1085561678281806,kde,full
2493,-1.1017362825991437,kde,full
2494,-1.064172327461271,kde,full
2495,-0.9332774139584261,kde,full
2496,1.8346615417153753,kde,full
2497,1.7247008053937676,kde,full
2498,1.871472872599337,kde,full
2499,3.297876722769989,kde,full
2500,-0.9967778608415652,kde,full
2501,1.5463201757083052,kde,full
2502,3.0365849675999215,kde,full
2503,1.606518020406547,kde,full
2504,1.5395468665441752,kde,full
2505,-0.6626883670252415,kde,full
2506,-0.9090013050466659,kde,full
2507,2.0725087162881253,kde,full
2508,1.994362572466403,kde,full
2509,2.2752890978694014,kde,full
2510,2.6096334838646595,kde,full
2511,2.7008222316246298,kde,full
2512,-1.0869833117650025,kde,full
2513,-1.1952257474987011,kde,full
2514,-0.8505643621023025,kde,full
2515,-1.1474692108542024,kde,full
2516,-0.9361605038275304,kde,full
2517,1.8337759578226984,kde,full
2518,1.795408616263611,kde,full
2519,1.8901859031866355,kde,full
2520,3.5353503406864264,kde,full
2521,-0.8080721912626426,kde,full
2522,1.7235877586368291,kde,full
2523,3.279222445284205,kde,full
2524,1.8811868466091588,kde,full
2525,1.5647724281740052,kde,full
2526,-0.9110916513075911,kde,full
2527,-0.4427211810327806,kde,full
2528,2.4215992856007467,kde,full
2529,2.1675888270189017,kde,full
2530,1.9876913709557358,kde,full
2531,2.880038194146977,kde,full
2532,2.8181287096631937,kde,full
2533,-1.093285525320813,kde,full
2534,-1.1592587863636559,kde,full
2535,-0.923323833023159,kde,full
2536,-1.0979137361683504,kde,full
2537,-1.162460955870461,kde,full
2538,2.080105694759916,kde,full
2539,1.8755083453970174,kde,full
2540,2.070630360253398,kde,full
2541,2.955075713892861,kde,full
2542,-1.0302593190137947,kde,full
2543,1.5626136785573261,kde,full
2544,3.9695897114146605,kde,full
2545,1.4541669471321534,kde,full
2546,1.6833989154771767,kde,full
2547,-0.6579795658685607,kde,full
2548,-0.3447645557960212,kde,full
2549,2.5107796421096094,kde,full
2550,2.2500731072111098,kde,full
2551,2.002836844548197,kde,full
2552,2.7808998842292527,kde,full
2553,2.7303990121666195,kde,full
2554,-0.8145533358240442,kde,full
2555,-1.2247458442278423,kde,full
2556,-1.0710831251299102,kde,full
2557,-1.228567828356637,kde,full
2558,-1.1373603016418647,kde,full
2559,2.171620344940747,kde,full
2560,1.8830342046500461,kde,full
2561,2.1187470519885565,kde,full
2562,2.827206048793595,kde,full
2563,-1.2024842995323204,kde,full
2564,1.8563336371244437,kde,full
2565,4.451605072756788,kde,full
2566,1.9512749718239202,kde,full
2567,4.432842987050909,kde,full
2568,1.9758962600513748,kde,full
2569,-0.5986870912539316,kde,full
2570,-0.9349440107250286,kde,full
2571,2.6106195092047417,kde,full
2572,3.554013211321055,kde,full
2573,2.1109890015944117,kde,full
2574,2.9055867355504637,kde,full
2575,2.7449853822069743,kde,full
2576,-0.680309914852368,kde,full
2577,-1.0301014869862428,kde,full
2578,-1.0304942030006845,kde,full
2579,-1.2901346327440328,kde,full
2580,-1.0806614852949068,kde,full
2581,2.5453952575752914,kde,full
2582,2.148938219515064,kde,full
2583,2.395099111887957,kde,full
2584,2.7308298714065518,kde,full
2585,-1.1549380784494447,kde,full
2586,2.952451477363646,kde,full
2587,6.768016428749625,kde,full
2588,2.3980988344390193,kde,full
2589,3.4933352652229877,kde,full
2590,1.6098716972414504,kde,full
2591,-0.7640051349468597,kde,full
2592,-0.9876771661360381,kde,full
2593,1.9375000724001565,kde,full
2594,1.7813855001715506,kde,full
2595,1.7977749582853106,kde,full
2596,2.309795712139549,kde,full
2597,2.569019580571131,kde,full
2598,-0.6722625077190745,kde,full
2599,-1.1598995303711737,kde,full
2600,-0.925366934297798,kde,full
2601,-1.2119369265626951,kde,full
2602,-0.8782309033079895,kde,full
2603,1.9241272741673514,kde,full
2604,1.9733519667121766,kde,full
2605,2.0366335273756473,kde,full
2606,3.92711044791262,kde,full
2607,-1.1500681660817016,kde,full
2608,0.843643756292787,kde,full
2609,2.037530933355644,kde,full
2610,1.372109343034299,kde,full
2611,3.522703024157528,kde,full
2612,1.8703065035574504,kde,full
2613,-0.7572928892457806,kde,full
2614,-0.8428334165748876,kde,full
2615,2.1277562795700966,kde,full
2616,1.6754478202688339,kde,full
2617,1.8987364638123716,kde,full
2618,2.53676555379303,kde,full
2619,2.7392261906087416,kde,full
2620,-0.9235131503322027,kde,full
2621,-0.8793123949809332,kde,full
2622,-0.9284200495909336,kde,full
2623,-1.050508271537467,kde,full
2624,-0.9030877382034144,kde,full
2625,1.8629807098648874,kde,full
2626,2.009431754231749,kde,full
2627,1.9761822182240882,kde,full
2628,4.039492366157156,kde,full
2629,-0.9781569736875462,kde,full
2630,0.6401514040530236,kde,full
2631,4.863015730830175,kde,full
2632,1.370626932998456,kde,full
2633,3.3873230802138634,kde,full
2634,1.7368084662972634,kde,full
2635,-0.7396468298025147,kde,full
2636,-0.880293218451828,kde,full
2637,2.371164673360311,kde,full
2638,1.7913355432527767,kde,full
2639,1.810783728036654,kde,full
2640,2.6537248643689786,kde,full
2641,2.7914341566281524,kde,full
2642,-0.8168568757793755,kde,full
2643,-0.9918236521102851,kde,full
2644,-1.0451151974659734,kde,full
2645,-1.4238834061047925,kde,full
2646,-1.34938827881703,kde,full
2647,1.8449706206628047,kde,full
2648,1.9243817602036968,kde,full
2649,1.9262165661268629,kde,full
2650,3.6586814954741267,kde,full
2651,-1.013417754931588,kde,full
2652,0.390682087781158,kde,full
2653,3.459801982951691,kde,full
2654,1.3478090476665248,kde,full
2655,3.2288903638005975,kde,full
2656,2.1098233159190567,kde,full
2657,-0.6429001840487445,kde,full
2658,-0.9337168762545589,kde,full
2659,2.551349084988198,kde,full
2660,2.180269058632812,kde,full
2661,1.7340303591212574,kde,full
2662,2.876572355489755,kde,full
2663,2.7790454877192907,kde,full
2664,-1.093559168401932,kde,full
2665,-1.3101464683461237,kde,full
2666,-1.1188004852816664,kde,full
2667,-1.1949460837805652,kde,full
2668,-1.2347696091252978,kde,full
2669,1.8079681651622628,kde,full
2670,2.251625880802711,kde,full
2671,2.045205131084695,kde,full
2672,3.3675274215703075,kde,full
2673,-1.0487339934015307,kde,full
2674,0.29855341650136336,kde,full
2675,1.9580474572684259,kde,full
2676,1.5648799545099787,kde,full
2677,3.1982379762407462,kde,full
2678,3.5289105465251467,kde,full
2679,-0.21448054563757354,kde,full
2680,2.3534967284576913,kde,full
2681,-0.16389695440321045,kde,full
2682,4.497775967601645,kde,full
2683,-0.11714807067087649,kde,full
2684,0.03161565350128881,kde,full
2685,2.7824478997225133,kde,full
2686,2.474229766534882,kde,full
2687,2.9138699928856826,kde,full
2688,7.763425734525565,kde,full
2689,3.0759456100802236,kde,full
2690,1.8698694490810759,kde,full
2691,4.234513348033043,kde,full
2692,2.1762649680205643,kde,full
2693,4.408687650707847,kde,full
2694,-0.5606673294514961,kde,full
2695,1.7017675230928844,kde,full
2696,-0.2697068148189997,kde,full
2697,3.3771608942127163,kde,full
2698,-0.26180251804441024,kde,full
2699,-0.2660421795229092,kde,full
2700,2.0770712392206425,kde,full
2701,1.941016554376094,kde,full
2702,2.8669018969226308,kde,full
2703,5.785049152930754,kde,full
2704,2.217977779595899,kde,full
2705,1.7774406642642038,kde,full
2706,2.9605135852450495,kde,full
2707,1.7536993028076577,kde,full
2708,2.296897535322956,kde,full
2709,-1.0234864736092457,kde,full
2710,1.392735252740621,kde,full
2711,-0.5226762627461221,kde,full
2712,3.033409155943835,kde,full
2713,-0.45262446945416956,kde,full
2714,-0.47508555061574287,kde,full
2715,2.4954361367262985,kde,full
2716,1.8694281962452062,kde,full
2717,1.7836538798965949,kde,full
2718,5.778992992628984,kde,full
2719,2.020897401031753,kde,full
2720,2.136655861003157,kde,full
2721,2.563396084487107,kde,full
2722,1.8090553353570895,kde,full
2723,1.9602945306901924,kde,full
2724,-1.1764400932295378,kde,full
2725,1.3490168053006735,kde,full
2726,-0.157215598375542,kde,full
2727,2.8176698084411753,kde,full
2728,-0.31521716101378017,kde,full
2729,-0.4117637874092194,kde,full
2730,4.085127780859337,kde,full
2731,2.5276126871252353,kde,full
2732,2.2080827568258306,kde,full
2733,6.149245838604564,kde,full
2734,2.03690672395161,kde,full
2735,2.514200450284644,kde,full
2736,2.4899404757324826,kde,full
2737,1.5672616807611508,kde,full
2738,1.2913428512968683,kde,full
2739,3.6847007460224797,kde,full
2740,2.7514058311014407,kde,full
2741,-0.8664315342725711,kde,full
2742,1.1225209262070168,kde,full
2743,-0.5685897484008015,kde,full
2744,2.7359909971814425,kde,full
2745,-0.33260933544093574,kde,full
2746,-0.22319300479378137,kde,full
2747,5.6949816382030285,kde,full
2748,2.1528042603081485,kde,full
2749,1.7296403395578681,kde,full
2750,5.93013851404033,kde,full
2751,1.8905154573350738,kde,full
2752,4.430601682518459,kde,full
2753,2.745581220073184,kde,full
2754,1.4694753043384439,kde,full
2755,2.916825186548214,kde,full
2756,2.5781816774161532,kde,full
2757,0.44087943753080094,kde,full
2758,0.98293893247189,kde,full
2759,-0.08577541296814287,kde,full
2760,2.6336505491434523,kde,full
2761,-0.5029060618442454,kde,full
2762,-0.44617085033636,kde,full
2763,2.2054381226634896,kde,full
2764,2.5788676270562516,kde,full
2765,2.7149071135529237,kde,full
2766,5.439867790261492,kde,full
2767,1.8519955765711202,kde,full
2768,1.0190820764626782,kde,full
2769,2.4572217766911786,kde,full
2770,1.4508106122032678,kde,full
2771,2.6693804043708425,kde,full
2772,1.8200235773767273,kde,full
2773,2.235245650570535,kde,full
2774,1.1015194837702498,kde,full
2775,-0.36119826081731554,kde,full
2776,2.5834333209073836,kde,full
2777,-0.2725376506653715,kde,full
2778,-0.8962137209422286,kde,full
2779,1.864644552590513,kde,full
2780,2.0571733911265193,kde,full
2781,1.9783227571032602,kde,full
2782,5.303647475844442,kde,full
2783,1.815672946684789,kde,full
2784,1.3522041851074655,kde,full
2785,2.5292253196206067,kde,full
2786,1.4504315358506534,kde,full
2787,2.5972829827239163,kde,full
2788,1.9049388189782448,kde,full
2789,4.877604915335394,kde,full
2790,1.1884203726656242,kde,full
2791,-0.6043737380221561,kde,full
2792,2.667882635147154,kde,full
2793,-0.41893607907136854,kde,full
2794,-0.5682524555574552,kde,full
2795,1.8329267241356697,kde,full
2796,1.938860258035269,kde,full
2797,1.9933577134072733,kde,full
2798,5.004614932551381,kde,full
2799,1.758853232389895,kde,full
2800,1.4046890801777465,kde,full
2801,2.5115726836677563,kde,full
2802,1.3884612274750487,kde,full
2803,2.4553464823551923,kde,full
2804,1.8469065702436291,kde,full
2805,7.684051530611683,kde,full
2806,1.9275223164815036,kde,full
2807,-0.5436685678490626,kde,full
2808,2.6482232596599955,kde,full
2809,-0.37406326597065476,kde,full
2810,-0.36317795072466313,kde,full
2811,1.89504219940476,kde,full
2812,1.7472013113531544,kde,full
2813,1.7960988404825926,kde,full
2814,5.230741120450478,kde,full
2815,1.7690320455306492,kde,full
2816,1.3678797262553264,kde,full
2817,2.748017700192463,kde,full
2818,1.4483119879021706,kde,full
2819,2.446389320075534,kde,full
2820,1.9748400966734976,kde,full
2821,14.169317352171577,kde,full
2822,2.525067635083589,kde,full
2823,-0.37251787767735767,kde,full
2824,2.7477036184747092,kde,full
2825,-0.5592425145450658,kde,full
2826,-0.40312574439513393,kde,full
2827,2.2120279869201895,kde,full
2828,1.79623441216311,kde,full
2829,2.0398650603069592,kde,full
2830,4.914799044308219,kde,full
2831,1.761067586181452,kde,full
2832,2.0303019431072094,kde,full
2833,2.8197996909195573,kde,full
2834,1.367045022065922,kde,full
2835,2.491317682964314,kde,full
2836,2.626512916072074,kde,full
2837,3.1331687142526254,kde,full
2838,1.4084885371400322,kde,full
2839,-0.25667607357524486,kde,full
2840,2.8697744710512434,kde,full
2841,-0.3715738741688043,kde,full
2842,-0.6552091395422118,kde,full
2843,1.8114153293448663,kde,full
2844,2.6831211482169284,kde,full
2845,2.805554371478888,kde,full
2846,4.444071891623071,kde,full
2847,1.7656117021016078,kde,full
2848,1.1087636679927315,kde,full
2849,2.6524438979907305,kde,full
2850,1.3292392956510166,kde,full
2851,2.5901675810320395,kde,full
2852,2.618597111015076,kde,full
2853,7.683071416961749,kde,full
2854,1.3161069442634834,kde,full
2855,-0.15120011682771026,kde,full
2856,2.77479279440992,kde,full
2857,-0.24991013387787053,kde,full
2858,-0.8060417200837399,kde,full
2859,2.0515558754802425,kde,full
2860,2.5995352418680855,kde,full
2861,2.646990426232109,kde,full
2862,4.153245944509637,kde,full
2863,1.8257142466955663,kde,full
2864,1.3317837031383573,kde,full
2865,2.7176860211897402,kde,full
2866,1.3129189769866862,kde,full
2867,2.6900205358703544,kde,full
2868,2.4069296324738767,kde,full
2869,3.450270245558519,kde,full
2870,1.4403176619298428,kde,full
2871,-0.5053952602806513,kde,full
2872,2.6858152475618726,kde,full
2873,-0.2900946974642328,kde,full
2874,-0.8492422983757119,kde,full
2875,1.6414254355302358,kde,full
2876,2.11610055473251,kde,full
2877,2.2401719050551616,kde,full
2878,4.215182372890619,kde,full
2879,1.7473227552692914,kde,full
2880,1.3600011235148477,kde,full
2881,2.820758495662322,kde,full
2882,1.2504495177787154,kde,full
2883,2.3495075702892887,kde,full
2884,2.480919358355404,kde,full
2885,2.2304613949985863,kde,full
2886,1.5875897726201016,kde,full
2887,-0.40764590540754597,kde,full
2888,2.92542440484414,kde,full
2889,-0.16514803057000602,kde,full
2890,-0.006866532494067656,kde,full
2891,1.5893304201230043,kde,full
2892,2.110973078902583,kde,full
2893,2.37117217523005,kde,full
2894,5.115152811345138,kde,full
2895,1.6423166482031584,kde,full
2896,1.1917937459911392,kde,full
2897,2.707387263907436,kde,full
2898,1.3881637055990514,kde,full
2899,2.3455665538759383,kde,full
2900,2.8382307047413162,kde,full
2901,3.910527291864394,kde,full
2902,1.707322421311921,kde,full
2903,-0.3611468186186125,kde,full
2904,3.076126640237915,kde,full
2905,-0.3909516361046848,kde,full
2906,0.803659731403801,kde,full
2907,2.056371431305545,kde,full
2908,1.9156375524704647,kde,full
2909,2.3408777938285357,kde,full
2910,4.95259608121405,kde,full
2911,1.556450597929684,kde,full
2912,1.3970286110533934,kde,full
2913,2.8982025632759387,kde,full
2914,1.30667980097235,kde,full
2915,2.6292156329112464,kde,full
2916,3.0851055044953473,kde,full
2917,1.7390796071514663,kde,full
2918,1.6491306655517386,kde,full
2919,-0.621377670873001,kde,full
2920,2.9590740465844787,kde,full
2921,-0.7779335629401661,kde,full
2922,0.769391333509176,kde,full
2923,1.9601824130718213,kde,full
2924,2.369560285942618,kde,full
2925,2.8478912951099447,kde,full
2926,4.419779502773485,kde,full
2927,2.028586306131014,kde,full
2928,1.4392795883432843,kde,full
2929,2.65091324018014,kde,full
2930,1.3930357625041392,kde,full
2931,2.3878383333369353,kde,full
2932,4.017632656982667,kde,full
2933,2.581087322655999,kde,full
2934,2.2188011342745333,kde,full
2935,1.5974370605070538,kde,full
2936,-0.33465293179687505,kde,full
2937,2.740019776496676,kde,full
2938,-0.5694573239141041,kde,full
2939,2.0679725674180025,kde,full
2940,2.1549187168889214,kde,full
2941,2.0745353782637013,kde,full
2942,2.5201181191046627,kde,full
2943,4.760224362352469,kde,full
2944,1.9351286408872919,kde,full
2945,1.4748222509588031,kde,full
2946,2.7723372113653624,kde,full
2947,1.3421453745489127,kde,full
2948,2.8851459961152393,kde,full
2949,3.408261698587702,kde,full
2950,2.8502253753984728,kde,full
2951,1.7073220040546047,kde,full
2952,1.121361339443866,kde,full
2953,-0.5430673168270582,kde,full
2954,2.6938173270505117,kde,full
2955,-1.1450017411761781,kde,full
2956,1.4055653893508824,kde,full
2957,2.287187890010485,kde,full
2958,2.3923455530044744,kde,full
2959,2.6881969870911897,kde,full
2960,4.403448914497611,kde,full
2961,1.9759236047855118,kde,full
2962,1.3607208940215672,kde,full
2963,2.7547274364726797,kde,full
2964,1.3990453035126427,kde,full
2965,2.5678303453922933,kde,full
2966,3.039775761655342,kde,full
2967,3.0348852124102943,kde,full
2968,1.6118468982991043,kde,full
2969,2.0395032476097334,kde,full
2970,-0.4578533551637815,kde,full
2971,2.709149368528963,kde,full
2972,-1.1589815128172154,kde,full
2973,0.8248351948092554,kde,full
2974,2.321028731784176,kde,full
2975,2.406924105095242,kde,full
2976,2.584696071697553,kde,full
2977,4.185842990771962,kde,full
2978,2.1124071467263836,kde,full
2979,1.3627462572213307,kde,full
2980,2.7499755136248774,kde,full
2981,1.396927828504084,kde,full
2982,2.0682083853790827,kde,full
2983,2.8688279005035975,kde,full
2984,3.250397828136191,kde,full
2985,1.5197582933942564,kde,full
2986,2.6468860082495445,kde,full
2987,-0.7789933275824172,kde,full
2988,2.77142198264604,kde,full
2989,-1.117431505630485,kde,full
2990,1.7787083190896373,kde,full
2991,3.32218989385154,kde,full
2992,2.693120867449512,kde,full
2993,2.60462201825354,kde,full
2994,4.362763163979008,kde,full
2995,2.34494193774728,kde,full
2996,1.5175012547101236,kde,full
2997,1.4768296662648766,kde,full
2998,2.1735027741392763,kde,full
2999,2.747046996306661,kde,full
3000,2.836186499079738,kde,full
3001,1.544014124742322,kde,full
3002,2.3505859384136,kde,full
3003,-0.8651314819544518,kde,full
3004,2.995860782273783,kde,full
3005,-1.1744603170642525,kde,full
3006,0.3645410720747464,kde,full
3007,2.245406474601099,kde,full
3008,1.7684878797912487,kde,full
3009,2.4520730357568006,kde,full
3010,4.616955402693754,kde,full
3011,1.7975724554420367,kde,full
3012,1.555149676771169,kde,full
3013,1.749292305336681,kde,full
3014,2.011313993976405,kde,full
3015,2.923956199426624,kde,full
3016,2.8605438824114975,kde,full
3017,1.9272994098844278,kde,full
3018,2.5500771769350736,kde,full
3019,-1.006585187492454,kde,full
3020,3.4786585439403046,kde,full
3021,-1.2689433400941126,kde,full
3022,0.49096838517717667,kde,full
3023,2.497452226658309,kde,full
3024,1.9991834778316027,kde,full
3025,2.4801887972990087,kde,full
3026,4.758561239402362,kde,full
3027,2.019335051658739,kde,full
3028,1.918782009763064,kde,full
3029,2.0487684756960145,kde,full
3030,2.2708403684645386,kde,full
3031,3.2995056895790333,kde,full
3032,3.0501080981121733,kde,full
3033,1.7585721799217415,kde,full
3034,1.3947495547033197,kde,full
3035,-0.6286351279018096,kde,full
3036,3.284039985635788,kde,full
3037,-1.0452395766592022,kde,full
3038,0.6099659025062794,kde,full
3039,1.5849263906255593,kde,full
3040,2.3076380396389826,kde,full
3041,2.6555778777428634,kde,full
3042,4.5057513772638424,kde,full
3043,1.9204005535378426,kde,full
3044,1.7227757966695076,kde,full
3045,1.731393195337029,kde,full
3046,2.429372146364862,kde,full
3047,3.3761837014179945,kde,full
3048,3.3247812533521186,kde,full
3049,1.7211234277495624,kde,full
3050,1.345850083814531,kde,full
3051,-0.8445962038275828,kde,full
3052,3.053086833739973,kde,full
3053,-0.7796253388567883,kde,full
3054,1.1301832613429976,kde,full
3055,2.053178176830769,kde,full
3056,2.320773612283107,kde,full
3057,2.7692680633333944,kde,full
3058,4.489018316229764,kde,full
3059,1.8958359468123618,kde,full
3060,1.640669791907908,kde,full
3061,1.516121645458341,kde,full
3062,2.6075368065358058,kde,full
3063,3.114817087778248,kde,full
3064,3.59136393703612,kde,full
3065,1.5845522629783897,kde,full
3066,1.299945025971495,kde,full
3067,-0.9080654664781427,kde,full
3068,3.0756138645668223,kde,full
3069,-0.987567721645085,kde,full
3070,1.3287795376711757,kde,full
3071,2.1987158809060943,kde,full
3072,2.4877700339969966,kde,full
3073,2.5985091067313277,kde,full
3074,4.504055716468198,kde,full
3075,1.8695302773751297,kde,full
3076,2.0330570030383823,kde,full
3077,1.4934298127677517,kde,full
3078,2.379869019988354,kde,full
3079,3.0938313423216597,kde,full
3080,3.2436799440381963,kde,full
3081,1.7113003917121534,kde,full
3082,1.1258034469512195,kde,full
3083,-1.1041827142869902,kde,full
3084,2.960576067087748,kde,full
3085,-1.0787574492703935,kde,full
3086,0.8870580738482743,kde,full
3087,1.9860946483223088,kde,full
3088,2.2917207410337435,kde,full
3089,2.7217588965099004,kde,full
3090,4.59712187167143,kde,full
3091,1.9132734227860162,kde,full
3092,2.048816991295471,kde,full
3093,1.485626026330265,kde,full
3094,2.6195194966345934,kde,full
3095,3.042787653164122,kde,full
3096,3.5701157754056356,kde,full
3097,1.795097485573963,kde,full
3098,1.1239926262432798,kde,full
3099,-0.6102276148705484,kde,full
3100,2.8769630806660405,kde,full
3101,-0.9764802690631589,kde,full
3102,1.1296764290010957,kde,full
3103,2.279126745525606,kde,full
3104,2.4840743772074374,kde,full
3105,2.6377379849644793,kde,full
3106,4.136772503105661,kde,full
3107,1.8975784274562209,kde,full
3108,3.4863797828459613,kde,full
3109,1.5133521439619764,kde,full
3110,2.561043408111763,kde,full
3111,2.939961856183233,kde,full
3112,3.27743524451593,kde,full
3113,1.8578260787813048,kde,full
3114,1.1331093487971038,kde,full
3115,-0.9431384226308578,kde,full
3116,2.7472099701068546,kde,full
3117,-0.9241743155530635,kde,full
3118,0.9061936811023101,kde,full
3119,2.0218433028872154,kde,full
3120,2.2725013548256743,kde,full
3121,2.6250132811493185,kde,full
3122,4.273519211679328,kde,full
3123,1.905446283215892,kde,full
3124,1.6286599195761249,kde,full
3125,1.4406430888182606,kde,full
3126,2.5987502338562782,kde,full
3127,2.8785733331401007,kde,full
3128,3.204497944305653,kde,full
3129,1.900087655863596,kde,full
3130,1.2612547876721194,kde,full
3131,-1.111873748294892,kde,full
3132,2.695801658469226,kde,full
3133,-1.1570097192713746,kde,full
3134,0.8637918395814265,kde,full
3135,2.333790211919428,kde,full
3136,2.5162429646150724,kde,full
3137,2.697046687729265,kde,full
3138,4.338902697384646,kde,full
3139,1.8689374280021371,kde,full
3140,2.3917497437426127,kde,full
3141,1.3994216349074662,kde,full
3142,2.673793713859431,kde,full
3143,2.848923925468812,kde,full
3144,3.3560720805304487,kde,full
3145,1.6917329409936577,kde,full
3146,1.6624353068007514,kde,full
3147,-1.0391157150258536,kde,full
3148,2.591628661034362,kde,full
3149,-1.122009243201189,kde,full
3150,1.1608732947761105,kde,full
3151,2.6716839072735237,kde,full
3152,2.194892205804238,kde,full
3153,2.5327994049229767,kde,full
3154,4.555636165242937,kde,full
3155,1.905746290695452,kde,full
3156,3.5887016752905407,kde,full
3157,1.5277468391772357,kde,full
3158,2.5560385211915015,kde,full
3159,2.8927707725662533,kde,full
3160,3.4589208702439858,kde,full
3161,1.9662796236423594,kde,full
3162,1.4463396930941819,kde,full
3163,-0.932189903502829,kde,full
3164,2.714048739290491,kde,full
3165,-1.1723543849581453,kde,full
3166,0.8828701503081506,kde,full
3167,1.8332813065146862,kde,full
3168,2.3645814711517863,kde,full
3169,2.8087717686390477,kde,full
3170,4.0353410895686865,kde,full
3171,1.8721447831721263,kde,full
3172,1.2525697507467473,kde,full
3173,1.4157106985183607,kde,full
3174,2.6493591438240225,kde,full
3175,2.895580775159071,kde,full
3176,4.27250650130565,kde,full
3177,0.22063287913185606,kde,full
3178,2.232178989811114,kde,full
3179,1.3599858466565071,kde,full
3180,-0.3349345221550998,kde,full
3181,-0.11472030023222324,kde,full
3182,3.4459544709813694,kde,full
3183,-0.5130747565822161,kde,full
3184,2.2334099122950066,kde,full
3185,4.718846294157044,kde,full
3186,3.536127211382288,kde,full
3187,3.5496206180609917,kde,full
3188,2.9250069090947157,kde,full
3189,5.52102223822767,kde,full
3190,-0.20334460446988165,kde,full
3191,2.6517580329658808,kde,full
3192,-0.31436077261635337,kde,full
3193,-0.28984607401256457,kde,full
3194,2.9183081364166408,kde,full
3195,2.3162387153428683,kde,full
3196,3.3250986274165486,kde,full
3197,-0.07455957392563592,kde,full
3198,1.7787117100732877,kde,full
3199,0.8785085763381795,kde,full
3200,-0.668216990682903,kde,full
3201,-0.6181695974824564,kde,full
3202,2.4353441499764408,kde,full
3203,-0.5799869878783964,kde,full
3204,2.007501233129307,kde,full
3205,3.3934699683926954,kde,full
3206,3.362641175229324,kde,full
3207,3.2404983133274903,kde,full
3208,-0.5075843730041287,kde,full
3209,1.7249436485894807,kde,full
3210,-0.991994698588789,kde,full
3211,-0.6968672780013828,kde,full
3212,2.2164376403010406,kde,full
3213,1.1666966593092163,kde,full
3214,2.959440037222332,kde,full
3215,-0.3983426775917109,kde,full
3216,1.5261624207917515,kde,full
3217,1.0526936081470017,kde,full
3218,-0.9502540621226734,kde,full
3219,-0.8673736909023703,kde,full
3220,2.214883962709436,kde,full
3221,-1.0298658810341008,kde,full
3222,1.421934245737566,kde,full
3223,3.3029185258945737,kde,full
3224,3.3160581866736747,kde,full
3225,3.226006008109131,kde,full
3226,-0.846362388558827,kde,full
3227,1.692704781056109,kde,full
3228,-1.070175042745925,kde,full
3229,-1.1622916748248122,kde,full
3230,1.3015645327795335,kde,full
3231,0.8536913433596238,kde,full
3232,2.8296718378651144,kde,full
3233,-0.7682944268802316,kde,full
3234,1.56561554225003,kde,full
3235,1.4024934960714588,kde,full
3236,-1.215967203694202,kde,full
3237,-1.2402892999571917,kde,full
3238,2.2054820752727835,kde,full
3239,-1.0456045015745474,kde,full
3240,0.9183659363479717,kde,full
3241,3.3244302764893234,kde,full
3242,3.3147810453683735,kde,full
3243,3.13761969784009,kde,full
3244,-1.1489493320244777,kde,full
3245,1.7244023867678773,kde,full
3246,-0.8412360832254602,kde,full
3247,-0.7961790870300669,kde,full
3248,1.4211152128178608,kde,full
3249,0.8391925996654823,kde,full
3250,2.764700931099535,kde,full
3251,-0.25342826019411546,kde,full
3252,1.5195846577463528,kde,full
3253,1.4286764507950536,kde,full
3254,-0.9495954770218424,kde,full
3255,-1.1613808263829246,kde,full
3256,2.2077227593725692,kde,full
3257,-1.0578380225605266,kde,full
3258,0.979771089444947,kde,full
3259,3.313927418227722,kde,full
3260,3.331642121123825,kde,full
3261,2.941550068679175,kde,full
3262,-0.8539087132301151,kde,full
3263,1.8031250524155382,kde,full
3264,-1.2297899675046464,kde,full
3265,-0.9260257116222038,kde,full
3266,1.2778770916219173,kde,full
3267,0.9186675995430226,kde,full
3268,2.7612222572519634,kde,full
3269,-0.525366101815606,kde,full
3270,1.324406883870556,kde,full
3271,1.4900466745457397,kde,full
3272,-0.9222654210806851,kde,full
3273,-1.3392154476489222,kde,full
3274,2.151238380269435,kde,full
3275,-1.0287345958252359,kde,full
3276,1.9337863198199132,kde,full
3277,2.809380694272275,kde,full
3278,2.9360265031088506,kde,full
3279,2.727816470409991,kde,full
3280,-0.9231191565270961,kde,full
3281,1.6592601526858006,kde,full
3282,-1.066534509649841,kde,full
3283,-1.2403794855624437,kde,full
3284,1.1217541057374718,kde,full
3285,2.6363805748596194,kde,full
3286,2.7248329720603954,kde,full
3287,-0.39646364558262437,kde,full
3288,1.315305657729366,kde,full
3289,1.5397724253556964,kde,full
3290,-0.9382308678694414,kde,full
3291,-0.7727855059600968,kde,full
3292,2.5993831404522734,kde,full
3293,-1.0989907120402103,kde,full
3294,2.9427163281140234,kde,full
3295,2.7910828259633704,kde,full
3296,2.8369720846878455,kde,full
3297,2.4586490365475635,kde,full
3298,-0.5638352588237381,kde,full
3299,1.9275712092967,kde,full
3300,-1.1427795018009674,kde,full
3301,-1.1803651121967118,kde,full
3302,1.3874067442265685,kde,full
3303,2.8464140168592094,kde,full
3304,2.92294225738618,kde,full
3305,-0.6511468302978161,kde,full
3306,1.195030855996201,kde,full
3307,1.2437491205044071,kde,full
3308,-1.003110580294814,kde,full
3309,-1.121115445670922,kde,full
3310,2.384430235409653,kde,full
3311,-0.9871732358972226,kde,full
3312,4.104968674732564,kde,full
3313,2.953183844385036,kde,full
3314,3.020716620209323,kde,full
3315,2.747477426436988,kde,full
3316,-0.8608224079323882,kde,full
3317,1.7221295522680062,kde,full
3318,-1.201789384720964,kde,full
3319,-0.9501574574117444,kde,full
3320,1.3457160627316558,kde,full
3321,1.9006378519043574,kde,full
3322,2.749629267647969,kde,full
3323,-0.43263040849531115,kde,full
3324,1.0700669292862737,kde,full
3325,1.3878646593890793,kde,full
3326,-0.7451982248813367,kde,full
3327,-1.3174802203225724,kde,full
3328,2.2423971409988623,kde,full
3329,-0.9928736731342026,kde,full
3330,6.166696080780321,kde,full
3331,2.9134255619828653,kde,full
3332,2.936890789934648,kde,full
3333,2.808790309325779,kde,full
3334,-0.6896583462379418,kde,full
3335,1.613148062814409,kde,full
3336,-1.110970547859607,kde,full
3337,-1.047616050892532,kde,full
3338,1.4036536544590286,kde,full
3339,1.4896549751336834,kde,full
3340,2.7278529751010336,kde,full
3341,-0.5703480543790059,kde,full
3342,1.6880817294222226,kde,full
3343,-1.0118409481604886,kde,full
3344,-0.10481920330263014,kde,full
3345,2.445821431122149,kde,full
3346,-1.261916471997839,kde,full
3347,14.095254281391616,kde,full
3348,2.888299790036967,kde,full
3349,2.9484528570535193,kde,full
3350,2.8583564378040696,kde,full
3351,-0.8279199664399908,kde,full
3352,1.65313305225538,kde,full
3353,-1.1616941642435274,kde,full
3354,-1.3396988912463363,kde,full
3355,1.521457532068728,kde,full
3356,1.5397106778276948,kde,full
3357,2.7765643127084303,kde,full
3358,-0.07033242440021556,kde,full
3359,1.9646380288969731,kde,full
3360,-1.2506016802742261,kde,full
3361,-0.5436362244844272,kde,full
3362,2.169293448198337,kde,full
3363,-1.0416073836192237,kde,full
3364,1.6567626145590153,kde,full
3365,3.2360989039190415,kde,full
3366,3.017262830940993,kde,full
3367,2.860123354183286,kde,full
3368,-0.5720372757268533,kde,full
3369,1.7196047521123052,kde,full
3370,-1.0289680559022136,kde,full
3371,-1.2256162715391488,kde,full
3372,1.3236742229547014,kde,full
3373,0.853374352741139,kde,full
3374,2.813871075288782,kde,full
3375,-0.41191297228139917,kde,full
3376,3.152610560016872,kde,full
3377,-0.9235938187860636,kde,full
3378,-0.1982761352469324,kde,full
3379,2.1721670301893568,kde,full
3380,-0.8913915896205729,kde,full
3381,2.4442512945653987,kde,full
3382,2.907684317313113,kde,full
3383,-1.008674686872584,kde,full
3384,1.8246934937816524,kde,full
3385,-0.8827680130043856,kde,full
3386,-1.1921392717719774,kde,full
3387,0.852545174119746,kde,full
3388,0.7378142513852839,kde,full
3389,2.6607547450888123,kde,full
3390,-0.1377453958784335,kde,full
3391,2.275710198841799,kde,full
3392,-1.0795284907795977,kde,full
3393,-0.308194550232347,kde,full
3394,2.1754032179685545,kde,full
3395,-1.2023891793202433,kde,full
3396,1.6991823504266206,kde,full
3397,2.5399347499015823,kde,full
3398,-1.0735020795360497,kde,full
3399,1.732479892443692,kde,full
3400,-1.3185363296106771,kde,full
3401,-1.1745662935867873,kde,full
3402,1.3643342235500227,kde,full
3403,1.3258382027040287,kde,full
3404,2.672175366636143,kde,full
3405,-0.3602558481651278,kde,full
3406,1.7847372195650537,kde,full
3407,-1.251252132171174,kde,full
3408,-0.03810871951533823,kde,full
3409,2.4095630511630652,kde,full
3410,-1.014494480260556,kde,full
3411,1.3910399507730724,kde,full
3412,2.487262343534212,kde,full
3413,-0.7641111912187784,kde,full
3414,1.617465799153553,kde,full
3415,-1.1793282502623794,kde,full
3416,-1.1180670367243355,kde,full
3417,1.8987313801700112,kde,full
3418,1.918324956484841,kde,full
3419,2.7474969284120183,kde,full
3420,-0.4538319930438708,kde,full
3421,1.8093789807000937,kde,full
3422,-0.9785192090693137,kde,full
3423,-0.6282751212726104,kde,full
3424,3.6729792348739343,kde,full
3425,-1.0839778303190295,kde,full
3426,1.1990557321041513,kde,full
3427,2.4819827611216265,kde,full
3428,-0.46250639379981057,kde,full
3429,1.6162338363489228,kde,full
3430,-1.1519123781073228,kde,full
3431,-1.1974762519704385,kde,full
3432,1.5195439958455954,kde,full
3433,1.6014892472017543,kde,full
3434,3.2130074618903386,kde,full
3435,-0.28926910592086547,kde,full
3436,1.8408179973936578,kde,full
3437,-1.3649499928632025,kde,full
3438,-0.5593531234997613,kde,full
3439,3.05746606005903,kde,full
3440,-0.8461374831561095,kde,full
3441,0.45345722722567733,kde,full
3442,2.9111149429983345,kde,full
3443,-0.9098823153487918,kde,full
3444,1.7620215433491737,kde,full
3445,-1.1755022236462702,kde,full
3446,-1.2692895697915019,kde,full
3447,1.5465596662898964,kde,full
3448,1.6363779344263456,kde,full
3449,3.31090662212484,kde,full
3450,-0.923970106949096,kde,full
3451,2.6908807708008062,kde,full
3452,-0.9846324611028492,kde,full
3453,-0.26279486304022714,kde,full
3454,2.8121488590558794,kde,full
3455,-0.9905036202854496,kde,full
3456,-0.3023985083824815,kde,full
3457,2.7928408727717318,kde,full
3458,-0.8973476558239221,kde,full
3459,1.7871259323732729,kde,full
3460,-1.1299740315696554,kde,full
3461,-1.1817342350705786,kde,full
3462,1.237903833603965,kde,full
3463,1.6039460770330245,kde,full
3464,3.3884806980761244,kde,full
3465,-1.1309467159928426,kde,full
3466,1.6256229592837679,kde,full
3467,-1.0895535966780934,kde,full
3468,-0.25842164621522556,kde,full
3469,2.629639665334355,kde,full
3470,-0.8447259947548699,kde,full
3471,-0.8127489217631435,kde,full
3472,2.9941384570171365,kde,full
3473,-0.9784248318397131,kde,full
3474,1.65207982634707,kde,full
3475,-1.3034390945995773,kde,full
3476,-1.0084117994800474,kde,full
3477,1.0115635453922855,kde,full
3478,1.1732950635114474,kde,full
3479,2.903424128149602,kde,full
3480,-0.8111393075856956,kde,full
3481,0.4224654581800212,kde,full
3482,-1.1907437332550916,kde,full
3483,-0.4072818781687316,kde,full
3484,2.7041570556790115,kde,full
3485,-1.0796550390289208,kde,full
3486,-0.8694304454967914,kde,full
3487,2.5694133886588904,kde,full
3488,-0.8298825389364356,kde,full
3489,1.6435188908160148,kde,full
3490,-1.2062470698855439,kde,full
3491,-1.1667679991903892,kde,full
3492,1.4967155141305781,kde,full
3493,1.4845620475023038,kde,full
3494,-0.5821542075294002,kde,full
3495,-0.3391513480458376,kde,full
3496,2.6364398824399804,kde,full
3497,-0.6997810183622566,kde,full
3498,3.9843988139799924,kde,full
3499,1.510661216049739,kde,full
3500,-0.6785601362213943,kde,full
3501,4.181586083404713,kde,full
3502,-0.358318179300556,kde,full
3503,3.4855636214078713,kde,full
3504,-0.6964935981743862,kde,full
3505,-0.2933373736883026,kde,full
3506,-0.9510451361925786,kde,full
3507,-0.8813929096766928,kde,full
3508,2.4794992403157092,kde,full
3509,-1.0453527147650499,kde,full
3510,3.364845313812356,kde,full
3511,1.115007252761115,kde,full
3512,-0.8140499216615213,kde,full
3513,3.310177196010776,kde,full
3514,-1.082335958301077,kde,full
3515,3.2027581849272835,kde,full
3516,-1.0675297481718942,kde,full
3517,-0.5239992127316437,kde,full
3518,-1.101744427772553,kde,full
3519,-0.9129643676338781,kde,full
3520,2.449690451874264,kde,full
3521,-1.4956660576190717,kde,full
3522,3.0045771787442366,kde,full
3523,0.9919179047573821,kde,full
3524,-0.8046077101262304,kde,full
3525,2.9752056417505535,kde,full
3526,-1.3308966115540617,kde,full
3527,2.8840817807792303,kde,full
3528,-1.0037403951334416,kde,full
3529,-0.6575289953269896,kde,full
3530,-0.9693729340517635,kde,full
3531,-0.7402017366518103,kde,full
3532,2.371016920838455,kde,full
3533,-1.4206679871104517,kde,full
3534,3.4038846465577723,kde,full
3535,1.0324346258196018,kde,full
3536,-0.8705930013101717,kde,full
3537,2.793771330934935,kde,full
3538,-1.0979620392380873,kde,full
3539,2.8839580199320256,kde,full
3540,-1.2520816630046918,kde,full
3541,-0.598634428539254,kde,full
3542,-0.9866776832920385,kde,full
3543,-0.9537362363430265,kde,full
3544,2.239058126515415,kde,full
3545,-1.361323938569256,kde,full
3546,3.503184761453162,kde,full
3547,1.0651129384289206,kde,full
3548,-0.5627706968673596,kde,full
3549,2.900060395462076,kde,full
3550,-1.3019572459401212,kde,full
3551,3.0649058117957684,kde,full
3552,-1.009066087000504,kde,full
3553,-0.38759264126932236,kde,full
3554,-1.2598852467193062,kde,full
3555,-0.8662464518103988,kde,full
3556,2.3157629083552926,kde,full
3557,-1.485843015965884,kde,full
3558,3.434780536952884,kde,full
3559,1.08696227417498,kde,full
3560,-0.7676917308397208,kde,full
3561,2.5744919342402772,kde,full
3562,-0.9467836858435903,kde,full
3563,3.420087158243759,kde,full
3564,-1.0471471339545273,kde,full
3565,-1.0339331654398094,kde,full
3566,-1.1784250706686639,kde,full
3567,-0.4386468225062973,kde,full
3568,2.233126876606243,kde,full
3569,-1.4749841899392575,kde,full
3570,3.4308745414655926,kde,full
3571,1.5590552534967028,kde,full
3572,-0.9264005327607174,kde,full
3573,2.6886700969470025,kde,full
3574,0.38264859876762447,kde,full
3575,4.914737219006243,kde,full
3576,-1.044945530243114,kde,full
3577,-1.135421264793874,kde,full
3578,-0.8189881816180348,kde,full
3579,-0.6005204598140128,kde,full
3580,2.4385313713398213,kde,full
3581,-1.2695699718820628,kde,full
3582,3.571422906485228,kde,full
3583,2.7704443653055004,kde,full
3584,-0.9310231995117586,kde,full
3585,2.4754893788260257,kde,full
3586,1.8810442137476862,kde,full
3587,5.853065307694131,kde,full
3588,-0.6670247086913872,kde,full
3589,-0.916049291254715,kde,full
3590,-0.9990999703503181,kde,full
3591,-0.8051401695876463,kde,full
3592,2.552824226904492,kde,full
3593,-1.1700291244356182,kde,full
3594,3.4464550538638625,kde,full
3595,4.171104060454528,kde,full
3596,-0.990702721393785,kde,full
3597,2.4120695287286713,kde,full
3598,7.662305073689005,kde,full
3599,6.3241464987540965,kde,full
3600,-0.9239232281915951,kde,full
3601,-0.6891340373915076,kde,full
3602,-0.5907602841956743,kde,full
3603,-0.9791941104666093,kde,full
3604,3.1311084030819907,kde,full
3605,-1.1189085702556454,kde,full
3606,3.342092954511719,kde,full
3607,9.031823676353223,kde,full
3608,-0.9041773423588387,kde,full
3609,2.222287635192679,kde,full
3610,12.15920178800859,kde,full
3611,16.46467613433934,kde,full
3612,-1.463335371844305,kde,full
3613,-0.5693781781464087,kde,full
3614,-1.1706235357505816,kde,full
3615,-0.9618149810322655,kde,full
3616,2.0486548705285728,kde,full
3617,-1.185987416963539,kde,full
3618,3.8181256507743373,kde,full
3619,1.358870075314412,kde,full
3620,-0.8971541013944234,kde,full
3621,2.594298445791833,kde,full
3622,7.89439586883522,kde,full
3623,2.4545714880252785,kde,full
3624,-0.964428730705191,kde,full
3625,-0.7374015273273534,kde,full
3626,3.0871015880255572,kde,full
3627,3.728143569038269,kde,full
3628,-0.9562166935557944,kde,full
3629,-0.8674521247545026,kde,full
3630,2.211742100982526,kde,full
3631,-0.9352687642879156,kde,full
3632,4.065379595422746,kde,full
3633,2.441451556715718,kde,full
3634,-0.7614938051490906,kde,full
3635,2.8198904721715454,kde,full
3636,9.659183077949555,kde,full
3637,2.7419599611085235,kde,full
3638,-1.0310057412222926,kde,full
3639,-0.8140672436606048,kde,full
3640,2.3339002442717116,kde,full
3641,3.3268592961058396,kde,full
3642,-1.0244937799230303,kde,full
3643,-1.2630098442207545,kde,full
3644,2.132254866628411,kde,full
3645,-0.42368716588678135,kde,full
3646,4.105816270422324,kde,full
3647,2.3786146554333243,kde,full
3648,-0.8479216291499787,kde,full
3649,2.831741393931604,kde,full
3650,3.0332379338115034,kde,full
3651,2.179342366363473,kde,full
3652,-0.7794637829530071,kde,full
3653,-0.8815207671237938,kde,full
3654,2.149369794145608,kde,full
3655,2.852605428781684,kde,full
3656,-1.093165466972407,kde,full
3657,-1.1760846320534757,kde,full
3658,2.5022450574566806,kde,full
3659,-1.0791191971164262,kde,full
3660,4.082854880670409,kde,full
3661,1.846471167488867,kde,full
3662,-0.6535107540671574,kde,full
3663,2.516338738151343,kde,full
3664,1.26384786215489,kde,full
3665,3.4854921240366115,kde,full
3666,-0.6813749289479996,kde,full
3667,-0.8047241941624554,kde,full
3668,2.0231915735846564,kde,full
3669,3.0803802242760914,kde,full
3670,-1.19526911084942,kde,full
3671,-0.7421044396590974,kde,full
3672,-0.8874992630839901,kde,full
3673,4.0381474727059,kde,full
3674,2.603977958593393,kde,full
3675,-0.97660013133332,kde,full
3676,2.509029022622805,kde,full
3677,2.4625189238469365,kde,full
3678,4.118507109586936,kde,full
3679,-0.5242138943121625,kde,full
3680,-0.7174511633430131,kde,full
3681,1.8892990457841665,kde,full
3682,2.9282607041040456,kde,full
3683,-1.1608971076269279,kde,full
3684,-1.2656837840677189,kde,full
3685,-1.160757961111171,kde,full
3686,3.889681434094375,kde,full
3687,1.250030234307351,kde,full
3688,-0.845022620145032,kde,full
3689,2.2789319995295862,kde,full
3690,1.1823472193016966,kde,full
3691,3.113537910584209,kde,full
3692,-1.190549727058527,kde,full
3693,-1.207588619421075,kde,full
3694,1.9675844998948748,kde,full
3695,3.0024660147879394,kde,full
3696,-1.1812411886880738,kde,full
3697,-1.1043414151679245,kde,full
3698,-1.610686654575578,kde,full
3699,3.7024488283445876,kde,full
3700,1.3832739816858939,kde,full
3701,-0.7339744277368982,kde,full
3702,2.274286033872489,kde,full
3703,1.7198981142460004,kde,full
3704,2.945235145866124,kde,full
3705,-1.7450752413195647,kde,full
3706,-1.1201450241755073,kde,full
3707,1.9567744525220758,kde,full
3708,2.713090574028683,kde,full
3709,-0.9798918240779887,kde,full
3710,-1.0092109365121829,kde,full
3711,-1.263879122215358,kde,full
3712,3.90729347407377,kde,full
3713,1.074641944813695,kde,full
3714,-0.8385670499758248,kde,full
3715,2.2068988070205733,kde,full
3716,1.9390945128448025,kde,full
3717,2.4634669803124303,kde,full
3718,-1.2920914883816554,kde,full
3719,-0.12686565370659283,kde,full
3720,1.9490898843603608,kde,full
3721,2.640422546300053,kde,full
3722,-1.3880599373813713,kde,full
3723,-1.1807067726167013,kde,full
3724,-1.3856547696053012,kde,full
3725,4.383168709929312,kde,full
3726,1.1425159299104801,kde,full
3727,-1.2195877171245066,kde,full
3728,2.1767975450331964,kde,full
3729,2.3379411944462807,kde,full
3730,2.5359837563049465,kde,full
3731,-1.5895455242304983,kde,full
3732,-0.30433925308469517,kde,full
3733,1.962218767960728,kde,full
3734,2.5505387399931596,kde,full
3735,-1.3317158476232307,kde,full
3736,-0.9949663322277651,kde,full
3737,-1.4440703183633856,kde,full
3738,4.849004133116894,kde,full
3739,1.2149431506162194,kde,full
3740,-1.3653150322513663,kde,full
3741,2.092188518081171,kde,full
3742,3.067424004939677,kde,full
3743,2.7192566969885545,kde,full
3744,-1.460189472975709,kde,full
3745,-0.14862283454771927,kde,full
3746,1.869254176816923,kde,full
3747,2.73934406110113,kde,full
3748,-0.9615720549818955,kde,full
3749,-0.6009476905510162,kde,full
3750,-1.447614116165443,kde,full
3751,4.7802011412877,kde,full
3752,1.590977778341374,kde,full
3753,-1.2339305479153426,kde,full
3754,2.0837761306861924,kde,full
3755,1.8458701956955612,kde,full
3756,2.838010361546173,kde,full
3757,-1.4059933675672074,kde,full
3758,-0.29248717021314763,kde,full
3759,1.9665139093057253,kde,full
3760,3.0039896320348047,kde,full
3761,3.100435074202529,kde,full
3762,2.414769263019584,kde,full
3763,2.8557624454657122,kde,full
3764,2.5751562497294813,kde,full
3765,3.726779320731718,kde,full
3766,6.524096753016033,kde,full
3767,-0.4095879998724963,kde,full
3768,-0.3722011010338816,kde,full
3769,-0.06478785426118897,kde,full
3770,1.1189349215907571,kde,full
3771,1.307474451856644,kde,full
3772,-0.26101370037606597,kde,full
3773,3.243248846566659,kde,full
3774,1.8353993064693495,kde,full
3775,3.1070605069335344,kde,full
3776,2.263349930113268,kde,full
3777,2.5595923763610107,kde,full
3778,4.1219261407338195,kde,full
3779,-0.35703131959439993,kde,full
3780,-0.7971405678001858,kde,full
3781,-0.5906503546546672,kde,full
3782,0.7209404325173812,kde,full
3783,0.8723227019963078,kde,full
3784,-0.8722330301201203,kde,full
3785,2.990701605315228,kde,full
3786,1.3887225819748026,kde,full
3787,2.860451216907357,kde,full
3788,1.9194764400464552,kde,full
3789,2.381675316762317,kde,full
3790,3.54297847542306,kde,full
3791,-0.6075201695896039,kde,full
3792,-1.166690625409772,kde,full
3793,-0.7218109951520264,kde,full
3794,0.8110509973197821,kde,full
3795,0.9010924480254938,kde,full
3796,-1.1518147267516068,kde,full
3797,2.9578281117836993,kde,full
3798,1.3093191671077675,kde,full
3799,2.498124348584537,kde,full
3800,1.8422118326781156,kde,full
3801,2.448951260959585,kde,full
3802,3.4300106760596187,kde,full
3803,-1.0823627616112512,kde,full
3804,-1.1017716818434615,kde,full
3805,-1.1754300804532523,kde,full
3806,0.939442929271962,kde,full
3807,1.0597953103828972,kde,full
3808,-1.0360089804775492,kde,full
3809,2.723636619894793,kde,full
3810,1.7417969161872624,kde,full
3811,2.507265908609533,kde,full
3812,1.8102888957640113,kde,full
3813,2.823520852643019,kde,full
3814,4.059147716685263,kde,full
3815,-0.815003897651972,kde,full
3816,-1.3972357709631007,kde,full
3817,-0.9135083433942429,kde,full
3818,1.2279740236895291,kde,full
3819,1.270064667991832,kde,full
3820,-1.0291482432052101,kde,full
3821,3.167051818855651,kde,full
3822,1.4877910880250877,kde,full
3823,2.4809345974154025,kde,full
3824,2.2449885183856804,kde,full
3825,2.3796390439359323,kde,full
3826,3.598452254449105,kde,full
3827,-1.1446689311837575,kde,full
3828,-1.0665994670211936,kde,full
3829,-0.7754193575765072,kde,full
3830,0.7584832529128105,kde,full
3831,0.8081122308942643,kde,full
3832,-1.1157497967084644,kde,full
3833,2.9405817950206297,kde,full
3834,1.352088893934849,kde,full
3835,2.3622184843959197,kde,full
3836,1.9722461266610165,kde,full
3837,2.1938238720287186,kde,full
3838,-0.5206803330420966,kde,full
3839,-0.2942622875818687,kde,full
3840,-1.0753965797948664,kde,full
3841,0.8472309746414823,kde,full
3842,0.9254161386241928,kde,full
3843,-1.11223389799615,kde,full
3844,3.0728824108469803,kde,full
3845,1.5838611815673163,kde,full
3846,2.553656054235326,kde,full
3847,2.1246100778105763,kde,full
3848,2.2889946455132444,kde,full
3849,-0.2678736357182406,kde,full
3850,0.07260874271611473,kde,full
3851,-0.8173726158726943,kde,full
3852,0.6986855719399854,kde,full
3853,0.7051488235345136,kde,full
3854,-1.3352515063394843,kde,full
3855,3.031045099069702,kde,full
3856,1.9797909862692502,kde,full
3857,2.4198101916041304,kde,full
3858,2.077899247241355,kde,full
3859,2.2969329356259154,kde,full
3860,-0.2082987129174288,kde,full
3861,1.2092790233017523,kde,full
3862,-0.6422766321588532,kde,full
3863,0.6781308327998883,kde,full
3864,0.630312039123945,kde,full
3865,-1.0771785769319548,kde,full
3866,3.2021165138453167,kde,full
3867,2.4621354850055517,kde,full
3868,2.827084009380721,kde,full
3869,2.350401660363328,kde,full
3870,2.31963879015123,kde,full
3871,1.219314703821988,kde,full
3872,2.7526097715099636,kde,full
3873,-0.9487904311399784,kde,full
3874,0.7195033578376615,kde,full
3875,0.5563239403862298,kde,full
3876,-1.0596989492283162,kde,full
3877,2.497214663232293,kde,full
3878,1.441340205187294,kde,full
3879,2.2447678962620623,kde,full
3880,1.7611399146356583,kde,full
3881,2.3333672269677566,kde,full
3882,0.9171038382310004,kde,full
3883,-0.08858575273137503,kde,full
3884,-1.1078251860802404,kde,full
3885,0.9786336767439179,kde,full
3886,1.0365338503401214,kde,full
3887,-0.9128455053046609,kde,full
3888,2.573373916764099,kde,full
3889,1.573057185627956,kde,full
3890,2.5763141084950534,kde,full
3891,1.704570034885383,kde,full
3892,2.444806549778266,kde,full
3893,2.667222887597216,kde,full
3894,-0.2378823608611021,kde,full
3895,-0.9971846789598936,kde,full
3896,1.0102971508433742,kde,full
3897,1.0336073466564781,kde,full
3898,-0.8768630270469443,kde,full
3899,2.7680515435485056,kde,full
3900,1.5807205032313574,kde,full
3901,2.350159190636629,kde,full
3902,1.835144710159428,kde,full
3903,2.363346189059775,kde,full
3904,2.175809770299319,kde,full
3905,0.21566367439143957,kde,full
3906,-1.1661174452802436,kde,full
3907,0.8123431689619154,kde,full
3908,0.8956128697571409,kde,full
3909,-0.17789360253948724,kde,full
3910,2.827979337048578,kde,full
3911,1.5811667672789325,kde,full
3912,2.0643490508966207,kde,full
3913,2.0374374568731493,kde,full
3914,2.415989351560045,kde,full
3915,0.6565307885842685,kde,full
3916,0.6626285504237794,kde,full
3917,-1.128137829280419,kde,full
3918,0.6617795497573118,kde,full
3919,0.9035637650827137,kde,full
3920,-0.12095696012648385,kde,full
3921,2.8847539759177407,kde,full
3922,1.7185286238925077,kde,full
3923,2.5525942163956916,kde,full
3924,2.237666761510212,kde,full
3925,2.3349405612776497,kde,full
3926,0.7600174552506429,kde,full
3927,0.39304481557117793,kde,full
3928,-0.7455595375490762,kde,full
3929,0.6189882014571098,kde,full
3930,0.7131900069854462,kde,full
3931,-0.2333808149854383,kde,full
3932,2.6585740494124237,kde,full
3933,1.6914482978047194,kde,full
3934,2.064327492256956,kde,full
3935,1.9533749417291415,kde,full
3936,2.5362676666442168,kde,full
3937,0.7242581297487428,kde,full
3938,0.26740738536103426,kde,full
3939,-0.09553964910898904,kde,full
3940,1.1887206888536523,kde,full
3941,0.7830043803804156,kde,full
3942,-0.2294758167148031,kde,full
3943,2.8560204194045626,kde,full
3944,1.8673783673573965,kde,full
3945,2.519908488059446,kde,full
3946,1.983183706233219,kde,full
3947,2.510868220139757,kde,full
3948,0.03978324205148376,kde,full
3949,0.14460881524623798,kde,full
3950,1.5435774499764376,kde,full
3951,1.1068365603647974,kde,full
3952,0.6875867423464006,kde,full
3953,-0.2606213160529435,kde,full
3954,2.536271976691884,kde,full
3955,1.4649804429032942,kde,full
3956,1.7291825183993574,kde,full
3957,1.8519738779355457,kde,full
3958,2.406212300505531,kde,full
3959,-0.7846783605321848,kde,full
3960,-0.5070572800602414,kde,full
3961,1.4658451912586878,kde,full
3962,0.9301156059054196,kde,full
3963,0.8156643567226979,kde,full
3964,-0.5162126399218241,kde,full
3965,2.845744465624507,kde,full
3966,1.6720472493346978,kde,full
3967,1.8281282578561,kde,full
3968,2.2033147946031875,kde,full
3969,2.2717872799425693,kde,full
3970,-1.126616567190901,kde,full
3971,-1.17678437612258,kde,full
3972,1.4259547401763644,kde,full
3973,0.5251130748752101,kde,full
3974,0.5391965738522195,kde,full
3975,-0.5790062989157296,kde,full
3976,3.3621644578258985,kde,full
3977,2.749199578875955,kde,full
3978,1.3673963164374179,kde,full
3979,2.1600666961076023,kde,full
3980,2.082510003850476,kde,full
3981,2.3103187498011075,kde,full
3982,-0.9326350141950607,kde,full
3983,-0.7273759131017741,kde,full
3984,2.5209120069675643,kde,full
3985,0.4121902860209903,kde,full
3986,0.5844845429026686,kde,full
3987,-0.43173612870431505,kde,full
3988,3.4030543058355134,kde,full
3989,3.10809527780747,kde,full
3990,2.1378207620286642,kde,full
3991,2.1668581660011275,kde,full
3992,2.2645876423331086,kde,full
3993,2.221659193536205,kde,full
3994,-1.2100848150625567,kde,full
3995,-0.9979323716334592,kde,full
3996,2.5766572553485325,kde,full
3997,0.692704451330896,kde,full
3998,0.8177508868949824,kde,full
3999,-0.24027288271287808,kde,full
4000,2.7277139614171158,kde,full
4001,2.850843436333653,kde,full
4002,1.924317948082047,kde,full
4003,1.924693054666433,kde,full
4004,2.9345604899774083,kde,full
4005,-0.7575535175075079,kde,full
4006,-0.8641018489562347,kde,full
4007,4.1245993748270955,kde,full
4008,0.7692245127311348,kde,full
4009,0.9322172901531482,kde,full
4010,-0.39019642292411905,kde,full
4011,2.853008068929774,kde,full
4012,2.844710976601799,kde,full
4013,1.8473492068569355,kde,full
4014,1.9529549957072154,kde,full
4015,3.0882639953403475,kde,full
4016,-1.07222275837661,kde,full
4017,-1.0752207348357794,kde,full
4018,2.9565290999958895,kde,full
4019,0.7892784304919371,kde,full
4020,0.952116702744235,kde,full
4021,-0.31472210261148204,kde,full
4022,2.3117992998682837,kde,full
4023,2.6284154534247453,kde,full
4024,1.4791538764953502,kde,full
4025,1.9981343300918093,kde,full
4026,3.4596703210978057,kde,full
4027,-1.128429594948655,kde,full
4028,-1.1143229144978182,kde,full
4029,1.3918617166160296,kde,full
4030,1.1966840433631873,kde,full
4031,1.3228487805591023,kde,full
4032,-0.3507172248349364,kde,full
4033,2.157363803891651,kde,full
4034,2.6687526869032117,kde,full
4035,1.7112268710144143,kde,full
4036,2.1130897109534574,kde,full
4037,-1.0853427441884367,kde,full
4038,-1.1785656655755212,kde,full
4039,1.8775346510572088,kde,full
4040,1.268708674779697,kde,full
4041,1.6082366863202546,kde,full
4042,-0.21826867117204557,kde,full
4043,2.067254109917399,kde,full
4044,2.7853181274636647,kde,full
4045,2.1708631711629605,kde,full
4046,1.9331759020369395,kde,full
4047,-1.2312162674864886,kde,full
4048,-1.267186505446325,kde,full
4049,1.7186830863753693,kde,full
4050,0.7474551349620218,kde,full
4051,0.6712091694210562,kde,full
4052,-0.17589939074547137,kde,full
4053,2.1763464564877397,kde,full
4054,2.8504918942406356,kde,full
4055,2.3997236046121606,kde,full
4056,1.9506614445859944,kde,full
4057,-1.2226793988939455,kde,full
4058,-1.0801355962089305,kde,full
4059,1.670329094622255,kde,full
4060,0.7350809084191947,kde,full
4061,0.6593934071137204,kde,full
4062,-0.10527933690421437,kde,full
4063,2.29987564342797,kde,full
4064,2.8675411568674303,kde,full
4065,2.076371697005308,kde,full
4066,2.0860439949632212,kde,full
4067,-1.376244461522367,kde,full
4068,-1.2381853939247562,kde,full
4069,1.4991244693117247,kde,full
4070,0.7193531660700763,kde,full
4071,0.6387819650484943,kde,full
4072,-0.3584876120226078,kde,full
4073,2.1644747425425637,kde,full
4074,2.9298511807114456,kde,full
4075,1.8040422432598642,kde,full
4076,2.0006334305795157,kde,full
4077,-1.2102228459068258,kde,full
4078,-1.1205364911930265,kde,full
4079,1.5252840249957578,kde,full
4080,0.7828041435486242,kde,full
4081,0.7599217413022554,kde,full
4082,-0.6197555723651488,kde,full
4083,2.0940367445693298,kde,full
4084,2.8838878290807797,kde,full
4085,1.5806219797498193,kde,full
4086,1.937973244031519,kde,full
4087,-0.829585552877144,kde,full
4088,-1.1261533631738923,kde,full
4089,1.5436149354674438,kde,full
4090,0.7958119259038583,kde,full
4091,-0.4550078458166319,kde,full
4092,2.184047995161435,kde,full
4093,2.7364854797078575,kde,full
4094,1.7675178476525635,kde,full
4095,1.9720412854012994,kde,full
4096,-0.941185547587942,kde,full
4097,-1.2063461952113044,kde,full
4098,1.7752237976845997,kde,full
4099,0.7710635760761482,kde,full
4100,-0.4281156364709838,kde,full
4101,2.068346024246735,kde,full
4102,3.8887843671978266,kde,full
4103,5.74703935496793,kde,full
4104,2.51012045529664,kde,full
4105,3.7598510896594095,kde,full
4106,3.4601130109051415,kde,full
4107,4.148109257380103,kde,full
4108,3.1574031692317113,kde,full
4109,3.027672934052288,kde,full
4110,3.8249456674338296,kde,full
4111,-0.11310323471583283,kde,full
4112,4.910622517482054,kde,full
4113,3.622574160684735,kde,full
4114,3.8519912068271,kde,full
4115,2.573448327091287,kde,full
4116,2.74691307682744,kde,full
4117,3.2855384792474736,kde,full
4118,3.269821100073692,kde,full
4119,4.902677861897005,kde,full
4120,10.715036609206543,kde,full
4121,3.2880780330199384,kde,full
4122,1.7313781997894089,kde,full
4123,2.78055436546624,kde,full
4124,2.9695046720656415,kde,full
4125,4.641042585631091,kde,full
4126,2.5868547664939,kde,full
4127,2.9257049368567944,kde,full
4128,2.413380052059444,kde,full
4129,-0.8474577846031294,kde,full
4130,3.3611746462071297,kde,full
4131,2.3457995206817652,kde,full
4132,3.3254617221118714,kde,full
4133,1.1222305952291705,kde,full
4134,2.1608251889073626,kde,full
4135,2.3707670006009383,kde,full
4136,2.321563414003962,kde,full
4137,3.1942613249451544,kde,full
4138,6.564689595482441,kde,full
4139,2.899827982514626,kde,full
4140,1.5032267005300024,kde,full
4141,1.7470425971549504,kde,full
4142,2.7841061460884693,kde,full
4143,3.216354577349158,kde,full
4144,2.7052252399152015,kde,full
4145,2.485334429173204,kde,full
4146,2.218254309805537,kde,full
4147,-1.1871747095050982,kde,full
4148,3.4301806451680856,kde,full
4149,2.377784612219868,kde,full
4150,2.648418112880625,kde,full
4151,1.1557122103360928,kde,full
4152,1.9020684205324923,kde,full
4153,2.140490527450167,kde,full
4154,2.176867101209811,kde,full
4155,2.8787151282448673,kde,full
4156,2.314308257172727,kde,full
4157,2.626753981649278,kde,full
4158,2.220533706587354,kde,full
4159,3.878224854919295,kde,full
4160,2.9171821010143986,kde,full
4161,2.8866448195266976,kde,full
4162,3.2585751431651224,kde,full
4163,2.3609761012188337,kde,full
4164,2.245525898309792,kde,full
4165,-0.4638629861066335,kde,full
4166,3.408157249412708,kde,full
4167,2.397544921463464,kde,full
4168,2.630895550468395,kde,full
4169,0.9719585782856632,kde,full
4170,1.4772169894832425,kde,full
4171,2.172098297685098,kde,full
4172,2.21079552688554,kde,full
4173,2.569262613327828,kde,full
4174,3.3190158283413753,kde,full
4175,5.457268491273199,kde,full
4176,2.564161732688226,kde,full
4177,1.6909650548841575,kde,full
4178,4.176809836025802,kde,full
4179,2.6838567487299287,kde,full
4180,2.9248348984063073,kde,full
4181,3.0370626417316466,kde,full
4182,2.518049616297271,kde,full
4183,-0.25002990430092054,kde,full
4184,3.588483725468869,kde,full
4185,2.432520318409707,kde,full
4186,2.575736633458959,kde,full
4187,1.2399317323834678,kde,full
4188,1.6212608533999415,kde,full
4189,3.5647664118866076,kde,full
4190,2.069941810201183,kde,full
4191,2.459075499964031,kde,full
4192,2.299384500734676,kde,full
4193,0.9533155204225444,kde,full
4194,2.573138311500373,kde,full
4195,1.560359081644164,kde,full
4196,1.2393685973523187,kde,full
4197,2.954828520382189,kde,full
4198,2.8798140818394966,kde,full
4199,2.5421660074955814,kde,full
4200,2.323372323600769,kde,full
4201,-0.5310802138065565,kde,full
4202,3.2584483725012707,kde,full
4203,3.0416179043272153,kde,full
4204,2.392945646825102,kde,full
4205,1.436740558904229,kde,full
4206,2.638361677965896,kde,full
4207,1.1089220136305333,kde,full
4208,2.020338187981995,kde,full
4209,2.469741770644195,kde,full
4210,2.0630403409336404,kde,full
4211,0.6559909980228684,kde,full
4212,0.08983388572007622,kde,full
4213,2.550480411964164,kde,full
4214,1.8369328796042532,kde,full
4215,1.383472653959584,kde,full
4216,3.0501738112825967,kde,full
4217,2.6963581842903097,kde,full
4218,2.4150915228428085,kde,full
4219,3.051332464085693,kde,full
4220,-0.46862396738635964,kde,full
4221,3.38458452871896,kde,full
4222,4.113787983014451,kde,full
4223,2.2328615385495567,kde,full
4224,1.4285521292882803,kde,full
4225,3.131671857902412,kde,full
4226,1.4828591561041802,kde,full
4227,2.01649816561337,kde,full
4228,2.4269045744783426,kde,full
4229,1.9567702963861189,kde,full
4230,0.3413555286181001,kde,full
4231,-0.250912024147932,kde,full
4232,2.5399866275831897,kde,full
4233,1.3903390052821551,kde,full
4234,1.1374794742855172,kde,full
4235,2.4812967312882295,kde,full
4236,2.5951226284324003,kde,full
4237,2.3218086622260246,kde,full
4238,2.9142838576551755,kde,full
4239,-0.3543210540605029,kde,full
4240,3.2972106720382826,kde,full
4241,8.516497553922532,kde,full
4242,2.300504854818888,kde,full
4243,1.7341569849313534,kde,full
4244,2.4819327648190312,kde,full
4245,1.4919712038238928,kde,full
4246,1.991100397103878,kde,full
4247,2.4572634221707803,kde,full
4248,2.030111398955988,kde,full
4249,0.6566778921409062,kde,full
4250,-0.26923533869143207,kde,full
4251,2.6037479636912306,kde,full
4252,1.1964094799698763,kde,full
4253,1.300504987959103,kde,full
4254,2.3203809615429165,kde,full
4255,2.4225323886290364,kde,full
4256,2.359074891452485,kde,full
4257,2.7838735314596668,kde,full
4258,-0.4212624585417418,kde,full
4259,3.1661309942035456,kde,full
4260,15.036209648127068,kde,full
4261,3.24506567933454,kde,full
4262,2.1877393716890454,kde,full
4263,2.127230324842416,kde,full
4264,1.7473628942705242,kde,full
4265,1.875709001719652,kde,full
4266,2.4938226619873607,kde,full
4267,1.92108744899826,kde,full
4268,2.0389919882259684,kde,full
4269,-0.6077828526991773,kde,full
4270,3.046242559679595,kde,full
4271,1.3401041705839294,kde,full
4272,1.1919604626568114,kde,full
4273,2.4309186502534392,kde,full
4274,2.4719926912640267,kde,full
4275,2.778598034346901,kde,full
4276,-0.3918377451831929,kde,full
4277,3.2298564926651396,kde,full
4278,18.57134879698357,kde,full
4279,3.461120065308984,kde,full
4280,2.626989867308476,kde,full
4281,2.188612100811728,kde,full
4282,2.229164109711183,kde,full
4283,1.9174066745462781,kde,full
4284,2.584911953549651,kde,full
4285,2.5093481690656816,kde,full
4286,2.704080262361198,kde,full
4287,-0.6459026403988863,kde,full
4288,2.8088947207267747,kde,full
4289,1.6526654656438091,kde,full
4290,1.4281206957500236,kde,full
4291,2.620127459973966,kde,full
4292,2.687228340631736,kde,full
4293,2.650524292831872,kde,full
4294,-0.46853166491060155,kde,full
4295,3.098747018569265,kde,full
4296,13.304043127198842,kde,full
4297,2.1532817135701343,kde,full
4298,1.089545730559567,kde,full
4299,1.3358912346412746,kde,full
4300,1.7060128390464615,kde,full
4301,1.9797173572337519,kde,full
4302,2.546964042203316,kde,full
4303,2.0823308050810514,kde,full
4304,2.2802571958018856,kde,full
4305,-0.6176734075047949,kde,full
4306,3.554125673454185,kde,full
4307,2.7353887320173436,kde,full
4308,1.3094077853814463,kde,full
4309,2.48802430698156,kde,full
4310,2.632609875481875,kde,full
4311,2.6887613081902026,kde,full
4312,-0.467621346755763,kde,full
4313,3.373744433829443,kde,full
4314,13.985161535254488,kde,full
4315,2.1376251310554566,kde,full
4316,1.7029656485435654,kde,full
4317,1.641419264071034,kde,full
4318,1.8281352151388335,kde,full
4319,2.204604735774046,kde,full
4320,2.64956562462876,kde,full
4321,1.9065094639296902,kde,full
4322,2.8479804203125236,kde,full
4323,-0.9679942076822772,kde,full
4324,3.201970989768002,kde,full
4325,1.7766037928159584,kde,full
4326,1.5124928016578512,kde,full
4327,2.917260729795205,kde,full
4328,2.804686250857688,kde,full
4329,2.5854175992389736,kde,full
4330,-0.5602782406837267,kde,full
4331,2.941789337059234,kde,full
4332,16.49724136567935,kde,full
4333,2.2223370514855363,kde,full
4334,1.355811915460253,kde,full
4335,1.6986443692238078,kde,full
4336,2.1891930627868916,kde,full
4337,2.088660945543772,kde,full
4338,2.5945953678364764,kde,full
4339,2.0034397825307924,kde,full
4340,2.3942523915788767,kde,full
4341,-0.8472993824803542,kde,full
4342,2.9893136045660107,kde,full
4343,3.469094939586861,kde,full
4344,1.5596176721063866,kde,full
4345,3.0532011116617674,kde,full
4346,2.5975941418018644,kde,full
4347,2.6525727256692004,kde,full
4348,-0.42129298078491595,kde,full
4349,2.7836994527798113,kde,full
4350,20.0,kde,full
4351,2.081566027166593,kde,full
4352,1.5632802695571049,kde,full
4353,2.767542976158257,kde,full
4354,2.5943940105572336,kde,full
4355,2.078288254188041,kde,full
4356,2.6698319819988052,kde,full
4357,1.9016789807247108,kde,full
4358,8.243584814396897,kde,full
4359,-0.18731324071918334,kde,full
4360,4.899895636412067,kde,full
4361,1.7121999093403626,kde,full
4362,3.4450191540473365,kde,full
4363,2.8284563122216717,kde,full
4364,2.461078963866744,kde,full
4365,-0.34340220076881267,kde,full
4366,19.99236762591852,kde,full
4367,2.109805131208484,kde,full
4368,1.255506369075286,kde,full
4369,2.5033269255397994,kde,full
4370,4.708601647721629,kde,full
4371,2.133586494346007,kde,full
4372,2.8141580497216143,kde,full
4373,2.168971350603854,kde,full
4374,11.664484466612025,kde,full
4375,-0.1151641834778595,kde,full
4376,1.4977391131531541,kde,full
4377,1.8553625002043064,kde,full
4378,2.5352348428159557,kde,full
4379,2.767507714858886,kde,full
4380,2.8720282787640556,kde,full
4381,-0.3537121485489567,kde,full
4382,3.460761673897034,kde,full
4383,2.105349931635376,kde,full
4384,1.744169970490307,kde,full
4385,2.401878690612504,kde,full
4386,1.297794955333826,kde,full
4387,2.121520890789795,kde,full
4388,2.6347602958545284,kde,full
4389,1.9270209930265612,kde,full
4390,5.01254826718664,kde,full
4391,-0.16081136370962953,kde,full
4392,2.1263770914964795,kde,full
4393,2.5765575372888807,kde,full
4394,2.7601133039270365,kde,full
4395,2.7732518925689718,kde,full
4396,-0.6737717922492741,kde,full
4397,1.6614619066115397,kde,full
4398,2.8256230157572646,kde,full
4399,1.1444069559832117,kde,full
4400,2.216488331434415,kde,full
4401,2.6791130158795196,kde,full
4402,2.001547590977707,kde,full
4403,7.634188479726981,kde,full
4404,-0.3405966257893035,kde,full
4405,1.5607948521749222,kde,full
4406,2.4167301370794654,kde,full
4407,2.8044991493691174,kde,full
4408,2.8721724165886577,kde,full
4409,-0.2640652095749808,kde,full
4410,1.6928862206445072,kde,full
4411,2.307900798476145,kde,full
4412,1.2174275229761766,kde,full
4413,2.1634172850845337,kde,full
4414,2.7233304665002183,kde,full
4415,1.8786028822081917,kde,full
4416,3.67570022952006,kde,full
4417,-0.541889891938186,kde,full
4418,1.6530586274095498,kde,full
4419,2.5992134288142603,kde,full
4420,2.785023858412122,kde,full
4421,2.7502469724261336,kde,full
4422,-0.4509448557763692,kde,full
4423,1.3185800981564806,kde,full
4424,1.693901111282102,kde,full
4425,1.2605913648856892,kde,full
4426,2.2836901075132507,kde,full
4427,2.5704383590623383,kde,full
4428,2.118622579931272,kde,full
4429,2.779909275099535,kde,full
4430,-0.1724022347956215,kde,full
4431,2.8021493092609124,kde,full
4432,3.5574320061192912,kde,full
4433,4.345519927540045,kde,full
4434,-0.33312685467671727,kde,full
4435,2.607468578068542,kde,full
4436,3.54240148452897,kde,full
4437,2.8613041113624558,kde,full
4438,3.0363749417350108,kde,full
4439,11.281874218971165,kde,full
4440,4.043317643583202,kde,full
4441,3.1201005295785147,kde,full
4442,-0.46301054818212223,kde,full
4443,-0.5995925565365157,kde,full
4444,2.9950976028504144,kde,full
4445,3.6252347297771346,kde,full
4446,2.751794330967546,kde,full
4447,2.5134132253731076,kde,full
4448,5.149651849440512,kde,full
4449,2.288012392475789,kde,full
4450,2.482368668442038,kde,full
4451,2.438308443720603,kde,full
4452,3.424276587050894,kde,full
4453,-0.5849786016830113,kde,full
4454,1.9420513770087742,kde,full
4455,2.934966310566308,kde,full
4456,4.520611489153216,kde,full
4457,-0.32292140659483093,kde,full
4458,2.3678408436809555,kde,full
4459,3.0398046619461905,kde,full
4460,2.1878284010638573,kde,full
4461,2.0383496506421976,kde,full
4462,8.40466412750825,kde,full
4463,2.693989248380867,kde,full
4464,2.537683096726445,kde,full
4465,-0.6663622132499719,kde,full
4466,-0.750919066455346,kde,full
4467,1.8953797344389045,kde,full
4468,2.457753507023414,kde,full
4469,2.883107634591266,kde,full
4470,3.7645845890158167,kde,full
4471,1.810982458636568,kde,full
4472,2.2276377481425387,kde,full
4473,2.4332025772271626,kde,full
4474,2.3527744024118373,kde,full
4475,-0.9384025662028914,kde,full
4476,1.8263774510981188,kde,full
4477,2.730483883253673,kde,full
4478,3.9845433470233327,kde,full
4479,-0.8063994662448993,kde,full
4480,2.624471045016709,kde,full
4481,2.7082334278019884,kde,full
4482,1.8113393465729657,kde,full
4483,1.5945018443954413,kde,full
4484,7.701237446541403,kde,full
4485,2.4277530892727137,kde,full
4486,2.5407963885362603,kde,full
4487,-0.7647171344801987,kde,full
4488,-0.7312611524000513,kde,full
4489,1.653441995811773,kde,full
4490,2.3827592399667092,kde,full
4491,2.7341190282266568,kde,full
4492,4.042684504539663,kde,full
4493,1.6408750083774193,kde,full
4494,2.0273387668837253,kde,full
4495,2.437855846540432,kde,full
4496,2.1716666674975937,kde,full
4497,-0.9158013513276803,kde,full
4498,2.021082063533524,kde,full
4499,2.589086821792416,kde,full
4500,2.7147923672381187,kde,full
4501,-1.0662122697675545,kde,full
4502,3.537171545784181,kde,full
4503,2.8125205573717467,kde,full
4504,2.0126872821828226,kde,full
4505,1.2140997945066287,kde,full
4506,7.839889696906679,kde,full
4507,2.4652670323398533,kde,full
4508,2.746341960649255,kde,full
4509,-1.06869109555831,kde,full
4510,-0.9128457725319361,kde,full
4511,1.1408003277560157,kde,full
4512,2.2921420643951143,kde,full
4513,2.9548479080554317,kde,full
4514,6.409087958601529,kde,full
4515,2.288663959072836,kde,full
4516,2.510083244353496,kde,full
4517,3.139821881669867,kde,full
4518,2.5635810522559312,kde,full
4519,-1.0591903162224279,kde,full
4520,2.0270620312049625,kde,full
4521,2.9540448393978322,kde,full
4522,2.8493813817726905,kde,full
4523,-1.2958673359533157,kde,full
4524,3.7895002276950303,kde,full
4525,2.6383379171405497,kde,full
4526,2.0096802195734775,kde,full
4527,1.387120432669151,kde,full
4528,7.428383163854909,kde,full
4529,2.522653263791129,kde,full
4530,2.6333142301366683,kde,full
4531,-0.9704878685079988,kde,full
4532,-0.7749352008802393,kde,full
4533,1.4107170779855585,kde,full
4534,2.377437028109025,kde,full
4535,2.892173954546638,kde,full
4536,9.471307349658804,kde,full
4537,1.6264307113076515,kde,full
4538,1.8762056865926742,kde,full
4539,3.357949713826333,kde,full
4540,3.064586622178028,kde,full
4541,-1.0559421271054787,kde,full
4542,2.0174343852943175,kde,full
4543,2.2862168127270843,kde,full
4544,2.7515377514189354,kde,full
4545,-0.3169879159777942,kde,full
4546,3.311400144137754,kde,full
4547,2.8524752504789213,kde,full
4548,2.0101777051537177,kde,full
4549,1.1867215130244873,kde,full
4550,6.932283968250765,kde,full
4551,2.552744139056962,kde,full
4552,2.92434915628049,kde,full
4553,-1.0997245221419785,kde,full
4554,-0.8596837362264665,kde,full
4555,0.9632391035136265,kde,full
4556,2.112281214395329,kde,full
4557,2.99919534285233,kde,full
4558,3.2684588055851047,kde,full
4559,2.0358626208997275,kde,full
4560,2.759045353036895,kde,full
4561,2.5375711443221807,kde,full
4562,2.6154081795502675,kde,full
4563,-1.0487806996394053,kde,full
4564,1.5976299800263742,kde,full
4565,2.1247392826021017,kde,full
4566,2.817187855216988,kde,full
4567,-0.5120637147831782,kde,full
4568,4.32273546357677,kde,full
4569,2.5736909707929656,kde,full
4570,1.6368876026127626,kde,full
4571,1.6320294896583687,kde,full
4572,6.201505119468206,kde,full
4573,2.7048342829293666,kde,full
4574,2.7191634454211515,kde,full
4575,-0.9675918427126375,kde,full
4576,-0.9870761705064555,kde,full
4577,1.5408913660124113,kde,full
4578,2.865470859238249,kde,full
4579,1.7227903528718358,kde,full
4580,2.111886198243929,kde,full
4581,2.031683158574646,kde,full
4582,3.145091126275357,kde,full
4583,-1.0877264841902456,kde,full
4584,1.5509923664507905,kde,full
4585,2.284647162934139,kde,full
4586,2.8595765150494947,kde,full
4587,-0.3209911596620927,kde,full
4588,3.38758661362085,kde,full
4589,2.5193930511762357,kde,full
4590,1.571291006632927,kde,full
4591,1.4292268056189825,kde,full
4592,6.683493267786326,kde,full
4593,2.5177692810554615,kde,full
4594,2.4450062449863195,kde,full
4595,-0.7429495755679102,kde,full
4596,-1.099940275566905,kde,full
4597,1.463098533097991,kde,full
4598,2.683081494874081,kde,full
4599,1.552158297517991,kde,full
4600,1.8940896332044517,kde,full
4601,1.7317162574847291,kde,full
4602,2.975117888896848,kde,full
4603,-1.0238556815902087,kde,full
4604,1.7854347863069862,kde,full
4605,2.6013966494230183,kde,full
4606,4.784631342923189,kde,full
4607,-0.40224911400972185,kde,full
4608,2.5150618860077927,kde,full
4609,2.403332476800686,kde,full
4610,1.7884908627587053,kde,full
4611,2.302650886724165,kde,full
4612,8.457298915460424,kde,full
4613,2.0539320924576914,kde,full
4614,2.181211482286568,kde,full
4615,-0.8117817648848695,kde,full
4616,-1.02941420804326,kde,full
4617,1.612134602143232,kde,full
4618,2.0776411611166257,kde,full
4619,1.518920094570806,kde,full
4620,1.8278296668875829,kde,full
4621,1.2439984232627943,kde,full
4622,3.7590520740422235,kde,full
4623,4.45738935657088,kde,full
4624,-0.9823056608645296,kde,full
4625,1.9055546893655593,kde,full
4626,2.8725215671830817,kde,full
4627,4.846417354845364,kde,full
4628,-0.4761964553516372,kde,full
4629,4.693368750813893,kde,full
4630,2.5517317116183236,kde,full
4631,1.876899966954352,kde,full
4632,2.362150624060713,kde,full
4633,7.30158898692577,kde,full
4634,2.5615117685454547,kde,full
4635,2.328288949577432,kde,full
4636,-1.03409078435362,kde,full
4637,-1.0110172592465188,kde,full
4638,1.3503059979439789,kde,full
4639,2.209799431504071,kde,full
4640,1.5856073108535451,kde,full
4641,1.961767751180746,kde,full
4642,1.5920645810704304,kde,full
4643,5.934862876938871,kde,full
4644,3.626656746958253,kde,full
4645,-0.8745635909451998,kde,full
4646,1.861478894019382,kde,full
4647,2.5198162755938904,kde,full
4648,4.768337906373277,kde,full
4649,-0.5880309014924899,kde,full
4650,2.573370341812937,kde,full
4651,2.7881354359963955,kde,full
4652,1.7743421488825097,kde,full
4653,1.6480312175778589,kde,full
4654,6.513537378552007,kde,full
4655,3.5345455311708296,kde,full
4656,2.5619702305331824,kde,full
4657,-0.8725451767013226,kde,full
4658,-1.0749974299222707,kde,full
4659,1.6109118398608357,kde,full
4660,2.721911274340055,kde,full
4661,2.206261165935288,kde,full
4662,2.295685804817298,kde,full
4663,1.5778656713611459,kde,full
4664,3.2750990788622962,kde,full
4665,3.4534280414343446,kde,full
4666,-1.1137251521222833,kde,full
4667,1.9214998099878011,kde,full
4668,2.506061719154249,kde,full
4669,4.644677697293632,kde,full
4670,-0.8674137056916356,kde,full
4671,4.3720609735942455,kde,full
4672,2.873495388031881,kde,full
4673,1.74525139638382,kde,full
4674,1.477084498187899,kde,full
4675,5.846071299073842,kde,full
4676,7.790698912741263,kde,full
4677,3.469783929949347,kde,full
4678,-0.8265338598941976,kde,full
4679,-0.9251334168788922,kde,full
4680,1.5946294999699697,kde,full
4681,2.970362180447253,kde,full
4682,2.696998287019683,kde,full
4683,2.359336404946232,kde,full
4684,1.9370597612084663,kde,full
4685,5.4324270332426625,kde,full
4686,3.3506934365868544,kde,full
4687,-0.862702364728192,kde,full
4688,1.9447714258511835,kde,full
4689,2.525671127968676,kde,full
4690,4.65780924201458,kde,full
4691,-1.015575528981983,kde,full
4692,4.403800688248098,kde,full
4693,2.6015311442061235,kde,full
4694,1.7119317737137056,kde,full
4695,1.6683925342316823,kde,full
4696,5.746814674948981,kde,full
4697,5.638384382764306,kde,full
4698,3.1746288764521284,kde,full
4699,-1.1116183072503594,kde,full
4700,-0.8836881311343388,kde,full
4701,1.4982624396634674,kde,full
4702,2.682599375671863,kde,full
4703,1.8621774623106142,kde,full
4704,2.1156186526545695,kde,full
4705,1.7167545601649028,kde,full
4706,3.2051071487990064,kde,full
4707,3.3131323237169257,kde,full
4708,-0.9985264052017591,kde,full
4709,2.314130444883477,kde,full
4710,2.4596733541377134,kde,full
4711,4.131050202295553,kde,full
4712,-0.6749022646410072,kde,full
4713,4.683862283535023,kde,full
4714,2.7674037259168216,kde,full
4715,2.0889186873484027,kde,full
4716,1.377066118439896,kde,full
4717,4.679437146018706,kde,full
4718,6.073061000776124,kde,full
4719,3.639928336262623,kde,full
4720,-0.7592037016012957,kde,full
4721,-1.0878477742250805,kde,full
4722,1.2970362009965746,kde,full
4723,2.9225294662772727,kde,full
4724,1.934912935513894,kde,full
4725,2.5840063995395037,kde,full
4726,2.440249306707187,kde,full
4727,3.5934171407464284,kde,full
4728,3.5601396628568382,kde,full
4729,-1.0188758820979569,kde,full
4730,2.164543163625307,kde,full
4731,2.354322154996487,kde,full
4732,4.33192872145129,kde,full
4733,-0.42964293977409224,kde,full
4734,8.553775284489909,kde,full
4735,2.710595713522988,kde,full
4736,1.7055384368314193,kde,full
4737,1.3878197037186593,kde,full
4738,3.977189400616169,kde,full
4739,14.974876841698304,kde,full
4740,3.6402448121481754,kde,full
4741,-1.0024523839113062,kde,full
4742,-0.9228575888486246,kde,full
4743,1.5895107470184056,kde,full
4744,2.4420933820554565,kde,full
4745,1.748888905040698,kde,full
4746,2.2027135234521795,kde,full
4747,1.78918387083061,kde,full
4748,3.0750343611394455,kde,full
4749,3.5348514307294363,kde,full
4750,-0.9750214842652806,kde,full
4751,1.8257177969155756,kde,full
4752,2.7234086241312165,kde,full
4753,4.743092738215574,kde,full
4754,-0.293627879875066,kde,full
4755,3.1701753113636855,kde,full
4756,2.6034579141606247,kde,full
4757,1.6450097900103056,kde,full
4758,1.80894088242724,kde,full
4759,4.359318418379371,kde,full
4760,2.1972554000731996,kde,full
4761,1.8359625287684043,kde,full
4762,-1.0615770461313585,kde,full
4763,-0.927785331189777,kde,full
4764,1.3116224379301467,kde,full
4765,2.1863345807542576,kde,full
4766,1.977652441792496,kde,full
4767,2.1606230911343767,kde,full
4768,1.6469069002371821,kde,full
4769,5.376679152882439,kde,full
4770,2.831192280317772,kde,full
4771,-1.0304759574471454,kde,full
4772,1.9167432857307793,kde,full
4773,3.052210746442763,kde,full
4774,4.961684816206405,kde,full
4775,-0.8023065420319524,kde,full
4776,4.712503182044836,kde,full
4777,2.853808248192557,kde,full
4778,1.807274695551107,kde,full
4779,2.0189658658144087,kde,full
4780,3.393782416520389,kde,full
4781,3.4095998771519485,kde,full
4782,1.9964959586787208,kde,full
4783,-0.7910994259759138,kde,full
4784,-1.0524712711152568,kde,full
4785,1.3420319780296937,kde,full
4786,2.0473798697567034,kde,full
4787,2.368588974704339,kde,full
4788,2.1679685651025555,kde,full
4789,1.4728648380734426,kde,full
4790,6.507602372205596,kde,full
4791,2.9207693216007526,kde,full
4792,-0.8660950145957127,kde,full
4793,1.9191458012302665,kde,full
4794,2.947917311802771,kde,full
4795,4.750059255482823,kde,full
4796,-0.3922919097171639,kde,full
4797,3.517625986726218,kde,full
4798,2.906610688780674,kde,full
4799,1.664251496615727,kde,full
4800,1.418365910508633,kde,full
4801,3.0598924923569393,kde,full
4802,2.0472096773119333,kde,full
4803,2.5015513136101553,kde,full
4804,-0.9379170192640579,kde,full
4805,-0.8078204157773725,kde,full
4806,1.2928491691954012,kde,full
4807,2.4530953027110023,kde,full
4808,2.1194891818751054,kde,full
4809,2.5420497300023723,kde,full
4810,1.76089181157296,kde,full
4811,4.715005082355335,kde,full
4812,3.099756431023155,kde,full
4813,-0.776395712484936,kde,full
4814,2.1037928063449916,kde,full
4815,2.740796118674523,kde,full
4816,4.694460459059308,kde,full
4817,-0.7672748372612871,kde,full
4818,2.591384732684763,kde,full
4819,2.845050331133339,kde,full
4820,1.7905049030045586,kde,full
4821,1.5189730058561277,kde,full
4822,2.9545775457498547,kde,full
4823,1.79478947125298,kde,full
4824,3.047174859791802,kde,full
4825,-0.8331420079239369,kde,full
4826,-0.8037861564153821,kde,full
4827,1.3875837743013477,kde,full
4828,2.630932568547165,kde,full
4829,2.7798291757252227,kde,full
4830,2.6149142094098354,kde,full
4831,2.247651085690191,kde,full
4832,2.793829599760079,kde,full
4833,3.3020643022203386,kde,full
4834,-1.0953693825891886,kde,full
4835,2.2201357879545682,kde,full
4836,2.7161626508827235,kde,full
4837,4.791134803725611,kde,full
4838,-0.4062361158008202,kde,full
4839,3.0404998941200967,kde,full
4840,2.890619447638898,kde,full
4841,1.6932800993486459,kde,full
4842,2.041696067354235,kde,full
4843,2.8642555601982127,kde,full
4844,1.6657342794562755,kde,full
4845,3.3229953213180385,kde,full
4846,-0.9738397384685731,kde,full
4847,-1.0477969847179083,kde,full
4848,1.5184771140668598,kde,full
4849,2.7732391205542775,kde,full
4850,2.9135735307562807,kde,full
4851,2.6353147510914776,kde,full
4852,1.7815909049999665,kde,full
4853,4.964975855762381,kde,full
4854,3.612080600893645,kde,full
4855,-0.7494998234480827,kde,full
4856,1.9469272443722585,kde,full
4857,2.59834481759065,kde,full
4858,4.305497068279644,kde,full
4859,-0.45575640172524123,kde,full
4860,2.293284630819966,kde,full
4861,2.7538039807189714,kde,full
4862,1.661746722932639,kde,full
4863,1.3195823323662026,kde,full
4864,2.925021772201348,kde,full
4865,2.092542345164528,kde,full
4866,3.4158633701513383,kde,full
4867,-0.9984590301183099,kde,full
4868,-0.925153455197564,kde,full
4869,1.4667377906549546,kde,full
4870,2.557487883828665,kde,full
4871,2.3791929643325376,kde,full
4872,2.6927806376175116,kde,full
4873,1.9129191853520697,kde,full
4874,1.4384204324821117,kde,full
4875,3.001591716638137,kde,full
4876,-0.7196960433742248,kde,full
4877,1.940666860353572,kde,full
4878,2.4774122220903574,kde,full
4879,3.9268919137178524,kde,full
4880,-0.37520875561311795,kde,full
4881,2.1313452735171303,kde,full
4882,2.922617510050074,kde,full
4883,1.8993836759502865,kde,full
4884,1.7415466329731784,kde,full
4885,3.546011603066386,kde,full
4886,2.025186199414275,kde,full
4887,4.328699970856265,kde,full
4888,-0.8437684672344601,kde,full
4889,-0.8673959989810526,kde,full
4890,1.4473261916985987,kde,full
4891,2.449684968056385,kde,full
4892,2.709007020142231,kde,full
4893,1.8804226539834292,kde,full
4894,1.6603390948001802,kde,full
4895,3.3589472794021167,kde,full
4896,-0.4130692598988556,kde,full
4897,2.2007102644568968,kde,full
4898,2.6333726290818023,kde,full
4899,3.8762257796788124,kde,full
4900,-0.593729588552968,kde,full
4901,2.186965772791575,kde,full
4902,2.7216549185125207,kde,full
4903,1.7185653242899985,kde,full
4904,1.5246687903036027,kde,full
4905,3.3091411642790627,kde,full
4906,2.0406679223448814,kde,full
4907,2.465045591992449,kde,full
4908,-1.0358767496693368,kde,full
4909,-0.7805369667455423,kde,full
4910,1.7347816867261314,kde,full
4911,1.8535062014590205,kde,full
4912,2.3466121183306825,kde,full
4913,1.4487054597790614,kde,full
4914,1.2508044901530126,kde,full
4915,2.943215958448838,kde,full
4916,-0.40266591968951126,kde,full
4917,2.328724608722996,kde,full
4918,3.0178741927640798,kde,full
4919,4.059792081587478,kde,full
4920,-0.47450507810818604,kde,full
4921,2.444750385556256,kde,full
4922,2.8371497063263145,kde,full
4923,1.7263310999864867,kde,full
4924,1.5589526020626585,kde,full
4925,3.2649045499796947,kde,full
4926,2.0594705055569418,kde,full
4927,1.855405706621757,kde,full
4928,-0.922313643295981,kde,full
4929,-0.8994430582169546,kde,full
4930,1.744019848890352,kde,full
4931,1.6881377573344887,kde,full
4932,2.3220439291793027,kde,full
4933,1.4951432113322993,kde,full
4934,1.3531182643120154,kde,full
4935,2.6205317027780146,kde,full
4936,-0.1550732426075294,kde,full
4937,2.6531479392809576,kde,full
4938,3.4440538071567697,kde,full
4939,4.178034524233903,kde,full
4940,-1.1628309606215221,kde,full
4941,2.875295479047806,kde,full
4942,3.3130934179473193,kde,full
4943,2.3228641370899576,kde,full
4944,1.7360534494573256,kde,full
4945,4.45706227635352,kde,full
4946,2.3113129638420298,kde,full
4947,1.8989774522403495,kde,full
4948,-0.9917349801723053,kde,full
4949,-1.091947795508279,kde,full
4950,1.9433616735488504,kde,full
4951,1.7417497273934188,kde,full
4952,2.311127703780881,kde,full
4953,1.4975027080975254,kde,full
4954,1.305193420113292,kde,full
4955,2.7406861061927428,kde,full
4956,-0.29463715426089787,kde,full
4957,2.298316884870325,kde,full
4958,2.8961886591837542,kde,full
4959,3.6881639291964396,kde,full
4960,-0.9756882978132592,kde,full
4961,2.322856891877713,kde,full
4962,2.8021920193785967,kde,full
4963,2.1262613745236014,kde,full
4964,1.6972304250552672,kde,full
4965,3.6279493328276566,kde,full
4966,1.893042923255978,kde,full
4967,2.1152577081041564,kde,full
4968,-0.9141301270998645,kde,full
4969,-0.9379228449525201,kde,full
4970,1.6260609422497116,kde,full
4971,2.479828933381466,kde,full
4972,2.8111525087511193,kde,full
4973,1.7640618927849436,kde,full
4974,2.614957110893707,kde,full
4975,2.854020808902712,kde,full
4976,-0.44777093492713593,kde,full
4977,2.2269636869198104,kde,full
4978,2.727042467785516,kde,full
4979,3.653638058683241,kde,full
4980,-1.1543065013429121,kde,full
4981,2.327148419009523,kde,full
4982,2.851371051940517,kde,full
4983,2.0347766261336755,kde,full
4984,1.7298330341254888,kde,full
4985,3.347796702878344,kde,full
4986,2.13074453372854,kde,full
4987,2.341566931871227,kde,full
4988,-0.9581952327105402,kde,full
4989,-0.9393410761228713,kde,full
4990,1.9548260365208527,kde,full
4991,1.9374723551793522,kde,full
4992,2.832350038609895,kde,full
4993,1.7623568507326026,kde,full
4994,3.4097808260283227,kde,full
4995,3.0398473679322024,kde,full
4996,-0.7350214171606667,kde,full
4997,2.1452216799099832,kde,full
4998,2.7950968732573407,kde,full
4999,3.5406690630716473,kde,full
5000,-0.6744913946111322,kde,full
5001,2.296074123040293,kde,full
5002,2.7902271563417504,kde,full
5003,2.0506109039583977,kde,full
5004,1.552558616113534,kde,full
5005,3.3676365242239235,kde,full
5006,2.319607772550896,kde,full
5007,2.07089974396885,kde,full
5008,-1.098006313915757,kde,full
5009,-0.9283498624814313,kde,full
5010,1.7921073821496925,kde,full
5011,2.1212678801820015,kde,full
5012,2.6605005144511793,kde,full
5013,1.804830892294384,kde,full
5014,3.2612297618569026,kde,full
5015,3.002735097210637,kde,full
5016,-0.8022107583810438,kde,full
5017,2.0990292639574157,kde,full
5018,2.5027924675261026,kde,full
5019,3.1450772055997716,kde,full
5020,-1.063498260370593,kde,full
5021,2.250330755886937,kde,full
5022,2.8369076877063253,kde,full
5023,2.0317574074641236,kde,full
5024,1.6766162579631243,kde,full
5025,3.3890114032670318,kde,full
5026,2.8609652292661476,kde,full
5027,2.0952771532523355,kde,full
5028,-1.1365996640084477,kde,full
5029,-0.9365656378511805,kde,full
5030,1.984854110514155,kde,full
5031,2.65889169535198,kde,full
5032,2.8132196316570086,kde,full
5033,2.0839594376656256,kde,full
5034,3.4070533791331696,kde,full
5035,3.0566575811979586,kde,full
5036,-0.7257230846126499,kde,full
5037,2.0730679984870988,kde,full
5038,2.418122118406022,kde,full
5039,3.5001526553209072,kde,full
5040,-0.6964661876828531,kde,full
5041,3.074743199810296,kde,full
5042,1.990165016202945,kde,full
5043,2.0009662686140586,kde,full
5044,4.4934697994294615,kde,full
5045,5.7519683826299275,kde,full
5046,1.9377080312520159,kde,full
5047,-1.1360652946905776,kde,full
5048,-0.893177733898124,kde,full
5049,2.3819786551537154,kde,full
5050,2.451671714562319,kde,full
5051,2.8158825298553714,kde,full
5052,1.6065160355582542,kde,full
5053,5.85052961378554,kde,full
5054,4.201481550478306,kde,full
5055,-0.8508741459237904,kde,full
5056,1.9349163642646392,kde,full
5057,2.725663421357509,kde,full
5058,3.466688234689854,kde,full
5059,-0.8444481611845526,kde,full
5060,2.450256933652339,kde,full
5061,2.1584582453636174,kde,full
5062,1.6952100520500117,kde,full
5063,3.8636021782507117,kde,full
5064,3.202842322039106,kde,full
5065,1.8144897287010302,kde,full
5066,-0.8494057468356071,kde,full
5067,-1.0222017322026415,kde,full
5068,1.3953537012386807,kde,full
5069,1.6089685072201254,kde,full
5070,2.605930425463137,kde,full
5071,1.4238154263689382,kde,full
5072,1.1567784860285766,kde,full
5073,3.585948468157115,kde,full
5074,2.676261562822909,kde,full
5075,0.004386184720169772,kde,full
5076,3.8895409151941136,kde,full
5077,2.8125163728148093,kde,full
5078,2.6294738887891427,kde,full
5079,3.0065184749205667,kde,full
5080,1.7841603025536443,kde,full
5081,3.6904961164544643,kde,full
5082,-0.3956779552840487,kde,full
5083,3.369465441192338,kde,full
5084,-0.03851007740001225,kde,full
5085,3.6312222435953028,kde,full
5086,2.489152421301219,kde,full
5087,-0.6830340675759926,kde,full
5088,2.9420277446730023,kde,full
5089,2.845880846946695,kde,full
5090,4.624171584649976,kde,full
5091,3.0690627189111,kde,full
5092,2.0891967751595595,kde,full
5093,2.94010387035302,kde,full
5094,-0.7562942889974386,kde,full
5095,3.3278848800474576,kde,full
5096,-0.6241498171962486,kde,full
5097,2.656997406146754,kde,full
5098,1.6143296625116932,kde,full
5099,-0.4459364005776635,kde,full
5100,2.6498536114033633,kde,full
5101,2.9642148921192533,kde,full
5102,3.6229518824559257,kde,full
5103,3.0835853749464364,kde,full
5104,0.6538457810639953,kde,full
5105,2.7388319184363334,kde,full
5106,-0.8791813815511239,kde,full
5107,3.0706558192440467,kde,full
5108,-0.25497359236158657,kde,full
5109,2.391491154787215,kde,full
5110,1.5093776311173623,kde,full
5111,-0.21212631238140664,kde,full
5112,2.3071575846195542,kde,full
5113,3.389471813133303,kde,full
5114,2.4908301190079167,kde,full
5115,3.3741989224693536,kde,full
5116,0.5326762141503181,kde,full
5117,2.58686568636594,kde,full
5118,-1.2858221319620315,kde,full
5119,3.125466444370288,kde,full
5120,-0.38296251247971697,kde,full
5121,2.216334192218884,kde,full
5122,3.378578551112498,kde,full
5123,1.250500157877592,kde,full
5124,-0.15091349976254848,kde,full
5125,2.4357408900793622,kde,full
5126,3.1854383029975777,kde,full
5127,3.473469906013858,kde,full
5128,3.142957267378418,kde,full
5129,1.417303276765746,kde,full
5130,2.378706502270114,kde,full
5131,-1.0040910440814634,kde,full
5132,3.083093861888033,kde,full
5133,-0.44417569187581957,kde,full
5134,2.2033416219678204,kde,full
5135,3.1421858514625503,kde,full
5136,1.085428563034026,kde,full
5137,-0.10483298760085605,kde,full
5138,2.2190597108189323,kde,full
5139,3.1458572150246473,kde,full
5140,1.845781133840772,kde,full
5141,3.2511521206784084,kde,full
5142,0.4912024961010145,kde,full
5143,2.469512330937075,kde,full
5144,-1.0782971321149208,kde,full
5145,3.262721748735535,kde,full
5146,-0.4615144540435681,kde,full
5147,2.1770694128443266,kde,full
5148,3.3060236333263977,kde,full
5149,2.88351995260678,kde,full
5150,0.9908014485921737,kde,full
5151,0.4429189904181954,kde,full
5152,2.1594205588631583,kde,full
5153,2.966468117320951,kde,full
5154,2.638619026872894,kde,full
5155,3.1041566540563577,kde,full
5156,-0.22381650060670877,kde,full
5157,2.492870958475163,kde,full
5158,-1.2414631879066884,kde,full
5159,-0.3531224379329109,kde,full
5160,2.1661734664952137,kde,full
5161,3.1340401940541542,kde,full
5162,0.9004868004999008,kde,full
5163,-0.07523988176124959,kde,full
5164,2.1891407504777995,kde,full
5165,2.944742100372012,kde,full
5166,2.6475125109929865,kde,full
5167,3.1729693041736513,kde,full
5168,-0.23223842585921065,kde,full
5169,2.453202546753966,kde,full
5170,-0.9404203330827223,kde,full
5171,-0.5130860373523176,kde,full
5172,2.1642703161107084,kde,full
5173,3.3104127845150533,kde,full
5174,1.635436788775273,kde,full
5175,-0.8603237520488426,kde,full
5176,2.42108100993258,kde,full
5177,2.5346669783922198,kde,full
5178,1.881767338697003,kde,full
5179,2.6423775577304927,kde,full
5180,-0.4322086807697432,kde,full
5181,2.726966871236311,kde,full
5182,-1.2936442946819584,kde,full
5183,-0.48983127188040804,kde,full
5184,2.250543515800882,kde,full
5185,2.657896138667628,kde,full
5186,1.7034368360123366,kde,full
5187,-0.3222796591127655,kde,full
5188,2.766542642309531,kde,full
5189,2.5738659135811477,kde,full
5190,3.5456929274077087,kde,full
5191,2.8540365953534628,kde,full
5192,0.14372859714071057,kde,full
5193,2.754726097954178,kde,full
5194,-0.8506998774336805,kde,full
5195,-0.25027694122993616,kde,full
5196,2.3411648154370965,kde,full
5197,2.660603612396007,kde,full
5198,1.2911985928856808,kde,full
5199,-0.7423815549632289,kde,full
5200,2.4808539086984824,kde,full
5201,3.3362035030059753,kde,full
5202,1.8555716357554939,kde,full
5203,3.762113462944099,kde,full
5204,-0.27760376544100396,kde,full
5205,2.740299201240931,kde,full
5206,-1.2864136239883965,kde,full
5207,-0.2785476722964654,kde,full
5208,2.2482466068513034,kde,full
5209,3.323524845694928,kde,full
5210,1.126217533859703,kde,full
5211,-0.968223673592361,kde,full
5212,2.358813869677419,kde,full
5213,3.3904839528521578,kde,full
5214,4.928170324029681,kde,full
5215,4.556646967846882,kde,full
5216,-0.14357871668261823,kde,full
5217,2.724318291195157,kde,full
5218,-0.9284981754340816,kde,full
5219,-0.41191444935688987,kde,full
5220,2.2686034125957955,kde,full
5221,3.715714395258775,kde,full
5222,1.0568438707906438,kde,full
5223,-0.6106475116289772,kde,full
5224,2.4387027078977987,kde,full
5225,2.897258757870429,kde,full
5226,0.6895137580441979,kde,full
5227,3.277616954330241,kde,full
5228,-0.30734297062356986,kde,full
5229,2.508302345638315,kde,full
5230,-1.0934285787613185,kde,full
5231,-0.4672055504890224,kde,full
5232,2.1798667267538927,kde,full
5233,2.6629118082103744,kde,full
5234,1.313819911562578,kde,full
5235,-0.39018816485132934,kde,full
5236,2.547890425475767,kde,full
5237,2.7392409086141893,kde,full
5238,-0.3500693774045799,kde,full
5239,2.929297510248419,kde,full
5240,-0.5901642507331726,kde,full
5241,2.4365543251674775,kde,full
5242,-1.0653142820805481,kde,full
5243,-0.519612873698636,kde,full
5244,2.3030048867018764,kde,full
5245,2.338208325432908,kde,full
5246,1.3227146702508064,kde,full
5247,-0.1710087425892319,kde,full
5248,2.6518812667084726,kde,full
5249,0.13288481629732823,kde,full
5250,3.478334237357622,kde,full
5251,-0.4874325876262322,kde,full
5252,2.4182472216291626,kde,full
5253,-1.3266750167179528,kde,full
5254,-0.19812258240120675,kde,full
5255,2.6819382149149997,kde,full
5256,2.3093906886852924,kde,full
5257,1.2018083504128094,kde,full
5258,-0.7058515743360475,kde,full
5259,3.275496231678357,kde,full
5260,-0.8540833676453399,kde,full
5261,3.899951191632753,kde,full
5262,-0.27830370915651426,kde,full
5263,2.2926322056437667,kde,full
5264,-1.3148614219817614,kde,full
5265,-0.5573026689852041,kde,full
5266,2.2134166623045104,kde,full
5267,3.1597150003047223,kde,full
5268,0.9030729272722517,kde,full
5269,-0.34277213657132366,kde,full
5270,2.949829318612906,kde,full
5271,-0.8217196693053423,kde,full
5272,4.711095275815609,kde,full
5273,-0.22729984186695867,kde,full
5274,-1.0773871706125404,kde,full
5275,-0.4949772918908263,kde,full
5276,2.2187431295260116,kde,full
5277,2.8111038311575376,kde,full
5278,0.6906788303925846,kde,full
5279,-0.10071019295356104,kde,full
5280,3.15076157219062,kde,full
5281,-0.7616664900972047,kde,full
5282,3.8140460844022694,kde,full
5283,-0.4600311417916072,kde,full
5284,-1.1158746203743224,kde,full
5285,-0.3310419275696722,kde,full
5286,2.948039961476329,kde,full
5287,3.115392797182227,kde,full
5288,1.1559471746140166,kde,full
5289,-0.36254293247575586,kde,full
5290,2.752175360637855,kde,full
5291,-0.6337868069820977,kde,full
5292,1.9768016240377548,kde,full
5293,-0.5458281102749464,kde,full
5294,-1.086625533353163,kde,full
5295,-0.3685998757307193,kde,full
5296,3.2282058964850098,kde,full
5297,2.978685747208128,kde,full
5298,2.950164039575653,kde,full
5299,7.157831941216788,kde,full
5300,2.8654647544811835,kde,full
5301,2.588421213339478,kde,full
5302,0.051332724734870244,kde,full
5303,3.2287202590235964,kde,full
5304,0.21960832913469922,kde,full
5305,4.7516720971156925,kde,full
5306,-0.2168970992696664,kde,full
5307,-1.2925795082822416,kde,full
5308,-0.3908228641453665,kde,full
5309,2.9354712278616018,kde,full
5310,3.467946641604748,kde,full
5311,2.776437269400278,kde,full
5312,5.431982440218837,kde,full
5313,2.3138915943608835,kde,full
5314,0.10711652488208181,kde,full
5315,-0.3789791603147664,kde,full
5316,3.2903065131117955,kde,full
5317,-0.7339352003877084,kde,full
5318,1.7544385897476136,kde,full
5319,-0.33020784408046566,kde,full
5320,-1.024353917529618,kde,full
5321,-0.2942834415470899,kde,full
5322,2.8873601690116293,kde,full
5323,3.050063263207214,kde,full
5324,2.6770982394654124,kde,full
5325,4.941899144506298,kde,full
5326,2.398443912481121,kde,full
5327,8.283122128533789,kde,full
5328,0.5502450617586854,kde,full
5329,-0.4986996050219054,kde,full
5330,3.522221956660855,kde,full
5331,-0.608768537537858,kde,full
5332,3.4958537984267783,kde,full
5333,-0.17495684111048881,kde,full
5334,-1.065869142121543,kde,full
5335,-0.19500018346500878,kde,full
5336,3.4797327254383137,kde,full
5337,2.7315364635408885,kde,full
5338,4.691569089147744,kde,full
5339,7.257656913522453,kde,full
5340,-0.01555043925232688,kde,full
5341,-0.2792559759111779,kde,full
5342,2.7368864843892746,kde,full
5343,-0.721579552826929,kde,full
5344,1.615616075883493,kde,full
5345,-0.4567559735509785,kde,full
5346,-1.0672209889206559,kde,full
5347,-0.41225001000753714,kde,full
5348,2.5976242702605705,kde,full
5349,2.5770035145320533,kde,full
5350,4.55430404328608,kde,full
5351,6.764281364964104,kde,full
5352,0.32112275344486896,kde,full
5353,-0.1014441822259214,kde,full
5354,2.8575001133771423,kde,full
5355,-0.9381350113801958,kde,full
5356,1.5610070624404189,kde,full
5357,-0.6364878322693477,kde,full
5358,-1.1869518270263817,kde,full
5359,-0.37267192071975924,kde,full
5360,2.5261982735696207,kde,full
5361,2.5047629641813844,kde,full
5362,4.965827723670347,kde,full
5363,6.229921522766268,kde,full
5364,0.2688415228136849,kde,full
5365,-0.03500251392717681,kde,full
5366,2.8468722499159322,kde,full
5367,-0.4983370853161166,kde,full
5368,1.8838723214195991,kde,full
5369,-0.4638306430886236,kde,full
5370,-1.1434836087509967,kde,full
5371,-0.37360642472798344,kde,full
5372,2.3896490441804983,kde,full
5373,2.5568790213157264,kde,full
5374,5.962966248821083,kde,full
5375,5.876606067598796,kde,full
5376,-0.24886030192543207,kde,full
5377,0.20578616575697398,kde,full
5378,3.5351262786683932,kde,full
5379,-0.687963320620336,kde,full
5380,2.6170882338641555,kde,full
5381,-0.23744584888460343,kde,full
5382,-1.2425770565940288,kde,full
5383,-0.3735623728727727,kde,full
5384,3.4865057184927646,kde,full
5385,3.02492799265049,kde,full
5386,5.002189720767538,kde,full
5387,5.438092436012724,kde,full
5388,4.821529523826284,kde,full
5389,5.509341472877571,kde,full
5390,2.9327313631541116,kde,full
5391,3.013061966919321,kde,full
5392,3.144085914033959,kde,full
5393,5.538394330895896,kde,full
5394,-0.21974866886353042,kde,full
5395,1.5915419228113112,kde,full
5396,1.7998999422611681,kde,full
5397,2.954424788813869,kde,full
5398,2.698913373834226,kde,full
5399,3.5566447554379916,kde,full
5400,3.3513502652753626,kde,full
5401,1.4866754250061738,kde,full
5402,5.853008943996978,kde,full
5403,2.726578070434411,kde,full
5404,4.461948483994236,kde,full
5405,2.4032185589505635,kde,full
5406,2.773898564288749,kde,full
5407,4.489585731271589,kde,full
5408,-0.19937064386068956,kde,full
5409,2.6474140968760933,kde,full
5410,3.1509237071043343,kde,full
5411,3.991337919717116,kde,full
5412,2.628534070354871,kde,full
5413,4.359908815470957,kde,full
5414,6.624138259407573,kde,full
5415,4.275026774696114,kde,full
5416,-0.6857938974200134,kde,full
5417,1.2205862066579627,kde,full
5418,0.8890162434910153,kde,full
5419,4.095332780140484,kde,full
5420,2.0058057594984184,kde,full
5421,2.407154722323663,kde,full
5422,2.2498516090821608,kde,full
5423,2.0134889267185994,kde,full
5424,10.060212225729831,kde,full
5425,2.1427479628776274,kde,full
5426,3.670930189535781,kde,full
5427,2.3009875154900907,kde,full
5428,2.2364085717983775,kde,full
5429,5.215663003215756,kde,full
5430,-0.6114733638324422,kde,full
5431,2.3549128335492315,kde,full
5432,2.7448252917947955,kde,full
5433,3.3340725967299467,kde,full
5434,2.6346712012156397,kde,full
5435,1.6252486888373983,kde,full
5436,2.8170863919154363,kde,full
5437,4.092420545390569,kde,full
5438,-0.9761763378331205,kde,full
5439,0.9500593829090906,kde,full
5440,1.5326870642186592,kde,full
5441,3.473379579668881,kde,full
5442,1.642678825660179,kde,full
5443,2.2125233206707478,kde,full
5444,2.144610088172957,kde,full
5445,1.1444056166376253,kde,full
5446,4.666334859757044,kde,full
5447,1.7015491169969055,kde,full
5448,3.205190670026518,kde,full
5449,2.3135879255990264,kde,full
5450,2.2748262915758586,kde,full
5451,3.3920533358667293,kde,full
5452,-0.9498909068595911,kde,full
5453,2.0973958209478045,kde,full
5454,2.537345634384061,kde,full
5455,2.7193541330873643,kde,full
5456,3.084379694547722,kde,full
5457,2.6819916051126533,kde,full
5458,1.0207820954470312,kde,full
5459,3.3322978766383318,kde,full
5460,-1.1095725783607273,kde,full
5461,0.045662645125837606,kde,full
5462,1.7886899887218028,kde,full
5463,3.8454639516601317,kde,full
5464,1.8892315214222335,kde,full
5465,2.302546334228947,kde,full
5466,2.1625731197823157,kde,full
5467,0.773256652345389,kde,full
5468,2.7245217126373693,kde,full
5469,1.9727217454093533,kde,full
5470,2.9687968038389503,kde,full
5471,3.080108994715067,kde,full
5472,2.6557222698820917,kde,full
5473,3.0652608205820004,kde,full
5474,-1.0110014295294072,kde,full
5475,1.5575198075989751,kde,full
5476,2.50975617074816,kde,full
5477,2.5146840258169347,kde,full
5478,4.3114311179828775,kde,full
5479,2.2229890228828864,kde,full
5480,5.756219263070277,kde,full
5481,3.2614655856575108,kde,full
5482,-1.3440362218562016,kde,full
5483,-0.28998704988187696,kde,full
5484,2.4190688454381943,kde,full
5485,5.450371769933413,kde,full
5486,1.5262089762262314,kde,full
5487,2.1052263286412787,kde,full
5488,1.9891732353346097,kde,full
5489,3.7112189801513527,kde,full
5490,5.318793450348547,kde,full
5491,1.8819087280006648,kde,full
5492,2.7328645079472857,kde,full
5493,2.552503667008272,kde,full
5494,2.152252424608955,kde,full
5495,2.6745573036227674,kde,full
5496,-0.6973173820279295,kde,full
5497,1.581053195170664,kde,full
5498,2.6989342188635934,kde,full
5499,3.3069444933011387,kde,full
5500,2.9082137405773976,kde,full
5501,-0.2968791706945997,kde,full
5502,3.500072946133883,kde,full
5503,-1.101949110931646,kde,full
5504,-0.7533189209886074,kde,full
5505,1.0954873303310746,kde,full
5506,2.1984629606063013,kde,full
5507,1.8765297291955787,kde,full
5508,2.2550125267427186,kde,full
5509,1.9644381470500252,kde,full
5510,0.4364154338948102,kde,full
5511,2.203129461386151,kde,full
5512,1.7423410949365414,kde,full
5513,2.754167725598576,kde,full
5514,2.0351872233347303,kde,full
5515,2.37751450680941,kde,full
5516,3.0795882895227384,kde,full
5517,-0.21679086905879244,kde,full
5518,1.503829781951549,kde,full
5519,2.541837106814164,kde,full
5520,4.569736453199391,kde,full
5521,5.038237542600386,kde,full
5522,-0.5072121788814732,kde,full
5523,3.080918316750226,kde,full
5524,-1.107764107615972,kde,full
5525,-0.6092674281133142,kde,full
5526,1.1992282915398835,kde,full
5527,2.798894217298584,kde,full
5528,2.0626414002932303,kde,full
5529,2.2878793572930958,kde,full
5530,2.052725177641954,kde,full
5531,-0.34611451505066426,kde,full
5532,2.7202460068900107,kde,full
5533,1.612153727068427,kde,full
5534,2.730710205119386,kde,full
5535,2.400977200110509,kde,full
5536,2.3319506734966193,kde,full
5537,2.6636831721200256,kde,full
5538,-0.16661803396567645,kde,full
5539,1.4905086823770244,kde,full
5540,2.3384314826808517,kde,full
5541,4.497376442683084,kde,full
5542,2.7664101716919642,kde,full
5543,-0.44626091303965687,kde,full
5544,2.8362228579751747,kde,full
5545,-0.8586474408001806,kde,full
5546,-0.8773381566701399,kde,full
5547,0.8810306578947124,kde,full
5548,2.3214945518323877,kde,full
5549,1.6754227797846142,kde,full
5550,2.1277932368051964,kde,full
5551,1.978309300742192,kde,full
5552,-0.7258740398894452,kde,full
5553,2.8982921193778957,kde,full
5554,1.5706641566472532,kde,full
5555,2.8371339130717943,kde,full
5556,1.8853533393624056,kde,full
5557,2.5180960109240824,kde,full
5558,2.7732486040443445,kde,full
5559,-0.6337417418656431,kde,full
5560,1.1743321721790316,kde,full
5561,2.3631897728833238,kde,full
5562,4.487916540258176,kde,full
5563,1.5098870358939447,kde,full
5564,-0.4608154339739461,kde,full
5565,2.7551221788870395,kde,full
5566,-0.9926500081749996,kde,full
5567,-1.0925299687135526,kde,full
5568,0.8908684437957828,kde,full
5569,3.3868919807111655,kde,full
5570,1.8355969806868244,kde,full
5571,2.186235105620892,kde,full
5572,2.013066285326973,kde,full
5573,-1.0711789750241945,kde,full
5574,2.6840680763774976,kde,full
5575,1.7011975481182358,kde,full
5576,2.8875585958555035,kde,full
5577,1.6214125270020663,kde,full
5578,2.7370344090361947,kde,full
5579,2.7067364393043896,kde,full
5580,-0.7031142951749852,kde,full
5581,1.3278522229899095,kde,full
5582,2.301427417319384,kde,full
5583,6.539383894599197,kde,full
5584,1.848679138152364,kde,full
5585,-0.2875072623267536,kde,full
5586,2.49168557160727,kde,full
5587,-1.082019753002767,kde,full
5588,-0.645608721608997,kde,full
5589,0.859652885577173,kde,full
5590,4.55898685223953,kde,full
5591,1.8928213372645692,kde,full
5592,2.2607986665523825,kde,full
5593,2.1641728263093887,kde,full
5594,-1.167732188286786,kde,full
5595,3.3414879853314297,kde,full
5596,1.7754579123931018,kde,full
5597,3.2618130031659325,kde,full
5598,1.8057988754424106,kde,full
5599,2.8040038678647705,kde,full
5600,2.759826238442148,kde,full
5601,-1.0947960695508012,kde,full
5602,1.301669627592951,kde,full
5603,2.874118388287338,kde,full
5604,3.0701805377908604,kde,full
5605,1.963296290879772,kde,full
5606,-0.6420999528992344,kde,full
5607,2.723580176190662,kde,full
5608,-0.9470155093418631,kde,full
5609,-0.8378426179841051,kde,full
5610,1.4698928107696885,kde,full
5611,1.7861882134709361,kde,full
5612,1.7167307943040813,kde,full
5613,2.1441829127267265,kde,full
5614,1.772449060873829,kde,full
5615,-1.1308647358707558,kde,full
5616,2.916683812257153,kde,full
5617,1.4855037831835878,kde,full
5618,2.333726227301165,kde,full
5619,1.7557154202025593,kde,full
5620,2.38124980428836,kde,full
5621,2.5123853966532352,kde,full
5622,-1.3108326894436553,kde,full
5623,1.7064997433267526,kde,full
5624,2.833306796323277,kde,full
5625,3.1165062300681394,kde,full
5626,2.060135604298951,kde,full
5627,-0.5193107138552695,kde,full
5628,2.5122806127073063,kde,full
5629,-0.8214845338525711,kde,full
5630,-0.8132462843562698,kde,full
5631,1.3927130359411772,kde,full
5632,2.0370026635520766,kde,full
5633,1.665941229426541,kde,full
5634,2.0987983817522364,kde,full
5635,2.0707912593586375,kde,full
5636,-1.002192459687923,kde,full
5637,3.2157714680995744,kde,full
5638,1.5140966428895104,kde,full
5639,2.6425445154116227,kde,full
5640,2.1406206324977193,kde,full
5641,2.4329176167526807,kde,full
5642,2.6046535155362602,kde,full
5643,-1.2558446274305566,kde,full
5644,1.6086347173086595,kde,full
5645,2.8952736859442094,kde,full
5646,3.241977552259837,kde,full
5647,1.707157182083579,kde,full
5648,-0.7596290189588099,kde,full
5649,2.5015731295352954,kde,full
5650,-1.1682806585231675,kde,full
5651,-0.9390968886775416,kde,full
5652,1.6113548532687951,kde,full
5653,2.111914456761804,kde,full
5654,1.3778965121108968,kde,full
5655,2.244184085826965,kde,full
5656,2.1911095712670585,kde,full
5657,-1.021387204734932,kde,full
5658,3.1399198880166432,kde,full
5659,1.5672243845451705,kde,full
5660,2.5227869009867367,kde,full
5661,1.9238767862616684,kde,full
5662,2.2397040810237114,kde,full
5663,2.7702730750205786,kde,full
5664,-1.0861789931692545,kde,full
5665,1.6192187896002275,kde,full
5666,2.57642075491513,kde,full
5667,3.0340619071237716,kde,full
5668,2.8257258393001115,kde,full
5669,-0.7371814255485516,kde,full
5670,2.375549490896738,kde,full
5671,-1.007821072306422,kde,full
5672,-0.697064646274795,kde,full
5673,1.2955691590292546,kde,full
5674,4.615082137970973,kde,full
5675,1.8243590082383676,kde,full
5676,2.2403153284862327,kde,full
5677,3.39539981876435,kde,full
5678,-1.2030334932386189,kde,full
5679,2.6260385551735075,kde,full
5680,1.9614897682487942,kde,full
5681,2.7854860618776227,kde,full
5682,2.3323829187041794,kde,full
5683,2.3459221168350286,kde,full
5684,2.9675151449463497,kde,full
5685,-1.0564401186971746,kde,full
5686,1.6570549392778648,kde,full
5687,2.784719860809418,kde,full
5688,2.839186345450737,kde,full
5689,2.476164557063369,kde,full
5690,-0.4745319356190795,kde,full
5691,2.514324220139276,kde,full
5692,-1.0566280351322357,kde,full
5693,-0.6177493415201709,kde,full
5694,2.4473990327915143,kde,full
5695,6.17703391448249,kde,full
5696,2.040708895636185,kde,full
5697,2.3238045415681294,kde,full
5698,5.747517795478759,kde,full
5699,-0.40590963130390323,kde,full
5700,2.8739647032845554,kde,full
5701,1.753674345476582,kde,full
5702,2.6628956415983303,kde,full
5703,1.8363731517406443,kde,full
5704,2.21547739844753,kde,full
5705,2.6556301180393262,kde,full
5706,-1.1525907433493952,kde,full
5707,1.990339818432691,kde,full
5708,2.446311983386088,kde,full
5709,3.040629315341726,kde,full
5710,2.2227305470994896,kde,full
5711,-1.0995263605847614,kde,full
5712,2.24905852569247,kde,full
5713,-1.1804140657711002,kde,full
5714,-1.1178526940089317,kde,full
5715,1.532584907097711,kde,full
5716,3.216123660509477,kde,full
5717,1.7858942887891893,kde,full
5718,2.266466117317261,kde,full
5719,2.5214336028322046,kde,full
5720,-0.2877083915200043,kde,full
5721,2.6714993856145473,kde,full
5722,1.4996094745635102,kde,full
5723,2.6869105232786072,kde,full
5724,2.327910714235418,kde,full
5725,2.4473692894844223,kde,full
5726,2.862096036794028,kde,full
5727,-0.9715387012728001,kde,full
5728,1.4882064712915035,kde,full
5729,2.450709559771048,kde,full
5730,2.956659097206467,kde,full
5731,2.2755798477810774,kde,full
5732,-0.7654423956299069,kde,full
5733,2.156355134978815,kde,full
5734,-1.2130600054609617,kde,full
5735,-0.7475805727084844,kde,full
5736,1.1880864160610813,kde,full
5737,7.201471577743691,kde,full
5738,1.730542347573841,kde,full
5739,2.2416682332559725,kde,full
5740,7.496442638212885,kde,full
5741,1.5618569579919916,kde,full
5742,2.910328908966046,kde,full
5743,1.4988362893254217,kde,full
5744,2.663552137681427,kde,full
5745,2.1487881967311986,kde,full
5746,-1.1516397383880188,kde,full
5747,1.6183151018133755,kde,full
5748,2.4225354185332266,kde,full
5749,3.46021476054459,kde,full
5750,2.1403540179461666,kde,full
5751,-1.046852169831012,kde,full
5752,2.2242039433029386,kde,full
5753,-0.9520588404002597,kde,full
5754,-0.970627087444299,kde,full
5755,0.9473778085350173,kde,full
5756,3.9862455101485263,kde,full
5757,1.749121586141066,kde,full
5758,2.2469575262814883,kde,full
5759,2.110690085419842,kde,full
5760,2.7192347994747603,kde,full
5761,2.8745315065792414,kde,full
5762,1.5180617026089154,kde,full
5763,2.6279003474860287,kde,full
5764,2.317735067070471,kde,full
5765,-0.7505501462602842,kde,full
5766,1.5522866954997658,kde,full
5767,2.534863093772356,kde,full
5768,3.7980808117075435,kde,full
5769,1.8904320356716808,kde,full
5770,-0.8395170554735618,kde,full
5771,2.2281869246877277,kde,full
5772,-1.0358601195912607,kde,full
5773,-0.9003635256387218,kde,full
5774,1.073721980343117,kde,full
5775,3.2881401678457087,kde,full
5776,1.6657619194212319,kde,full
5777,2.653986054339267,kde,full
5778,2.5601322090311194,kde,full
5779,3.6693757079219402,kde,full
5780,2.93518749069051,kde,full
5781,1.5524011874070014,kde,full
5782,2.6163963320367465,kde,full
5783,1.901655312348416,kde,full
5784,-1.268199047611634,kde,full
5785,1.589620090194162,kde,full
5786,4.965305479534967,kde,full
5787,2.4351817586339566,kde,full
5788,4.938589334453283,kde,full
5789,2.215652671828101,kde,full
5790,-0.658337111605583,kde,full
5791,3.6488334871852355,kde,full
5792,-1.014520298163748,kde,full
5793,-0.8552742693666957,kde,full
5794,1.985936112944703,kde,full
5795,5.857029354630831,kde,full
5796,1.8169635493762748,kde,full
5797,2.541261873100894,kde,full
5798,1.5198785214565036,kde,full
5799,9.109166037163718,kde,full
5800,2.7672221143266342,kde,full
5801,1.994025253012996,kde,full
5802,3.0827414495507983,kde,full
5803,2.162090609874852,kde,full
5804,-0.9714905097007865,kde,full
5805,1.9574262886032625,kde,full
5806,3.3707419390690445,kde,full
5807,2.742802462486104,kde,full
5808,3.7695191349175805,kde,full
5809,2.4389888358801146,kde,full
5810,-0.6736446960912141,kde,full
5811,2.04021639881977,kde,full
5812,-1.1648398841880847,kde,full
5813,-1.052646532506853,kde,full
5814,1.580631780170242,kde,full
5815,2.8590210771600617,kde,full
5816,1.9416159804125175,kde,full
5817,2.1642089695591866,kde,full
5818,5.43010776777385,kde,full
5819,3.849879960693859,kde,full
5820,3.091703523359086,kde,full
5821,1.4614962440032828,kde,full
5822,2.3414537460494276,kde,full
5823,1.8096296727949412,kde,full
5824,-0.4957841522974745,kde,full
5825,1.8510502730898817,kde,full
5826,3.699093733084666,kde,full
